2026-09-27 15:25:18,474 INFO [STARTUP CHECK] INTERNAL_BOT_KEY is SET (length=64) — X-Internal-Auth header WILL be sent on every WordPress request.
2026-09-27 15:25:18,474 INFO 🚀 Computrabajo Argentina scraper — starting… (Ctrl+C to stop, safe to resume)
2026-09-27 15:25:18,476 DEBUG Starting new HTTPS connection (1): argentina.mimusjobs.com:443
2026-09-27 15:25:19,866 DEBUG https://argentina.mimusjobs.com:443 "GET /wp-json/wp/v2/job_listing_type?slug=full-time HTTP/1.1" 200 None
2026-09-27 15:25:20,787 DEBUG https://argentina.mimusjobs.com:443 "GET /wp-json/wp/v2/job_listing_type?slug=part-time HTTP/1.1" 200 None
2026-09-27 15:25:21,868 DEBUG https://argentina.mimusjobs.com:443 "GET /wp-json/wp/v2/job_listing_type?slug=contract HTTP/1.1" 200 None
2026-09-27 15:25:22,740 DEBUG https://argentina.mimusjobs.com:443 "GET /wp-json/wp/v2/job_listing_type?slug=temporary HTTP/1.1" 200 None
2026-09-27 15:25:23,403 DEBUG https://argentina.mimusjobs.com:443 "GET /wp-json/wp/v2/job_listing_type?slug=internship HTTP/1.1" 200 None
2026-09-27 15:25:24,453 DEBUG https://argentina.mimusjobs.com:443 "GET /wp-json/wp/v2/job_listing_type?slug=volunteer HTTP/1.1" 200 None
2026-09-27 15:25:24,453 INFO 📋 0 jobs already in tracker.
2026-09-27 15:25:24,453 INFO Fetching homepage: https://ar.computrabajo.com/
2026-09-27 15:25:24,454 DEBUG Starting new HTTPS connection (1): ar.computrabajo.com:443
2026-09-27 15:25:24,598 DEBUG https://ar.computrabajo.com:443 "GET / HTTP/1.1" 200 None
2026-09-27 15:25:24,628 INFO ✅ Homepage fetched cleanly (HTTP 200, 122,903 chars, no block signature detected).
2026-09-27 15:25:24,648 INFO 📝 Wrote ar_fetch_diagnostics.json — check this file first if locations are ever empty.
2026-09-27 15:25:24,654 INFO 📍 Found 48 location URLs via the div.lL container.
2026-09-27 15:25:24,654 INFO 📍 Found 48 location URLs on the homepage.
2026-09-27 15:25:24,654 DEBUG     [0] https://ar.computrabajo.com/empleos-en-capital-federal
2026-09-27 15:25:24,654 DEBUG     [1] https://ar.computrabajo.com/empleos-en-capital-federal-en-palermo
2026-09-27 15:25:24,654 DEBUG     [2] https://ar.computrabajo.com/empleos-en-capital-federal-en-san-nicolas
2026-09-27 15:25:24,655 DEBUG     [3] https://ar.computrabajo.com/empleos-en-capital-federal-en-monserrat
2026-09-27 15:25:24,655 DEBUG     [4] https://ar.computrabajo.com/empleos-en-buenos-aires-gba
2026-09-27 15:25:24,655 DEBUG     [5] https://ar.computrabajo.com/empleos-en-buenos-aires-gba-en-vicente-lopez
2026-09-27 15:25:24,655 DEBUG     [6] https://ar.computrabajo.com/empleos-en-buenos-aires-gba-en-san-martin
2026-09-27 15:25:24,655 DEBUG     [7] https://ar.computrabajo.com/empleos-en-buenos-aires-gba-en-tigre
2026-09-27 15:25:24,655 DEBUG     [8] https://ar.computrabajo.com/empleos-en-buenos-aires
2026-09-27 15:25:24,655 DEBUG     [9] https://ar.computrabajo.com/empleos-en-buenos-aires-en-pila
2026-09-27 15:25:24,655 DEBUG     [10] https://ar.computrabajo.com/empleos-en-buenos-aires-en-la-plata
2026-09-27 15:25:24,655 DEBUG     [11] https://ar.computrabajo.com/empleos-en-buenos-aires-en-3-de-febrero
2026-09-27 15:25:24,655 DEBUG     [12] https://ar.computrabajo.com/empleos-en-cordoba
2026-09-27 15:25:24,655 DEBUG     [13] https://ar.computrabajo.com/empleos-en-cordoba-en-capital
2026-09-27 15:25:24,655 DEBUG     [14] https://ar.computrabajo.com/empleos-en-cordoba-en-rio-cuarto
2026-09-27 15:25:24,655 DEBUG     [15] https://ar.computrabajo.com/empleos-en-cordoba-en-villa-carlos-paz
2026-09-27 15:25:24,655 DEBUG     [16] https://ar.computrabajo.com/empleos-en-santa-fe
2026-09-27 15:25:24,655 DEBUG     [17] https://ar.computrabajo.com/empleos-en-santa-fe-en-rosario
2026-09-27 15:25:24,655 DEBUG     [18] https://ar.computrabajo.com/empleos-en-santa-fe-en-capital
2026-09-27 15:25:24,655 DEBUG     [19] https://ar.computrabajo.com/empleos-en-santa-fe-en-rafaela
2026-09-27 15:25:24,655 DEBUG     [20] https://ar.computrabajo.com/empleos-en-mendoza
2026-09-27 15:25:24,655 DEBUG     [21] https://ar.computrabajo.com/empleos-en-mendoza-en-capital
2026-09-27 15:25:24,655 DEBUG     [22] https://ar.computrabajo.com/empleos-en-mendoza-en-godoy-cruz
2026-09-27 15:25:24,655 DEBUG     [23] https://ar.computrabajo.com/empleos-en-mendoza-en-lujan-de-cuyo
2026-09-27 15:25:24,655 DEBUG     [24] https://ar.computrabajo.com/empleos-en-tucuman
2026-09-27 15:25:24,655 DEBUG     [25] https://ar.computrabajo.com/empleos-en-tucuman-en-san-miguel-de-tucuman
2026-09-27 15:25:24,655 DEBUG     [26] https://ar.computrabajo.com/empleos-en-tucuman-en-yerba-buena
2026-09-27 15:25:24,655 DEBUG     [27] https://ar.computrabajo.com/empleos-en-tucuman-en-concepcion
2026-09-27 15:25:24,655 DEBUG     [28] https://ar.computrabajo.com/empleos-en-neuquen
2026-09-27 15:25:24,655 DEBUG     [29] https://ar.computrabajo.com/empleos-en-neuquen-en-capital
2026-09-27 15:25:24,655 DEBUG     [30] https://ar.computrabajo.com/empleos-en-neuquen-en-cipolletti
2026-09-27 15:25:24,655 DEBUG     [31] https://ar.computrabajo.com/empleos-en-neuquen-en-centenario
2026-09-27 15:25:24,655 DEBUG     [32] https://ar.computrabajo.com/empleos-en-salta
2026-09-27 15:25:24,655 DEBUG     [33] https://ar.computrabajo.com/empleos-en-salta-en-capital
2026-09-27 15:25:24,655 DEBUG     [34] https://ar.computrabajo.com/empleos-en-salta-en-oran
2026-09-27 15:25:24,655 DEBUG     [35] https://ar.computrabajo.com/empleos-en-salta-en-el-galpon
2026-09-27 15:25:24,655 DEBUG     [36] https://ar.computrabajo.com/empleos-en-misiones
2026-09-27 15:25:24,655 DEBUG     [37] https://ar.computrabajo.com/empleos-en-misiones-en-posadas
2026-09-27 15:25:24,655 DEBUG     [38] https://ar.computrabajo.com/empleos-en-misiones-en-pto.-iguazu
2026-09-27 15:25:24,655 DEBUG     [39] https://ar.computrabajo.com/empleos-en-misiones-en-iguazu
2026-09-27 15:25:24,655 DEBUG     [40] https://ar.computrabajo.com/empleos-en-chubut
2026-09-27 15:25:24,655 DEBUG     [41] https://ar.computrabajo.com/empleos-en-chubut-en-comodoro-rivadavia
2026-09-27 15:25:24,655 DEBUG     [42] https://ar.computrabajo.com/empleos-en-chubut-en-trelew
2026-09-27 15:25:24,655 DEBUG     [43] https://ar.computrabajo.com/empleos-en-chubut-en-pto.-madryn
2026-09-27 15:25:24,655 DEBUG     [44] https://ar.computrabajo.com/empleos-en-rio-negro
2026-09-27 15:25:24,655 DEBUG     [45] https://ar.computrabajo.com/empleos-en-rio-negro-en-bariloche
2026-09-27 15:25:24,655 DEBUG     [46] https://ar.computrabajo.com/empleos-en-rio-negro-en-cipolletti
2026-09-27 15:25:24,655 DEBUG     [47] https://ar.computrabajo.com/empleos-en-rio-negro-en-gral.-roca
2026-09-27 15:25:24,655 INFO 🚀 Starting Computrabajo Argentina scrape across 48 locations, resuming at location #0 (https://ar.computrabajo.com/empleos-en-capital-federal), page 1.
2026-09-27 15:25:24,655 INFO Fetching listing page 1: https://ar.computrabajo.com/empleos-en-capital-federal
2026-09-27 15:25:24,746 DEBUG https://ar.computrabajo.com:443 "GET /empleos-en-capital-federal HTTP/1.1" 200 None
2026-09-27 15:25:24,778 DEBUG     GET https://ar.computrabajo.com/empleos-en-capital-federal → HTTP 200 (332,785 chars)
2026-09-27 15:25:24,834 INFO Found 20 job URLs on page 1
2026-09-27 15:25:24,834 DEBUG     job 1: https://ar.computrabajo.com/ofertas-de-trabajo/oferta-de-trabajo-de-encargado-de-local-reconocida-cadena-gastronomica-en-belgrano-ECB48A908738352061373E686DCF3405
2026-09-27 15:25:24,834 DEBUG     job 2: https://ar.computrabajo.com/ofertas-de-trabajo/oferta-de-trabajo-de-telemarketer-ventas-turno-tarde-en-san-nicolas-F5A1005535172B4F61373E686DCF3405
2026-09-27 15:25:24,834 DEBUG     job 3: https://ar.computrabajo.com/ofertas-de-trabajo/oferta-de-trabajo-de-tecnico-electronico-para-mostrador-rubro-componentes-electronicos-caba-centro-en-balvanera-AF77F58E04602BCD61373E686DCF3405
2026-09-27 15:25:24,834 DEBUG     job 4: https://ar.computrabajo.com/ofertas-de-trabajo/oferta-de-trabajo-de-recepcionista-req213114-en-retiro-A1B9B785A9EB6DB361373E686DCF3405
2026-09-27 15:25:24,834 DEBUG     job 5: https://ar.computrabajo.com/ofertas-de-trabajo/oferta-de-trabajo-de-power-platform-administrator--ai-copilot-governance-specialist-team-lead-en-san-nicolas-2360AAD81598D28E61373E686DCF3405
2026-09-27 15:25:24,834 DEBUG     job 6: https://ar.computrabajo.com/ofertas-de-trabajo/oferta-de-trabajo-de-responsable-de-cocina-especializado-en-parrilla-en-palermo-5C1ED6B6C3FFB7F461373E686DCF3405
2026-09-27 15:25:24,834 DEBUG     job 7: https://ar.computrabajo.com/ofertas-de-trabajo/oferta-de-trabajo-de-jefe-de-cocina-caba-gba-oeste-en-palermo-695629763E6B96D561373E686DCF3405
2026-09-27 15:25:24,834 DEBUG     job 8: https://ar.computrabajo.com/ofertas-de-trabajo/oferta-de-trabajo-de-analista-ssr-de-administracion-de-personal-cadena-lider-de-peluquerias-profesionales-en-recoleta-252817246820B6F961373E686DCF3405
2026-09-27 15:25:24,834 DEBUG     job 9: https://ar.computrabajo.com/ofertas-de-trabajo/oferta-de-trabajo-de-ayudantes-de-cocina-importante-cadena-gastronomica-en-palermo-5F1E6F6CCBD9FB9561373E686DCF3405
2026-09-27 15:25:24,834 DEBUG     job 10: https://ar.computrabajo.com/ofertas-de-trabajo/oferta-de-trabajo-de-camarerao-caba-importante-cadena-gastronomica-en-caballito-211B9089B6BCC98461373E686DCF3405
2026-09-27 15:25:24,834 DEBUG     job 11: https://ar.computrabajo.com/ofertas-de-trabajo/oferta-de-trabajo-de-jefe-de-pasteleria-importante-centro-de-produccion-en-villa-crespo-1EC7AD9D6F76712E61373E686DCF3405
2026-09-27 15:25:24,835 DEBUG     job 12: https://ar.computrabajo.com/ofertas-de-trabajo/oferta-de-trabajo-de-bachero-caba-importante-empresa-gastronomica-en-villa-devoto-A1B15E3CA74105A261373E686DCF3405
2026-09-27 15:25:24,835 DEBUG     job 13: https://ar.computrabajo.com/ofertas-de-trabajo/oferta-de-trabajo-de-supervisor-de-locales-importante-empresa-gastronomica-en-palermo-C3AA3CEF1FE2287061373E686DCF3405
2026-09-27 15:25:24,835 DEBUG     job 14: https://ar.computrabajo.com/ofertas-de-trabajo/oferta-de-trabajo-de-pastelero--laminador-caba-importante-empresa-gastronomica-en-villa-devoto-6FE43D2447FDFA6D61373E686DCF3405
2026-09-27 15:25:24,835 DEBUG     job 15: https://ar.computrabajo.com/ofertas-de-trabajo/oferta-de-trabajo-de-chef-de-turno-importante-cadena-gastronomica-reconocida-cadena-gastronomica-en-palermo-7255527C0EC0F19D61373E686DCF3405
2026-09-27 15:25:24,835 DEBUG     job 16: https://ar.computrabajo.com/ofertas-de-trabajo/oferta-de-trabajo-de-supervisor-de-franquicias-reconocida-cadena-gastronomica-en-palermo-B272A2E6FE99366A61373E686DCF3405
2026-09-27 15:25:24,835 DEBUG     job 17: https://ar.computrabajo.com/ofertas-de-trabajo/oferta-de-trabajo-de-gerente-de-local-importante-grupo-gastronomico-en-palermo-740B67CA8C0C136861373E686DCF3405
2026-09-27 15:25:24,835 DEBUG     job 18: https://ar.computrabajo.com/ofertas-de-trabajo/oferta-de-trabajo-de-telemarketer-venta-de-seguros-turno-tarde-en-monserrat-4C9F98999A2CCA1161373E686DCF3405
2026-09-27 15:25:24,835 DEBUG     job 19: https://ar.computrabajo.com/ofertas-de-trabajo/oferta-de-trabajo-de-product-owner-orientacion-en-marketing-ingles-avanzado-en-san-nicolas-7E987C1E7127E27C61373E686DCF3405
2026-09-27 15:25:24,835 DEBUG     job 20: https://ar.computrabajo.com/ofertas-de-trabajo/oferta-de-trabajo-de-administrativoa-contable-villa-devoto-en-villa-devoto-83E4C63AC5FE977961373E686DCF3405
2026-09-27 15:25:24,835 INFO ── https://ar.computrabajo.com/empleos-en-capital-federal | page 1 | job 1/20: https://ar.computrabajo.com/ofertas-de-trabajo/oferta-de-trabajo-de-encargado-de-local-reconocida-cadena-gastronomica-en-belgrano-ECB48A908738352061373E686DCF3405
2026-09-27 15:25:24,928 DEBUG https://ar.computrabajo.com:443 "GET /ofertas-de-trabajo/oferta-de-trabajo-de-encargado-de-local-reconocida-cadena-gastronomica-en-belgrano-ECB48A908738352061373E686DCF3405 HTTP/1.1" 200 None
2026-09-27 15:25:24,956 DEBUG     GET https://ar.computrabajo.com/ofertas-de-trabajo/oferta-de-trabajo-de-encargado-de-local-reconocida-cadena-gastronomica-en-belgrano-ECB48A908738352061373E686DCF3405 → HTTP 200 (158,688 chars)
2026-09-27 15:25:25,077 INFO     ┌─ SCRAPED JOB ─────────────────────────────────────────
    │ URL          : https://ar.computrabajo.com/ofertas-de-trabajo/oferta-de-trabajo-de-encargado-de-local-reconocida-cadena-gastronomica-en-belgrano-ECB48A908738352061373E686DCF3405
    │ Title        : Encargado de Local - Reconocida Cadena Gastronómica
    │ Company      : Umano HR
    │ Location     : Belgrano, Capital Federal
    │ Job type     : full-time
    │ Salary       : (not listed)
    │ Industry     : RRHH / Personal
    │ Date posted  : 2026-09-27
    │ Deadline     : 2026-11-26
    │ External ID  : E63AD01E298E3525
    │ Description  : Nuestro Cliente, reconocida Cadena Gastronómica incorporará a su equipo un/a Encargado/a de Local Serán sus principales funciones: - Organizar, dirigir, supervisar, planificar y coordinar el conjunto …
    └───────────────────────────────────────────────────────
2026-09-27 15:25:25,957 DEBUG https://argentina.mimusjobs.com:443 "GET /wp-json/wp/v2/companies?slug=umano-hr HTTP/1.1" 200 None
2026-09-27 15:25:25,957 INFO ⏭ Company exists: Umano HR
2026-09-27 15:25:26,614 DEBUG https://argentina.mimusjobs.com:443 "GET /wp-json/wp/v2/job-listings?slug=encargado-de-local---reconocida-cadena-gastron-mica HTTP/1.1" 200 None
2026-09-27 15:25:26,615 DEBUG Starting new HTTPS connection (1): ii.ct-stc.com:443
2026-09-27 15:25:26,707 DEBUG https://ii.ct-stc.com:443 "GET /5/logos/empresas/2023/02/23/f9283b510842450ebb34224112372thumbnail.jpg HTTP/1.1" 200 2888
2026-09-27 15:25:27,764 DEBUG https://argentina.mimusjobs.com:443 "POST /wp-json/wp/v2/media HTTP/1.1" 201 None
2026-09-27 15:25:28,443 DEBUG https://argentina.mimusjobs.com:443 "GET /wp-json/wp/v2/job_listing_region?slug=belgrano--capital-federal HTTP/1.1" 200 None
2026-09-27 15:25:29,584 DEBUG https://argentina.mimusjobs.com:443 "POST /wp-json/wp/v2/job-listings HTTP/1.1" 201 None
2026-09-27 15:25:29,584 INFO ✅ Job posted: 'Encargado de Local - Reconocida Cadena Gastronómica' → WP ID 34983
2026-09-27 15:25:29,584 INFO ✅ SUCCESS — 'Encargado de Local - Reconocida Cadena Gastronómica' → WP ID=34983 🔗 https://argentina.mimusjobs.com/job/encargado-de-local-reconocida-cadena-gastronomica-4/
2026-09-27 15:25:30,584 INFO ── https://ar.computrabajo.com/empleos-en-capital-federal | page 1 | job 2/20: https://ar.computrabajo.com/ofertas-de-trabajo/oferta-de-trabajo-de-telemarketer-ventas-turno-tarde-en-san-nicolas-F5A1005535172B4F61373E686DCF3405
2026-09-27 15:25:30,663 DEBUG https://ar.computrabajo.com:443 "GET /ofertas-de-trabajo/oferta-de-trabajo-de-telemarketer-ventas-turno-tarde-en-san-nicolas-F5A1005535172B4F61373E686DCF3405 HTTP/1.1" 200 None
2026-09-27 15:25:30,666 DEBUG     GET https://ar.computrabajo.com/ofertas-de-trabajo/oferta-de-trabajo-de-telemarketer-ventas-turno-tarde-en-san-nicolas-F5A1005535172B4F61373E686DCF3405 → HTTP 200 (167,604 chars)
2026-09-27 15:25:30,688 INFO     ┌─ SCRAPED JOB ─────────────────────────────────────────
    │ URL          : https://ar.computrabajo.com/ofertas-de-trabajo/oferta-de-trabajo-de-telemarketer-ventas-turno-tarde-en-san-nicolas-F5A1005535172B4F61373E686DCF3405
    │ Title        : Telemarketer Ventas - Turno Tarde
    │ Company      : Cat-Technologies
    │ Location     : San Nicolás, Capital Federal
    │ Job type     : temporary
    │ Salary       : (not listed)
    │ Industry     : Venta al consumidor
    │ Date posted  : 2026-08-03
    │ Deadline     : 2026-10-02
    │ External ID  : 58F854C3E51E13A4
    │ Description  : Si sos una persona proactiva y con vocación de servicio, te proponemos ser parte de una empresa líder en el mercado con más de 3000 colaboradores. Estamos buscando Telemarketers con actitud comercial …
    └───────────────────────────────────────────────────────
2026-09-27 15:25:31,407 DEBUG https://argentina.mimusjobs.com:443 "GET /wp-json/wp/v2/companies?slug=cat-technologies HTTP/1.1" 200 None
2026-09-27 15:25:31,407 INFO ⏭ Company exists: Cat-Technologies
2026-09-27 15:25:32,161 DEBUG https://argentina.mimusjobs.com:443 "GET /wp-json/wp/v2/job-listings?slug=telemarketer-ventas---turno-tarde HTTP/1.1" 200 None
2026-09-27 15:25:32,162 INFO ⏭ Job already on WP: Telemarketer Ventas - Turno Tarde
2026-09-27 15:25:32,162 INFO ✅ SUCCESS — 'Telemarketer Ventas - Turno Tarde' → WP ID=22107 🔗 https://argentina.mimusjobs.com/job/telemarketer-ventas-turno-tarde/
2026-09-27 15:25:33,162 INFO ── https://ar.computrabajo.com/empleos-en-capital-federal | page 1 | job 3/20: https://ar.computrabajo.com/ofertas-de-trabajo/oferta-de-trabajo-de-tecnico-electronico-para-mostrador-rubro-componentes-electronicos-caba-centro-en-balvanera-AF77F58E04602BCD61373E686DCF3405
2026-09-27 15:25:33,250 DEBUG https://ar.computrabajo.com:443 "GET /ofertas-de-trabajo/oferta-de-trabajo-de-tecnico-electronico-para-mostrador-rubro-componentes-electronicos-caba-centro-en-balvanera-AF77F58E04602BCD61373E686DCF3405 HTTP/1.1" 200 None
2026-09-27 15:25:33,253 DEBUG     GET https://ar.computrabajo.com/ofertas-de-trabajo/oferta-de-trabajo-de-tecnico-electronico-para-mostrador-rubro-componentes-electronicos-caba-centro-en-balvanera-AF77F58E04602BCD61373E686DCF3405 → HTTP 200 (176,046 chars)
2026-09-27 15:25:33,290 INFO     ┌─ SCRAPED JOB ─────────────────────────────────────────
    │ URL          : https://ar.computrabajo.com/ofertas-de-trabajo/oferta-de-trabajo-de-tecnico-electronico-para-mostrador-rubro-componentes-electronicos-caba-centro-en-balvanera-AF77F58E04602BCD61373E686DCF3405
    │ Title        : Tecnico Electronico para Mostrador - Rubro Componentes Electrónicos / CABA Centro
    │ Company      : ADN - Recursos Humanos
    │ Location     : Balvanera, Capital Federal
    │ Job type     : full-time
    │ Salary       : (not listed)
    │ Industry     : RRHH / Personal
    │ Date posted  : 2026-09-03
    │ Deadline     : 2026-11-02
    │ External ID  : 83C9514433EC04CD
    │ Description  : Desde ADN Recursos Humanos nos encontramos en la búsqueda de un Vendedor de Salón – Rubro Componentes Electrónicos para incorporarse a una importante empresa ubicada en CABA Centro. Nos orientamos a p…
    └───────────────────────────────────────────────────────
2026-09-27 15:25:34,238 DEBUG https://argentina.mimusjobs.com:443 "GET /wp-json/wp/v2/companies?slug=adn---recursos-humanos HTTP/1.1" 200 None
2026-09-27 15:25:34,238 INFO ⏭ Company exists: ADN - Recursos Humanos
2026-09-27 15:25:35,122 DEBUG https://argentina.mimusjobs.com:443 "GET /wp-json/wp/v2/job-listings?slug=tecnico-electronico-para-mostrador---rubro-componentes-electr-nicos---caba-centr HTTP/1.1" 200 None
2026-09-27 15:25:35,134 DEBUG https://ii.ct-stc.com:443 "GET /5/logos/empresas/2018/03/19//adn202047thumbnail.jpeg HTTP/1.1" 200 5285
2026-09-27 15:25:36,426 DEBUG https://argentina.mimusjobs.com:443 "POST /wp-json/wp/v2/media HTTP/1.1" 201 None
2026-09-27 15:25:37,529 DEBUG https://argentina.mimusjobs.com:443 "GET /wp-json/wp/v2/job_listing_region?slug=balvanera--capital-federal HTTP/1.1" 200 None
2026-09-27 15:25:38,495 DEBUG https://argentina.mimusjobs.com:443 "POST /wp-json/wp/v2/job-listings HTTP/1.1" 201 None
2026-09-27 15:25:38,496 INFO ✅ Job posted: 'Tecnico Electronico para Mostrador - Rubro Componentes Electrónicos / CABA Centro' → WP ID 34985
2026-09-27 15:25:38,496 INFO ✅ SUCCESS — 'Tecnico Electronico para Mostrador - Rubro Componentes Electrónicos / CABA Centro' → WP ID=34985 🔗 https://argentina.mimusjobs.com/job/tecnico-electronico-para-mostrador-rubro-componentes-electronicos-caba-centro-4/
2026-09-27 15:25:39,496 INFO ── https://ar.computrabajo.com/empleos-en-capital-federal | page 1 | job 4/20: https://ar.computrabajo.com/ofertas-de-trabajo/oferta-de-trabajo-de-recepcionista-req213114-en-retiro-A1B9B785A9EB6DB361373E686DCF3405
2026-09-27 15:25:39,570 DEBUG https://ar.computrabajo.com:443 "GET /ofertas-de-trabajo/oferta-de-trabajo-de-recepcionista-req213114-en-retiro-A1B9B785A9EB6DB361373E686DCF3405 HTTP/1.1" 200 None
2026-09-27 15:25:39,573 DEBUG     GET https://ar.computrabajo.com/ofertas-de-trabajo/oferta-de-trabajo-de-recepcionista-req213114-en-retiro-A1B9B785A9EB6DB361373E686DCF3405 → HTTP 200 (173,943 chars)
2026-09-27 15:25:39,597 INFO     ┌─ SCRAPED JOB ─────────────────────────────────────────
    │ URL          : https://ar.computrabajo.com/ofertas-de-trabajo/oferta-de-trabajo-de-recepcionista-req213114-en-retiro-A1B9B785A9EB6DB361373E686DCF3405
    │ Title        : Recepcionista (req213114)
    │ Company      : ManpowerGroup
    │ Location     : Retiro, Capital Federal
    │ Job type     : full-time
    │ Salary       : (not listed)
    │ Industry     : RRHH / Personal
    │ Date posted  : 2026-09-11
    │ Deadline     : 2026-11-10
    │ External ID  : 952783DB644957D2
    │ Description  : ¡Tenemos una oportunidad para vos!
Desde ManpowerGroup nos encontramos en la búsqueda de Recepcionista con inglés intermedio para incorporarse a una importante empresa ubicada en Vicente Lopez del sec…
    └───────────────────────────────────────────────────────
2026-09-27 15:25:40,413 DEBUG https://argentina.mimusjobs.com:443 "GET /wp-json/wp/v2/companies?slug=manpowergroup HTTP/1.1" 200 None
2026-09-27 15:25:40,414 INFO ⏭ Company exists: ManpowerGroup
2026-09-27 15:25:41,293 DEBUG https://argentina.mimusjobs.com:443 "GET /wp-json/wp/v2/job-listings?slug=recepcionista--req213114- HTTP/1.1" 200 None
2026-09-27 15:25:41,293 INFO ⏭ Job already on WP: Recepcionista (req213114)
2026-09-27 15:25:41,294 INFO ✅ SUCCESS — 'Recepcionista (req213114)' → WP ID=22122 🔗 https://argentina.mimusjobs.com/job/recepcionista-req213114/
2026-09-27 15:25:42,294 INFO ── https://ar.computrabajo.com/empleos-en-capital-federal | page 1 | job 5/20: https://ar.computrabajo.com/ofertas-de-trabajo/oferta-de-trabajo-de-power-platform-administrator--ai-copilot-governance-specialist-team-lead-en-san-nicolas-2360AAD81598D28E61373E686DCF3405
2026-09-27 15:25:42,368 DEBUG https://ar.computrabajo.com:443 "GET /ofertas-de-trabajo/oferta-de-trabajo-de-power-platform-administrator--ai-copilot-governance-specialist-team-lead-en-san-nicolas-2360AAD81598D28E61373E686DCF3405 HTTP/1.1" 200 None
2026-09-27 15:25:42,371 DEBUG     GET https://ar.computrabajo.com/ofertas-de-trabajo/oferta-de-trabajo-de-power-platform-administrator--ai-copilot-governance-specialist-team-lead-en-san-nicolas-2360AAD81598D28E61373E686DCF3405 → HTTP 200 (184,702 chars)
2026-09-27 15:25:42,397 INFO     ┌─ SCRAPED JOB ─────────────────────────────────────────
    │ URL          : https://ar.computrabajo.com/ofertas-de-trabajo/oferta-de-trabajo-de-power-platform-administrator--ai-copilot-governance-specialist-team-lead-en-san-nicolas-2360AAD81598D28E61373E686DCF3405
    │ Title        : Power Platform Administrator / AI Copilot Governance Specialist – Team Lead
    │ Company      : C&S informática s.a.
    │ Location     : San Nicolás, Capital Federal
    │ Job type     : full-time
    │ Salary       : 2000 ARS
    │ Industry     : Informática / Software
    │ Date posted  : 2026-08-10
    │ Deadline     : 2026-10-09
    │ External ID  : 32E96FB614994708
    │ Description  : Acerca de C&S
Somos una empresa de más de 160 profesionales, consolidada hace 40 años en el mercado. Brindamos servicios de Desarrollo de Software, Talent Outsourcing y Consultoría IT. Contamos con ce…
    └───────────────────────────────────────────────────────
2026-09-27 15:25:43,580 DEBUG https://argentina.mimusjobs.com:443 "GET /wp-json/wp/v2/companies?slug=c-s-inform-tica-s-a- HTTP/1.1" 200 None
2026-09-27 15:25:43,592 DEBUG https://ii.ct-stc.com:443 "GET /5/logos/empresas/2016/05/26/cs-informatica-sa-32E96FB614994708thumbnail.png HTTP/1.1" 200 4294
2026-09-27 15:25:44,570 DEBUG https://argentina.mimusjobs.com:443 "POST /wp-json/wp/v2/media HTTP/1.1" 201 None
2026-09-27 15:25:46,001 DEBUG https://argentina.mimusjobs.com:443 "POST /wp-json/wp/v2/companies HTTP/1.1" 201 None
2026-09-27 15:25:46,002 INFO ✅ Company posted: C&S informática s.a. → ID 34987
2026-09-27 15:25:46,687 DEBUG https://argentina.mimusjobs.com:443 "GET /wp-json/wp/v2/job-listings?slug=power-platform-administrator---ai-copilot-governance-specialist---team-lead HTTP/1.1" 200 None
2026-09-27 15:25:46,687 INFO ⏭ Job already on WP: Power Platform Administrator / AI Copilot Governance Specialist – Team Lead
2026-09-27 15:25:46,687 INFO ✅ SUCCESS — 'Power Platform Administrator / AI Copilot Governance Specialist – Team Lead' → WP ID=9868 🔗 https://argentina.mimusjobs.com/job/power-platform-administrator-ai-copilot-governance-specialist-team-lead/
2026-09-27 15:25:47,687 INFO ── https://ar.computrabajo.com/empleos-en-capital-federal | page 1 | job 6/20: https://ar.computrabajo.com/ofertas-de-trabajo/oferta-de-trabajo-de-responsable-de-cocina-especializado-en-parrilla-en-palermo-5C1ED6B6C3FFB7F461373E686DCF3405
2026-09-27 15:25:47,767 DEBUG https://ar.computrabajo.com:443 "GET /ofertas-de-trabajo/oferta-de-trabajo-de-responsable-de-cocina-especializado-en-parrilla-en-palermo-5C1ED6B6C3FFB7F461373E686DCF3405 HTTP/1.1" 200 None
2026-09-27 15:25:47,769 DEBUG     GET https://ar.computrabajo.com/ofertas-de-trabajo/oferta-de-trabajo-de-responsable-de-cocina-especializado-en-parrilla-en-palermo-5C1ED6B6C3FFB7F461373E686DCF3405 → HTTP 200 (160,655 chars)
2026-09-27 15:25:47,789 INFO     ┌─ SCRAPED JOB ─────────────────────────────────────────
    │ URL          : https://ar.computrabajo.com/ofertas-de-trabajo/oferta-de-trabajo-de-responsable-de-cocina-especializado-en-parrilla-en-palermo-5C1ED6B6C3FFB7F461373E686DCF3405
    │ Title        : Responsable de Cocina - Especializado en Parrilla
    │ Company      : Umano HR
    │ Location     : Palermo, Capital Federal
    │ Job type     : full-time
    │ Salary       : (not listed)
    │ Industry     : RRHH / Personal
    │ Date posted  : 2026-08-21
    │ Deadline     : 2026-10-20
    │ External ID  : E63AD01E298E3525
    │ Description  : ÚNETE A NUESTRO EQUIPO! – Buscamos un Responsable de Cocina especializado en Parrilla para Zona de Palermo - CABA. Importante Empresa Gastronómica se encuentra en la búsqueda de un Responsable de Coci…
    └───────────────────────────────────────────────────────
2026-09-27 15:25:48,480 DEBUG https://argentina.mimusjobs.com:443 "GET /wp-json/wp/v2/companies?slug=umano-hr HTTP/1.1" 200 None
2026-09-27 15:25:48,481 INFO ⏭ Company exists: Umano HR
2026-09-27 15:25:49,435 DEBUG https://argentina.mimusjobs.com:443 "GET /wp-json/wp/v2/job-listings?slug=responsable-de-cocina---especializado-en-parrilla HTTP/1.1" 200 None
2026-09-27 15:25:49,435 INFO ⏭ Job already on WP: Responsable de Cocina - Especializado en Parrilla
2026-09-27 15:25:49,435 INFO ✅ SUCCESS — 'Responsable de Cocina - Especializado en Parrilla' → WP ID=19273 🔗 https://argentina.mimusjobs.com/job/responsable-de-cocina-especializado-en-parrilla/
2026-09-27 15:25:50,436 INFO ── https://ar.computrabajo.com/empleos-en-capital-federal | page 1 | job 7/20: https://ar.computrabajo.com/ofertas-de-trabajo/oferta-de-trabajo-de-jefe-de-cocina-caba-gba-oeste-en-palermo-695629763E6B96D561373E686DCF3405
2026-09-27 15:25:50,512 DEBUG https://ar.computrabajo.com:443 "GET /ofertas-de-trabajo/oferta-de-trabajo-de-jefe-de-cocina-caba-gba-oeste-en-palermo-695629763E6B96D561373E686DCF3405 HTTP/1.1" 200 None
2026-09-27 15:25:50,514 DEBUG     GET https://ar.computrabajo.com/ofertas-de-trabajo/oferta-de-trabajo-de-jefe-de-cocina-caba-gba-oeste-en-palermo-695629763E6B96D561373E686DCF3405 → HTTP 200 (159,961 chars)
2026-09-27 15:25:50,533 INFO     ┌─ SCRAPED JOB ─────────────────────────────────────────
    │ URL          : https://ar.computrabajo.com/ofertas-de-trabajo/oferta-de-trabajo-de-jefe-de-cocina-caba-gba-oeste-en-palermo-695629763E6B96D561373E686DCF3405
    │ Title        : Jefe de Cocina - CABA / GBA Oeste
    │ Company      : Umano HR
    │ Location     : Palermo, Capital Federal
    │ Job type     : full-time
    │ Salary       : (not listed)
    │ Industry     : RRHH / Personal
    │ Date posted  : 2026-09-01
    │ Deadline     : 2026-10-31
    │ External ID  : E63AD01E298E3525
    │ Description  : ¡ÚNETE A NUESTRO EQUIPO! Importante Restaurante en CABA busca Jefe/a de Cocina. Estamos en búsqueda de un profesional gastronómico para liderar la cocina de una importante Cadena Gastronómica. El cand…
    └───────────────────────────────────────────────────────
2026-09-27 15:25:51,316 DEBUG https://argentina.mimusjobs.com:443 "GET /wp-json/wp/v2/companies?slug=umano-hr HTTP/1.1" 200 None
2026-09-27 15:25:51,316 INFO ⏭ Company exists: Umano HR
2026-09-27 15:25:51,948 DEBUG https://argentina.mimusjobs.com:443 "GET /wp-json/wp/v2/job-listings?slug=jefe-de-cocina---caba---gba-oeste HTTP/1.1" 200 None
2026-09-27 15:25:51,948 INFO ⏭ Job already on WP: Jefe de Cocina - CABA / GBA Oeste
2026-09-27 15:25:51,948 INFO ✅ SUCCESS — 'Jefe de Cocina - CABA / GBA Oeste' → WP ID=19269 🔗 https://argentina.mimusjobs.com/job/jefe-de-cocina-caba-gba-oeste/
2026-09-27 15:25:52,948 INFO ── https://ar.computrabajo.com/empleos-en-capital-federal | page 1 | job 8/20: https://ar.computrabajo.com/ofertas-de-trabajo/oferta-de-trabajo-de-analista-ssr-de-administracion-de-personal-cadena-lider-de-peluquerias-profesionales-en-recoleta-252817246820B6F961373E686DCF3405
2026-09-27 15:25:53,030 DEBUG https://ar.computrabajo.com:443 "GET /ofertas-de-trabajo/oferta-de-trabajo-de-analista-ssr-de-administracion-de-personal-cadena-lider-de-peluquerias-profesionales-en-recoleta-252817246820B6F961373E686DCF3405 HTTP/1.1" 200 None
2026-09-27 15:25:53,058 DEBUG     GET https://ar.computrabajo.com/ofertas-de-trabajo/oferta-de-trabajo-de-analista-ssr-de-administracion-de-personal-cadena-lider-de-peluquerias-profesionales-en-recoleta-252817246820B6F961373E686DCF3405 → HTTP 200 (162,785 chars)
2026-09-27 15:25:53,078 INFO     ┌─ SCRAPED JOB ─────────────────────────────────────────
    │ URL          : https://ar.computrabajo.com/ofertas-de-trabajo/oferta-de-trabajo-de-analista-ssr-de-administracion-de-personal-cadena-lider-de-peluquerias-profesionales-en-recoleta-252817246820B6F961373E686DCF3405
    │ Title        : Analista Ssr. de Administración de Personal - Cadena Lider de Peluquerías Profesionales
    │ Company      : Umano HR
    │ Location     : Recoleta, Capital Federal
    │ Job type     : full-time
    │ Salary       : (not listed)
    │ Industry     : RRHH / Personal
    │ Date posted  : 2026-09-03
    │ Deadline     : 2026-11-02
    │ External ID  : E63AD01E298E3525
    │ Description  : Analista Ssr. de Administración de Personal Para una cadena líder de peluquerías profesionales Nos encontramos en la búsqueda de un/a Analista Semi Senior de Administración de Personal para incorporar…
    └───────────────────────────────────────────────────────
2026-09-27 15:25:54,045 DEBUG https://argentina.mimusjobs.com:443 "GET /wp-json/wp/v2/companies?slug=umano-hr HTTP/1.1" 200 None
2026-09-27 15:25:54,045 INFO ⏭ Company exists: Umano HR
2026-09-27 15:25:54,974 DEBUG https://argentina.mimusjobs.com:443 "GET /wp-json/wp/v2/job-listings?slug=analista-ssr--de-administraci-n-de-personal---cadena-lider-de-peluquer-as-profes HTTP/1.1" 200 None
2026-09-27 15:25:54,986 DEBUG https://ii.ct-stc.com:443 "GET /5/logos/empresas/2023/02/23/f9283b510842450ebb34224112372thumbnail.jpg HTTP/1.1" 200 2888
2026-09-27 15:25:55,833 DEBUG https://argentina.mimusjobs.com:443 "POST /wp-json/wp/v2/media HTTP/1.1" 201 None
2026-09-27 15:25:56,851 DEBUG https://argentina.mimusjobs.com:443 "GET /wp-json/wp/v2/job_listing_region?slug=recoleta--capital-federal HTTP/1.1" 200 None
2026-09-27 15:25:58,539 DEBUG https://argentina.mimusjobs.com:443 "POST /wp-json/wp/v2/job-listings HTTP/1.1" 201 None
2026-09-27 15:25:58,540 INFO ✅ Job posted: 'Analista Ssr. de Administración de Personal - Cadena Lider de Peluquerías Profesionales' → WP ID 34989
2026-09-27 15:25:58,540 INFO ✅ SUCCESS — 'Analista Ssr. de Administración de Personal - Cadena Lider de Peluquerías Profesionales' → WP ID=34989 🔗 https://argentina.mimusjobs.com/job/analista-ssr-de-administracion-de-personal-cadena-lider-de-peluquerias-profesionales-4/
2026-09-27 15:25:59,540 INFO ── https://ar.computrabajo.com/empleos-en-capital-federal | page 1 | job 9/20: https://ar.computrabajo.com/ofertas-de-trabajo/oferta-de-trabajo-de-ayudantes-de-cocina-importante-cadena-gastronomica-en-palermo-5F1E6F6CCBD9FB9561373E686DCF3405
2026-09-27 15:25:59,620 DEBUG https://ar.computrabajo.com:443 "GET /ofertas-de-trabajo/oferta-de-trabajo-de-ayudantes-de-cocina-importante-cadena-gastronomica-en-palermo-5F1E6F6CCBD9FB9561373E686DCF3405 HTTP/1.1" 200 None
2026-09-27 15:25:59,623 DEBUG     GET https://ar.computrabajo.com/ofertas-de-trabajo/oferta-de-trabajo-de-ayudantes-de-cocina-importante-cadena-gastronomica-en-palermo-5F1E6F6CCBD9FB9561373E686DCF3405 → HTTP 200 (160,918 chars)
2026-09-27 15:25:59,643 INFO     ┌─ SCRAPED JOB ─────────────────────────────────────────
    │ URL          : https://ar.computrabajo.com/ofertas-de-trabajo/oferta-de-trabajo-de-ayudantes-de-cocina-importante-cadena-gastronomica-en-palermo-5F1E6F6CCBD9FB9561373E686DCF3405
    │ Title        : Ayudantes de Cocina - Importante Cadena Gastronómica.
    │ Company      : Umano HR
    │ Location     : Palermo, Capital Federal
    │ Job type     : full-time
    │ Salary       : (not listed)
    │ Industry     : RRHH / Personal
    │ Date posted  : 2026-09-06
    │ Deadline     : 2026-11-05
    │ External ID  : E63AD01E298E3525
    │ Description  : Nuestro cliente, una reconocida cadena gastronómica, está buscando incorporar Ayudantes de Cocina - Pastero para formar parte de su equipo, reportando directamente al Responsable de cocina de Turno. P…
    └───────────────────────────────────────────────────────
2026-09-27 15:26:00,550 DEBUG https://argentina.mimusjobs.com:443 "GET /wp-json/wp/v2/companies?slug=umano-hr HTTP/1.1" 200 None
2026-09-27 15:26:00,550 INFO ⏭ Company exists: Umano HR
2026-09-27 15:26:01,369 DEBUG https://argentina.mimusjobs.com:443 "GET /wp-json/wp/v2/job-listings?slug=ayudantes-de-cocina---importante-cadena-gastron-mica- HTTP/1.1" 200 None
2026-09-27 15:26:01,380 DEBUG https://ii.ct-stc.com:443 "GET /5/logos/empresas/2023/02/23/f9283b510842450ebb34224112372thumbnail.jpg HTTP/1.1" 200 2888
2026-09-27 15:26:02,439 DEBUG https://argentina.mimusjobs.com:443 "POST /wp-json/wp/v2/media HTTP/1.1" 201 None
2026-09-27 15:26:03,057 DEBUG https://argentina.mimusjobs.com:443 "GET /wp-json/wp/v2/job_listing_region?slug=palermo--capital-federal HTTP/1.1" 200 None
2026-09-27 15:26:04,430 DEBUG https://argentina.mimusjobs.com:443 "POST /wp-json/wp/v2/job-listings HTTP/1.1" 201 None
2026-09-27 15:26:04,430 INFO ✅ Job posted: 'Ayudantes de Cocina - Importante Cadena Gastronómica.' → WP ID 34991
2026-09-27 15:26:04,430 INFO ✅ SUCCESS — 'Ayudantes de Cocina - Importante Cadena Gastronómica.' → WP ID=34991 🔗 https://argentina.mimusjobs.com/job/ayudantes-de-cocina-importante-cadena-gastronomica-4/
2026-09-27 15:26:05,430 INFO ── https://ar.computrabajo.com/empleos-en-capital-federal | page 1 | job 10/20: https://ar.computrabajo.com/ofertas-de-trabajo/oferta-de-trabajo-de-camarerao-caba-importante-cadena-gastronomica-en-caballito-211B9089B6BCC98461373E686DCF3405
2026-09-27 15:26:05,521 DEBUG https://ar.computrabajo.com:443 "GET /ofertas-de-trabajo/oferta-de-trabajo-de-camarerao-caba-importante-cadena-gastronomica-en-caballito-211B9089B6BCC98461373E686DCF3405 HTTP/1.1" 200 None
2026-09-27 15:26:05,524 DEBUG     GET https://ar.computrabajo.com/ofertas-de-trabajo/oferta-de-trabajo-de-camarerao-caba-importante-cadena-gastronomica-en-caballito-211B9089B6BCC98461373E686DCF3405 → HTTP 200 (161,332 chars)
2026-09-27 15:26:05,544 INFO     ┌─ SCRAPED JOB ─────────────────────────────────────────
    │ URL          : https://ar.computrabajo.com/ofertas-de-trabajo/oferta-de-trabajo-de-camarerao-caba-importante-cadena-gastronomica-en-caballito-211B9089B6BCC98461373E686DCF3405
    │ Title        : Camarera/o CABA - Importante Cadena Gastronómica
    │ Company      : Umano HR
    │ Location     : Caballito, Capital Federal
    │ Job type     : full-time
    │ Salary       : (not listed)
    │ Industry     : RRHH / Personal
    │ Date posted  : 2026-09-08
    │ Deadline     : 2026-11-07
    │ External ID  : E63AD01E298E3525
    │ Description  : Nuestro cliente, una prestigiosa Cadena Gastronómica, incorporará Camareros/as para su local ubicado en Caballito (CABA). Buscamos profesionales del servicio con vocación por la hospitalidad y sólidos…
    └───────────────────────────────────────────────────────
2026-09-27 15:26:06,248 DEBUG https://argentina.mimusjobs.com:443 "GET /wp-json/wp/v2/companies?slug=umano-hr HTTP/1.1" 200 None
2026-09-27 15:26:06,249 INFO ⏭ Company exists: Umano HR
2026-09-27 15:26:06,977 DEBUG https://argentina.mimusjobs.com:443 "GET /wp-json/wp/v2/job-listings?slug=camarera-o-caba---importante-cadena-gastron-mica HTTP/1.1" 200 None
2026-09-27 15:26:06,988 DEBUG https://ii.ct-stc.com:443 "GET /5/logos/empresas/2023/02/23/f9283b510842450ebb34224112372thumbnail.jpg HTTP/1.1" 200 2888
2026-09-27 15:26:07,978 DEBUG https://argentina.mimusjobs.com:443 "POST /wp-json/wp/v2/media HTTP/1.1" 201 None
2026-09-27 15:26:09,565 DEBUG https://argentina.mimusjobs.com:443 "GET /wp-json/wp/v2/job_listing_region?slug=caballito--capital-federal HTTP/1.1" 200 None
2026-09-27 15:26:10,705 DEBUG https://argentina.mimusjobs.com:443 "POST /wp-json/wp/v2/job-listings HTTP/1.1" 201 None
2026-09-27 15:26:10,705 INFO ✅ Job posted: 'Camarera/o CABA - Importante Cadena Gastronómica' → WP ID 34993
2026-09-27 15:26:10,705 INFO ✅ SUCCESS — 'Camarera/o CABA - Importante Cadena Gastronómica' → WP ID=34993 🔗 https://argentina.mimusjobs.com/job/camarera-o-caba-importante-cadena-gastronomica-4/
2026-09-27 15:26:11,705 INFO ── https://ar.computrabajo.com/empleos-en-capital-federal | page 1 | job 11/20: https://ar.computrabajo.com/ofertas-de-trabajo/oferta-de-trabajo-de-jefe-de-pasteleria-importante-centro-de-produccion-en-villa-crespo-1EC7AD9D6F76712E61373E686DCF3405
2026-09-27 15:26:11,790 DEBUG https://ar.computrabajo.com:443 "GET /ofertas-de-trabajo/oferta-de-trabajo-de-jefe-de-pasteleria-importante-centro-de-produccion-en-villa-crespo-1EC7AD9D6F76712E61373E686DCF3405 HTTP/1.1" 200 None
2026-09-27 15:26:11,793 DEBUG     GET https://ar.computrabajo.com/ofertas-de-trabajo/oferta-de-trabajo-de-jefe-de-pasteleria-importante-centro-de-produccion-en-villa-crespo-1EC7AD9D6F76712E61373E686DCF3405 → HTTP 200 (161,741 chars)
2026-09-27 15:26:11,812 INFO     ┌─ SCRAPED JOB ─────────────────────────────────────────
    │ URL          : https://ar.computrabajo.com/ofertas-de-trabajo/oferta-de-trabajo-de-jefe-de-pasteleria-importante-centro-de-produccion-en-villa-crespo-1EC7AD9D6F76712E61373E686DCF3405
    │ Title        : Jefe de Pastelería - Importante Centro de Producción
    │ Company      : Umano HR
    │ Location     : Villa Crespo, Capital Federal
    │ Job type     : full-time
    │ Salary       : (not listed)
    │ Industry     : RRHH / Personal
    │ Date posted  : 2026-09-11
    │ Deadline     : 2026-11-10
    │ External ID  : E63AD01E298E3525
    │ Description  : Nuestro cliente incorporará a su equipo un “Jefe de Pastelería” para Centro de Producción que reportara al Director de la compañía. El puesto será responsable de supervisar la producción y coordinar t…
    └───────────────────────────────────────────────────────
2026-09-27 15:26:12,952 DEBUG https://argentina.mimusjobs.com:443 "GET /wp-json/wp/v2/companies?slug=umano-hr HTTP/1.1" 200 None
2026-09-27 15:26:12,952 INFO ⏭ Company exists: Umano HR
2026-09-27 15:26:14,460 DEBUG https://argentina.mimusjobs.com:443 "GET /wp-json/wp/v2/job-listings?slug=jefe-de-pasteler-a---importante-centro-de-producci-n HTTP/1.1" 200 None
2026-09-27 15:26:14,470 DEBUG https://ii.ct-stc.com:443 "GET /5/logos/empresas/2023/02/23/f9283b510842450ebb34224112372thumbnail.jpg HTTP/1.1" 200 2888
2026-09-27 15:26:15,677 DEBUG https://argentina.mimusjobs.com:443 "POST /wp-json/wp/v2/media HTTP/1.1" 201 None
2026-09-27 15:26:16,266 DEBUG https://argentina.mimusjobs.com:443 "GET /wp-json/wp/v2/job_listing_region?slug=villa-crespo--capital-federal HTTP/1.1" 200 None
2026-09-27 15:26:17,215 DEBUG https://argentina.mimusjobs.com:443 "POST /wp-json/wp/v2/job-listings HTTP/1.1" 201 None
2026-09-27 15:26:17,215 INFO ✅ Job posted: 'Jefe de Pastelería - Importante Centro de Producción' → WP ID 34995
2026-09-27 15:26:17,215 INFO ✅ SUCCESS — 'Jefe de Pastelería - Importante Centro de Producción' → WP ID=34995 🔗 https://argentina.mimusjobs.com/job/jefe-de-pasteleria-importante-centro-de-produccion-4/
2026-09-27 15:26:18,216 INFO ── https://ar.computrabajo.com/empleos-en-capital-federal | page 1 | job 12/20: https://ar.computrabajo.com/ofertas-de-trabajo/oferta-de-trabajo-de-bachero-caba-importante-empresa-gastronomica-en-villa-devoto-A1B15E3CA74105A261373E686DCF3405
2026-09-27 15:26:18,283 DEBUG https://ar.computrabajo.com:443 "GET /ofertas-de-trabajo/oferta-de-trabajo-de-bachero-caba-importante-empresa-gastronomica-en-villa-devoto-A1B15E3CA74105A261373E686DCF3405 HTTP/1.1" 200 None
2026-09-27 15:26:18,285 DEBUG     GET https://ar.computrabajo.com/ofertas-de-trabajo/oferta-de-trabajo-de-bachero-caba-importante-empresa-gastronomica-en-villa-devoto-A1B15E3CA74105A261373E686DCF3405 → HTTP 200 (161,321 chars)
2026-09-27 15:26:18,306 INFO     ┌─ SCRAPED JOB ─────────────────────────────────────────
    │ URL          : https://ar.computrabajo.com/ofertas-de-trabajo/oferta-de-trabajo-de-bachero-caba-importante-empresa-gastronomica-en-villa-devoto-A1B15E3CA74105A261373E686DCF3405
    │ Title        : Bachero (CABA) - Importante Empresa Gastronómica
    │ Company      : Umano HR
    │ Location     : Villa Devoto, Capital Federal
    │ Job type     : full-time
    │ Salary       : (not listed)
    │ Industry     : RRHH / Personal
    │ Date posted  : 2026-09-15
    │ Deadline     : 2026-11-14
    │ External ID  : E63AD01E298E3525
    │ Description  : Bachero/a – Personal de Tareas Generales Importante restaurante gastronómico en Villa Devoto en CABA se encuentra en la búsqueda de un/a Bachero/a – Personal de Tareas Generales para incorporarse a su…
    └───────────────────────────────────────────────────────
2026-09-27 15:26:18,914 DEBUG https://argentina.mimusjobs.com:443 "GET /wp-json/wp/v2/companies?slug=umano-hr HTTP/1.1" 200 None
2026-09-27 15:26:18,914 INFO ⏭ Company exists: Umano HR
2026-09-27 15:26:19,706 DEBUG https://argentina.mimusjobs.com:443 "GET /wp-json/wp/v2/job-listings?slug=bachero--caba----importante-empresa-gastron-mica HTTP/1.1" 200 None
2026-09-27 15:26:19,717 DEBUG https://ii.ct-stc.com:443 "GET /5/logos/empresas/2023/02/23/f9283b510842450ebb34224112372thumbnail.jpg HTTP/1.1" 200 2888
2026-09-27 15:26:20,885 DEBUG https://argentina.mimusjobs.com:443 "POST /wp-json/wp/v2/media HTTP/1.1" 201 None
2026-09-27 15:26:21,530 DEBUG https://argentina.mimusjobs.com:443 "GET /wp-json/wp/v2/job_listing_region?slug=villa-devoto--capital-federal HTTP/1.1" 200 None
2026-09-27 15:26:22,623 DEBUG https://argentina.mimusjobs.com:443 "POST /wp-json/wp/v2/job-listings HTTP/1.1" 201 None
2026-09-27 15:26:22,624 INFO ✅ Job posted: 'Bachero (CABA) - Importante Empresa Gastronómica' → WP ID 34997
2026-09-27 15:26:22,624 INFO ✅ SUCCESS — 'Bachero (CABA) - Importante Empresa Gastronómica' → WP ID=34997 🔗 https://argentina.mimusjobs.com/job/bachero-caba-importante-empresa-gastronomica-4/
2026-09-27 15:26:23,624 INFO ── https://ar.computrabajo.com/empleos-en-capital-federal | page 1 | job 13/20: https://ar.computrabajo.com/ofertas-de-trabajo/oferta-de-trabajo-de-supervisor-de-locales-importante-empresa-gastronomica-en-palermo-C3AA3CEF1FE2287061373E686DCF3405
2026-09-27 15:26:23,680 DEBUG https://ar.computrabajo.com:443 "GET /ofertas-de-trabajo/oferta-de-trabajo-de-supervisor-de-locales-importante-empresa-gastronomica-en-palermo-C3AA3CEF1FE2287061373E686DCF3405 HTTP/1.1" 200 None
2026-09-27 15:26:23,682 DEBUG     GET https://ar.computrabajo.com/ofertas-de-trabajo/oferta-de-trabajo-de-supervisor-de-locales-importante-empresa-gastronomica-en-palermo-C3AA3CEF1FE2287061373E686DCF3405 → HTTP 200 (159,184 chars)
2026-09-27 15:26:23,702 INFO     ┌─ SCRAPED JOB ─────────────────────────────────────────
    │ URL          : https://ar.computrabajo.com/ofertas-de-trabajo/oferta-de-trabajo-de-supervisor-de-locales-importante-empresa-gastronomica-en-palermo-C3AA3CEF1FE2287061373E686DCF3405
    │ Title        : Supervisor de Locales - Importante Empresa Gastronómica
    │ Company      : Umano HR
    │ Location     : Palermo, Capital Federal
    │ Job type     : full-time
    │ Salary       : (not listed)
    │ Industry     : RRHH / Personal
    │ Date posted  : 2026-09-16
    │ Deadline     : 2026-11-15
    │ External ID  : E63AD01E298E3525
    │ Description  : Nuestro Cliente incorporará a su equipo un Supervisor/a de Locales con reporte al Gerente de Operaciones. SUS PRINCIPALES RESPONSABILIDADES SERÁN: - Administrar, planificar, implementar y supervisar l…
    └───────────────────────────────────────────────────────
2026-09-27 15:26:25,087 DEBUG https://argentina.mimusjobs.com:443 "GET /wp-json/wp/v2/companies?slug=umano-hr HTTP/1.1" 200 None
2026-09-27 15:26:25,087 INFO ⏭ Company exists: Umano HR
2026-09-27 15:26:25,932 DEBUG https://argentina.mimusjobs.com:443 "GET /wp-json/wp/v2/job-listings?slug=supervisor-de-locales---importante-empresa-gastron-mica HTTP/1.1" 200 None
2026-09-27 15:26:25,943 DEBUG https://ii.ct-stc.com:443 "GET /5/logos/empresas/2023/02/23/f9283b510842450ebb34224112372thumbnail.jpg HTTP/1.1" 200 2888
2026-09-27 15:26:26,807 DEBUG https://argentina.mimusjobs.com:443 "POST /wp-json/wp/v2/media HTTP/1.1" 201 None
2026-09-27 15:26:28,268 DEBUG https://argentina.mimusjobs.com:443 "POST /wp-json/wp/v2/job-listings HTTP/1.1" 201 None
2026-09-27 15:26:28,269 INFO ✅ Job posted: 'Supervisor de Locales - Importante Empresa Gastronómica' → WP ID 34999
2026-09-27 15:26:28,269 INFO ✅ SUCCESS — 'Supervisor de Locales - Importante Empresa Gastronómica' → WP ID=34999 🔗 https://argentina.mimusjobs.com/job/supervisor-de-locales-importante-empresa-gastronomica-4/
2026-09-27 15:26:29,269 INFO ── https://ar.computrabajo.com/empleos-en-capital-federal | page 1 | job 14/20: https://ar.computrabajo.com/ofertas-de-trabajo/oferta-de-trabajo-de-pastelero--laminador-caba-importante-empresa-gastronomica-en-villa-devoto-6FE43D2447FDFA6D61373E686DCF3405
2026-09-27 15:26:29,345 DEBUG https://ar.computrabajo.com:443 "GET /ofertas-de-trabajo/oferta-de-trabajo-de-pastelero--laminador-caba-importante-empresa-gastronomica-en-villa-devoto-6FE43D2447FDFA6D61373E686DCF3405 HTTP/1.1" 200 None
2026-09-27 15:26:29,348 DEBUG     GET https://ar.computrabajo.com/ofertas-de-trabajo/oferta-de-trabajo-de-pastelero--laminador-caba-importante-empresa-gastronomica-en-villa-devoto-6FE43D2447FDFA6D61373E686DCF3405 → HTTP 200 (159,061 chars)
2026-09-27 15:26:29,367 INFO     ┌─ SCRAPED JOB ─────────────────────────────────────────
    │ URL          : https://ar.computrabajo.com/ofertas-de-trabajo/oferta-de-trabajo-de-pastelero--laminador-caba-importante-empresa-gastronomica-en-villa-devoto-6FE43D2447FDFA6D61373E686DCF3405
    │ Title        : Pastelero / Laminador CABA - Importante Empresa Gastronómica
    │ Company      : Umano HR
    │ Location     : Villa Devoto, Capital Federal
    │ Job type     : full-time
    │ Salary       : (not listed)
    │ Industry     : RRHH / Personal
    │ Date posted  : 2026-09-17
    │ Deadline     : 2026-11-16
    │ External ID  : E63AD01E298E3525
    │ Description  : Nuestro cliente, una prestigiosa cadena de pastelería francesa, busca incorporar a su equipo de producción un Pastelero/Laminador. La posición reportará al Jefe de Pastelería. Buscamos candidatos con …
    └───────────────────────────────────────────────────────
2026-09-27 15:26:30,472 DEBUG https://argentina.mimusjobs.com:443 "GET /wp-json/wp/v2/companies?slug=umano-hr HTTP/1.1" 200 None
2026-09-27 15:26:30,472 INFO ⏭ Company exists: Umano HR
2026-09-27 15:26:31,135 DEBUG https://argentina.mimusjobs.com:443 "GET /wp-json/wp/v2/job-listings?slug=pastelero---laminador-caba---importante-empresa-gastron-mica HTTP/1.1" 200 None
2026-09-27 15:26:31,146 DEBUG https://ii.ct-stc.com:443 "GET /5/logos/empresas/2023/02/23/f9283b510842450ebb34224112372thumbnail.jpg HTTP/1.1" 200 2888
2026-09-27 15:26:32,178 DEBUG https://argentina.mimusjobs.com:443 "POST /wp-json/wp/v2/media HTTP/1.1" 201 None
2026-09-27 15:26:33,662 DEBUG https://argentina.mimusjobs.com:443 "POST /wp-json/wp/v2/job-listings HTTP/1.1" 201 None
2026-09-27 15:26:33,663 INFO ✅ Job posted: 'Pastelero / Laminador CABA - Importante Empresa Gastronómica' → WP ID 35001
2026-09-27 15:26:33,663 INFO ✅ SUCCESS — 'Pastelero / Laminador CABA - Importante Empresa Gastronómica' → WP ID=35001 🔗 https://argentina.mimusjobs.com/job/pastelero-laminador-caba-importante-empresa-gastronomica-4/
2026-09-27 15:26:34,663 INFO ── https://ar.computrabajo.com/empleos-en-capital-federal | page 1 | job 15/20: https://ar.computrabajo.com/ofertas-de-trabajo/oferta-de-trabajo-de-chef-de-turno-importante-cadena-gastronomica-reconocida-cadena-gastronomica-en-palermo-7255527C0EC0F19D61373E686DCF3405
2026-09-27 15:26:34,742 DEBUG https://ar.computrabajo.com:443 "GET /ofertas-de-trabajo/oferta-de-trabajo-de-chef-de-turno-importante-cadena-gastronomica-reconocida-cadena-gastronomica-en-palermo-7255527C0EC0F19D61373E686DCF3405 HTTP/1.1" 200 None
2026-09-27 15:26:34,745 DEBUG     GET https://ar.computrabajo.com/ofertas-de-trabajo/oferta-de-trabajo-de-chef-de-turno-importante-cadena-gastronomica-reconocida-cadena-gastronomica-en-palermo-7255527C0EC0F19D61373E686DCF3405 → HTTP 200 (159,808 chars)
2026-09-27 15:26:34,765 INFO     ┌─ SCRAPED JOB ─────────────────────────────────────────
    │ URL          : https://ar.computrabajo.com/ofertas-de-trabajo/oferta-de-trabajo-de-chef-de-turno-importante-cadena-gastronomica-reconocida-cadena-gastronomica-en-palermo-7255527C0EC0F19D61373E686DCF3405
    │ Title        : Chef de turno importante Cadena Gastronómica - Reconocida Cadena Gastronómica
    │ Company      : Umano HR
    │ Location     : Palermo, Capital Federal
    │ Job type     : full-time
    │ Salary       : (not listed)
    │ Industry     : RRHH / Personal
    │ Date posted  : 2026-09-24
    │ Deadline     : 2026-11-23
    │ External ID  : E63AD01E298E3525
    │ Description  : Nuestro cliente, una reconocida Cadena Gastronómica, incorporará a un/a Chef de Turno. Serán sus principales funciones: Elaborar nuevos platos de acuerdo con la estacionalidad de los productos. Garant…
    └───────────────────────────────────────────────────────
2026-09-27 15:26:37,026 DEBUG https://argentina.mimusjobs.com:443 "GET /wp-json/wp/v2/companies?slug=umano-hr HTTP/1.1" 200 None
2026-09-27 15:26:37,027 INFO ⏭ Company exists: Umano HR
2026-09-27 15:26:38,059 DEBUG https://argentina.mimusjobs.com:443 "GET /wp-json/wp/v2/job-listings?slug=chef-de-turno-importante-cadena-gastron-mica---reconocida-cadena-gastron-mica HTTP/1.1" 200 None
2026-09-27 15:26:38,070 DEBUG https://ii.ct-stc.com:443 "GET /5/logos/empresas/2023/02/23/f9283b510842450ebb34224112372thumbnail.jpg HTTP/1.1" 200 2888
2026-09-27 15:26:39,213 DEBUG https://argentina.mimusjobs.com:443 "POST /wp-json/wp/v2/media HTTP/1.1" 201 None
2026-09-27 15:26:40,475 DEBUG https://argentina.mimusjobs.com:443 "POST /wp-json/wp/v2/job-listings HTTP/1.1" 201 None
2026-09-27 15:26:40,476 INFO ✅ Job posted: 'Chef de turno importante Cadena Gastronómica - Reconocida Cadena Gastronómica' → WP ID 35003
2026-09-27 15:26:40,476 INFO ✅ SUCCESS — 'Chef de turno importante Cadena Gastronómica - Reconocida Cadena Gastronómica' → WP ID=35003 🔗 https://argentina.mimusjobs.com/job/chef-de-turno-importante-cadena-gastronomica-reconocida-cadena-gastronomica-4/
2026-09-27 15:26:41,476 INFO ── https://ar.computrabajo.com/empleos-en-capital-federal | page 1 | job 16/20: https://ar.computrabajo.com/ofertas-de-trabajo/oferta-de-trabajo-de-supervisor-de-franquicias-reconocida-cadena-gastronomica-en-palermo-B272A2E6FE99366A61373E686DCF3405
2026-09-27 15:26:41,551 DEBUG https://ar.computrabajo.com:443 "GET /ofertas-de-trabajo/oferta-de-trabajo-de-supervisor-de-franquicias-reconocida-cadena-gastronomica-en-palermo-B272A2E6FE99366A61373E686DCF3405 HTTP/1.1" 200 None
2026-09-27 15:26:41,554 DEBUG     GET https://ar.computrabajo.com/ofertas-de-trabajo/oferta-de-trabajo-de-supervisor-de-franquicias-reconocida-cadena-gastronomica-en-palermo-B272A2E6FE99366A61373E686DCF3405 → HTTP 200 (162,802 chars)
2026-09-27 15:26:41,574 INFO     ┌─ SCRAPED JOB ─────────────────────────────────────────
    │ URL          : https://ar.computrabajo.com/ofertas-de-trabajo/oferta-de-trabajo-de-supervisor-de-franquicias-reconocida-cadena-gastronomica-en-palermo-B272A2E6FE99366A61373E686DCF3405
    │ Title        : Supervisor de Franquicias - Reconocida Cadena Gastronómica
    │ Company      : Umano HR
    │ Location     : Palermo, Capital Federal
    │ Job type     : full-time
    │ Salary       : (not listed)
    │ Industry     : RRHH / Personal
    │ Date posted  : 2026-09-24
    │ Deadline     : 2026-11-23
    │ External ID  : E63AD01E298E3525
    │ Description  : Nuestro Cliente incorporará a su equipo un Supervisor/a de Locales de Franquicias con reporte al Gerente de Operaciones. SUS PRINCIPALES RESPONSABILIDADES SERÁN: • Administrar, planificar, implementar…
    └───────────────────────────────────────────────────────
2026-09-27 15:26:42,968 DEBUG https://argentina.mimusjobs.com:443 "GET /wp-json/wp/v2/companies?slug=umano-hr HTTP/1.1" 200 None
2026-09-27 15:26:42,968 INFO ⏭ Company exists: Umano HR
2026-09-27 15:26:43,703 DEBUG https://argentina.mimusjobs.com:443 "GET /wp-json/wp/v2/job-listings?slug=supervisor-de-franquicias---reconocida-cadena-gastron-mica HTTP/1.1" 200 None
2026-09-27 15:26:43,714 DEBUG https://ii.ct-stc.com:443 "GET /5/logos/empresas/2023/02/23/f9283b510842450ebb34224112372thumbnail.jpg HTTP/1.1" 200 2888
2026-09-27 15:26:44,773 DEBUG https://argentina.mimusjobs.com:443 "POST /wp-json/wp/v2/media HTTP/1.1" 201 None
2026-09-27 15:26:46,016 DEBUG https://argentina.mimusjobs.com:443 "POST /wp-json/wp/v2/job-listings HTTP/1.1" 201 None
2026-09-27 15:26:46,016 INFO ✅ Job posted: 'Supervisor de Franquicias - Reconocida Cadena Gastronómica' → WP ID 35005
2026-09-27 15:26:46,016 INFO ✅ SUCCESS — 'Supervisor de Franquicias - Reconocida Cadena Gastronómica' → WP ID=35005 🔗 https://argentina.mimusjobs.com/job/supervisor-de-franquicias-reconocida-cadena-gastronomica-4/
2026-09-27 15:26:47,016 INFO ── https://ar.computrabajo.com/empleos-en-capital-federal | page 1 | job 17/20: https://ar.computrabajo.com/ofertas-de-trabajo/oferta-de-trabajo-de-gerente-de-local-importante-grupo-gastronomico-en-palermo-740B67CA8C0C136861373E686DCF3405
2026-09-27 15:26:47,102 DEBUG https://ar.computrabajo.com:443 "GET /ofertas-de-trabajo/oferta-de-trabajo-de-gerente-de-local-importante-grupo-gastronomico-en-palermo-740B67CA8C0C136861373E686DCF3405 HTTP/1.1" 200 None
2026-09-27 15:26:47,105 DEBUG     GET https://ar.computrabajo.com/ofertas-de-trabajo/oferta-de-trabajo-de-gerente-de-local-importante-grupo-gastronomico-en-palermo-740B67CA8C0C136861373E686DCF3405 → HTTP 200 (159,005 chars)
2026-09-27 15:26:47,123 INFO     ┌─ SCRAPED JOB ─────────────────────────────────────────
    │ URL          : https://ar.computrabajo.com/ofertas-de-trabajo/oferta-de-trabajo-de-gerente-de-local-importante-grupo-gastronomico-en-palermo-740B67CA8C0C136861373E686DCF3405
    │ Title        : Gerente de Local - Importante Grupo Gastronómico
    │ Company      : Umano HR
    │ Location     : Palermo, Capital Federal
    │ Job type     : full-time
    │ Salary       : (not listed)
    │ Industry     : RRHH / Personal
    │ Date posted  : 2026-09-24
    │ Deadline     : 2026-11-23
    │ External ID  : E63AD01E298E3525
    │ Description  : Prestigioso Grupo Gastronómico busca incorporar a su equipo un Gerente de Local para una de sus unidades de negocio, reportando directamente al Supervisor de Operaciones. ¿Qué desafíos te esperan? Gar…
    └───────────────────────────────────────────────────────
2026-09-27 15:26:48,123 DEBUG https://argentina.mimusjobs.com:443 "GET /wp-json/wp/v2/companies?slug=umano-hr HTTP/1.1" 200 None
2026-09-27 15:26:48,123 INFO ⏭ Company exists: Umano HR
2026-09-27 15:26:48,768 DEBUG https://argentina.mimusjobs.com:443 "GET /wp-json/wp/v2/job-listings?slug=gerente-de-local---importante-grupo-gastron-mico HTTP/1.1" 200 None
2026-09-27 15:26:48,778 DEBUG https://ii.ct-stc.com:443 "GET /5/logos/empresas/2023/02/23/f9283b510842450ebb34224112372thumbnail.jpg HTTP/1.1" 200 2888
2026-09-27 15:26:49,634 DEBUG https://argentina.mimusjobs.com:443 "POST /wp-json/wp/v2/media HTTP/1.1" 201 None
2026-09-27 15:26:50,836 DEBUG https://argentina.mimusjobs.com:443 "POST /wp-json/wp/v2/job-listings HTTP/1.1" 201 None
2026-09-27 15:26:50,836 INFO ✅ Job posted: 'Gerente de Local - Importante Grupo Gastronómico' → WP ID 35007
2026-09-27 15:26:50,836 INFO ✅ SUCCESS — 'Gerente de Local - Importante Grupo Gastronómico' → WP ID=35007 🔗 https://argentina.mimusjobs.com/job/gerente-de-local-importante-grupo-gastronomico-4/
2026-09-27 15:26:51,837 INFO ── https://ar.computrabajo.com/empleos-en-capital-federal | page 1 | job 18/20: https://ar.computrabajo.com/ofertas-de-trabajo/oferta-de-trabajo-de-telemarketer-venta-de-seguros-turno-tarde-en-monserrat-4C9F98999A2CCA1161373E686DCF3405
2026-09-27 15:26:51,919 DEBUG https://ar.computrabajo.com:443 "GET /ofertas-de-trabajo/oferta-de-trabajo-de-telemarketer-venta-de-seguros-turno-tarde-en-monserrat-4C9F98999A2CCA1161373E686DCF3405 HTTP/1.1" 200 None
2026-09-27 15:26:51,922 DEBUG     GET https://ar.computrabajo.com/ofertas-de-trabajo/oferta-de-trabajo-de-telemarketer-venta-de-seguros-turno-tarde-en-monserrat-4C9F98999A2CCA1161373E686DCF3405 → HTTP 200 (168,520 chars)
2026-09-27 15:26:51,968 INFO     ┌─ SCRAPED JOB ─────────────────────────────────────────
    │ URL          : https://ar.computrabajo.com/ofertas-de-trabajo/oferta-de-trabajo-de-telemarketer-venta-de-seguros-turno-tarde-en-monserrat-4C9F98999A2CCA1161373E686DCF3405
    │ Title        : Telemarketer Venta de Seguros - Turno Tarde
    │ Company      : Cat-Technologies
    │ Location     : Monserrat, Capital Federal
    │ Job type     : temporary
    │ Salary       : (not listed)
    │ Industry     : Venta al consumidor
    │ Date posted  : 2026-08-03
    │ Deadline     : 2026-10-02
    │ External ID  : 58F854C3E51E13A4
    │ Description  : Telemarketer - te estamos buscando Si sos una persona proactiva y con vocación de servicio, te proponemos ser parte de una empresa líder en el mercado con más de 3000 colaboradores. Estamos buscando T…
    └───────────────────────────────────────────────────────
2026-09-27 15:26:53,092 DEBUG https://argentina.mimusjobs.com:443 "GET /wp-json/wp/v2/companies?slug=cat-technologies HTTP/1.1" 200 None
2026-09-27 15:26:53,092 INFO ⏭ Company exists: Cat-Technologies
2026-09-27 15:26:53,983 DEBUG https://argentina.mimusjobs.com:443 "GET /wp-json/wp/v2/job-listings?slug=telemarketer-venta-de-seguros---turno-tarde HTTP/1.1" 200 None
2026-09-27 15:26:53,984 INFO ⏭ Job already on WP: Telemarketer Venta de Seguros - Turno Tarde
2026-09-27 15:26:53,984 INFO ✅ SUCCESS — 'Telemarketer Venta de Seguros - Turno Tarde' → WP ID=22113 🔗 https://argentina.mimusjobs.com/job/telemarketer-venta-de-seguros-turno-tarde/
2026-09-27 15:26:54,984 INFO ── https://ar.computrabajo.com/empleos-en-capital-federal | page 1 | job 19/20: https://ar.computrabajo.com/ofertas-de-trabajo/oferta-de-trabajo-de-product-owner-orientacion-en-marketing-ingles-avanzado-en-san-nicolas-7E987C1E7127E27C61373E686DCF3405
2026-09-27 15:26:55,042 DEBUG https://ar.computrabajo.com:443 "GET /ofertas-de-trabajo/oferta-de-trabajo-de-product-owner-orientacion-en-marketing-ingles-avanzado-en-san-nicolas-7E987C1E7127E27C61373E686DCF3405 HTTP/1.1" 200 None
2026-09-27 15:26:55,045 DEBUG     GET https://ar.computrabajo.com/ofertas-de-trabajo/oferta-de-trabajo-de-product-owner-orientacion-en-marketing-ingles-avanzado-en-san-nicolas-7E987C1E7127E27C61373E686DCF3405 → HTTP 200 (183,741 chars)
2026-09-27 15:26:55,070 INFO     ┌─ SCRAPED JOB ─────────────────────────────────────────
    │ URL          : https://ar.computrabajo.com/ofertas-de-trabajo/oferta-de-trabajo-de-product-owner-orientacion-en-marketing-ingles-avanzado-en-san-nicolas-7E987C1E7127E27C61373E686DCF3405
    │ Title        : Product Owner – orientación en Marketing (inglés avanzado)
    │ Company      : C&S informática s.a.
    │ Location     : San Nicolás, Capital Federal
    │ Job type     : full-time
    │ Salary       : (not listed)
    │ Industry     : Informática / Software
    │ Date posted  : 2026-08-13
    │ Deadline     : 2026-10-12
    │ External ID  : 32E96FB614994708
    │ Description  : Analista funcional / Product Owner - Exp en Plataforma de Marketing (M+C initiote)
Condiciones
 Modalidad: Híbrida
  Lugar de trabajo: Parque Patricios, CABA
  Inglés: Avanzado (C1) excluyente
 Senior…
    └───────────────────────────────────────────────────────
2026-09-27 15:26:56,144 DEBUG https://argentina.mimusjobs.com:443 "GET /wp-json/wp/v2/companies?slug=c-s-inform-tica-s-a- HTTP/1.1" 200 None
2026-09-27 15:26:56,158 DEBUG https://ii.ct-stc.com:443 "GET /5/logos/empresas/2016/05/26/cs-informatica-sa-32E96FB614994708thumbnail.png HTTP/1.1" 200 4294
2026-09-27 15:26:57,123 DEBUG https://argentina.mimusjobs.com:443 "POST /wp-json/wp/v2/media HTTP/1.1" 201 None
2026-09-27 15:26:58,412 DEBUG https://argentina.mimusjobs.com:443 "POST /wp-json/wp/v2/companies HTTP/1.1" 201 None
2026-09-27 15:26:58,415 INFO ✅ Company posted: C&S informática s.a. → ID 35009
2026-09-27 15:26:59,649 DEBUG https://argentina.mimusjobs.com:443 "GET /wp-json/wp/v2/job-listings?slug=product-owner---orientaci-n-en-marketing--ingl-s-avanzado- HTTP/1.1" 200 None
2026-09-27 15:26:59,659 DEBUG https://ii.ct-stc.com:443 "GET /5/logos/empresas/2016/05/26/cs-informatica-sa-32E96FB614994708thumbnail.png HTTP/1.1" 200 4294
2026-09-27 15:27:00,590 DEBUG https://argentina.mimusjobs.com:443 "POST /wp-json/wp/v2/media HTTP/1.1" 201 None
2026-09-27 15:27:01,343 DEBUG https://argentina.mimusjobs.com:443 "GET /wp-json/wp/v2/job_listing_region?slug=san-nicol-s--capital-federal HTTP/1.1" 200 None
2026-09-27 15:27:02,374 DEBUG https://argentina.mimusjobs.com:443 "POST /wp-json/wp/v2/job-listings HTTP/1.1" 201 None
2026-09-27 15:27:02,374 INFO ✅ Job posted: 'Product Owner – orientación en Marketing (inglés avanzado)' → WP ID 35011
2026-09-27 15:27:02,374 INFO ✅ SUCCESS — 'Product Owner – orientación en Marketing (inglés avanzado)' → WP ID=35011 🔗 https://argentina.mimusjobs.com/job/product-owner-orientacion-en-marketing-ingles-avanzado-4/
2026-09-27 15:27:03,374 INFO ── https://ar.computrabajo.com/empleos-en-capital-federal | page 1 | job 20/20: https://ar.computrabajo.com/ofertas-de-trabajo/oferta-de-trabajo-de-administrativoa-contable-villa-devoto-en-villa-devoto-83E4C63AC5FE977961373E686DCF3405
2026-09-27 15:27:03,435 DEBUG https://ar.computrabajo.com:443 "GET /ofertas-de-trabajo/oferta-de-trabajo-de-administrativoa-contable-villa-devoto-en-villa-devoto-83E4C63AC5FE977961373E686DCF3405 HTTP/1.1" 200 None
2026-09-27 15:27:03,438 DEBUG     GET https://ar.computrabajo.com/ofertas-de-trabajo/oferta-de-trabajo-de-administrativoa-contable-villa-devoto-en-villa-devoto-83E4C63AC5FE977961373E686DCF3405 → HTTP 200 (173,936 chars)
2026-09-27 15:27:03,463 INFO     ┌─ SCRAPED JOB ─────────────────────────────────────────
    │ URL          : https://ar.computrabajo.com/ofertas-de-trabajo/oferta-de-trabajo-de-administrativoa-contable-villa-devoto-en-villa-devoto-83E4C63AC5FE977961373E686DCF3405
    │ Title        : Administrativo/a contable - Villa Devoto
    │ Company      : Pullmen RRHH
    │ Location     : Villa Devoto, Capital Federal
    │ Job type     : full-time
    │ Salary       : (not listed)
    │ Industry     : RRHH / Personal
    │ Date posted  : 2026-09-03
    │ Deadline     : 2026-11-02
    │ External ID  : 5A4FBDC3CCF32908
    │ Description  : En PULLMEN nos dedicamos al servicio personalizado de búsqueda, reclutamiento y selección de personal para puestos eventuales y efectivos. Contamos con más de 50 años de experiencia en el mercado labo…
    └───────────────────────────────────────────────────────
2026-09-27 15:27:04,206 DEBUG https://argentina.mimusjobs.com:443 "GET /wp-json/wp/v2/companies?slug=pullmen-rrhh HTTP/1.1" 200 None
2026-09-27 15:27:04,207 INFO ⏭ Company exists: Pullmen RRHH
2026-09-27 15:27:05,121 DEBUG https://argentina.mimusjobs.com:443 "GET /wp-json/wp/v2/job-listings?slug=administrativo-a-contable---villa-devoto HTTP/1.1" 200 None
2026-09-27 15:27:05,121 INFO ⏭ Job already on WP: Administrativo/a contable - Villa Devoto
2026-09-27 15:27:05,121 INFO ✅ SUCCESS — 'Administrativo/a contable - Villa Devoto' → WP ID=22119 🔗 https://argentina.mimusjobs.com/job/administrativo-a-contable-villa-devoto/
2026-09-27 15:27:06,121 INFO 📊 Running totals — posted: 20 | skipped: 0 | failed: 0
2026-09-27 15:27:06,122 INFO Fetching listing page 2: https://ar.computrabajo.com/empleos-en-capital-federal?p=2
2026-09-27 15:27:06,251 DEBUG https://ar.computrabajo.com:443 "GET /empleos-en-capital-federal?p=2 HTTP/1.1" 200 None
2026-09-27 15:27:06,256 DEBUG     GET https://ar.computrabajo.com/empleos-en-capital-federal?p=2 → HTTP 200 (332,428 chars)
2026-09-27 15:27:06,299 INFO Found 20 job URLs on page 2
2026-09-27 15:27:06,299 DEBUG     job 1: https://ar.computrabajo.com/ofertas-de-trabajo/oferta-de-trabajo-de-836bu-tecnico-de-mantenimiento-turno-noche-frigorifico-barracas-en-barracas-B0E68F85411D765761373E686DCF3405
2026-09-27 15:27:06,299 DEBUG     job 2: https://ar.computrabajo.com/ofertas-de-trabajo/oferta-de-trabajo-de-comis-en-puerto-madero-C26742613720B54B61373E686DCF3405
2026-09-27 15:27:06,299 DEBUG     job 3: https://ar.computrabajo.com/ofertas-de-trabajo/oferta-de-trabajo-de-oficial-multiple-mantenimiento-integral-y-obras-en-saavedra-50D6992C86D5EEAF61373E686DCF3405
2026-09-27 15:27:06,299 DEBUG     job 4: https://ar.computrabajo.com/ofertas-de-trabajo/oferta-de-trabajo-de-captador-de-fondos-para-importante-ong-en-san-nicolas-D2F0C96865BB517861373E686DCF3405
2026-09-27 15:27:06,299 DEBUG     job 5: https://ar.computrabajo.com/ofertas-de-trabajo/oferta-de-trabajo-de-operador-telefonico-trilingue-espanol-portugues-ingles-en-monserrat-1C35E0AA1F06A73061373E686DCF3405
2026-09-27 15:27:06,299 DEBUG     job 6: https://ar.computrabajo.com/ofertas-de-trabajo/oferta-de-trabajo-de-consultor-sap-sd-importante-empresa-de-tecnologia-en-san-nicolas-69C14A23CDBD073561373E686DCF3405
2026-09-27 15:27:06,299 DEBUG     job 7: https://ar.computrabajo.com/ofertas-de-trabajo/oferta-de-trabajo-de-agentes-de-propaganda-medica-zona-caba-y-amba-en-recoleta-A9C4108B17CA49BD61373E686DCF3405
2026-09-27 15:27:06,299 DEBUG     job 8: https://ar.computrabajo.com/ofertas-de-trabajo/oferta-de-trabajo-de-482bu-lic-en-medio-ambienteeventualmultinacionalburzaco-zona-sur-gba-en-belgrano-9ED4FE7232459C0461373E686DCF3405
2026-09-27 15:27:06,299 DEBUG     job 9: https://ar.computrabajo.com/ofertas-de-trabajo/oferta-de-trabajo-de-pizzeroa-en-puerto-madero-F0591F040BE7CD7A61373E686DCF3405
2026-09-27 15:27:06,299 DEBUG     job 10: https://ar.computrabajo.com/ofertas-de-trabajo/oferta-de-trabajo-de-ayudante-de-oficial-multiple-mantenimiento-integral-y-obras-en-saavedra-AB9BF14E4A5A09CB61373E686DCF3405
2026-09-27 15:27:06,299 DEBUG     job 11: https://ar.computrabajo.com/ofertas-de-trabajo/oferta-de-trabajo-de-tecnico-mantenimiento-productivo-chacarita-caba-en-chacarita-C070D68EE987753461373E686DCF3405
2026-09-27 15:27:06,299 DEBUG     job 12: https://ar.computrabajo.com/ofertas-de-trabajo/oferta-de-trabajo-de-contadora-liquidacion-de-impuestos-z-parque-patricios-en-parque-patricios-52DECD41AFD225B161373E686DCF3405
2026-09-27 15:27:06,299 DEBUG     job 13: https://ar.computrabajo.com/ofertas-de-trabajo/oferta-de-trabajo-de-analista-contable-sr-zona-villa-devoto-en-recoleta-A77EB1533C021F1461373E686DCF3405
2026-09-27 15:27:06,299 DEBUG     job 14: https://ar.computrabajo.com/ofertas-de-trabajo/oferta-de-trabajo-de-asesor-telefonico-de-postventa-y-retencion-en-monserrat-085495F013D7022C61373E686DCF3405
2026-09-27 15:27:06,299 DEBUG     job 15: https://ar.computrabajo.com/ofertas-de-trabajo/oferta-de-trabajo-de-telemarketer-en-retiro-BAB513327B5A32FE61373E686DCF3405
2026-09-27 15:27:06,299 DEBUG     job 16: https://ar.computrabajo.com/ofertas-de-trabajo/oferta-de-trabajo-de-recepcionista-de-eventos-eventual-en-puerto-madero-F82B04018BB56F2661373E686DCF3405
2026-09-27 15:27:06,299 DEBUG     job 17: https://ar.computrabajo.com/ofertas-de-trabajo/oferta-de-trabajo-de-bartender-fulltime-en-puerto-madero-7681CAE73DB08F8761373E686DCF3405
2026-09-27 15:27:06,299 DEBUG     job 18: https://ar.computrabajo.com/ofertas-de-trabajo/oferta-de-trabajo-de-desarrollo-comercial-automotriz-sumate-al-equipo-con-mayores-comisiones-de-caba-en-san-nicolas-F3443288FFD351E861373E686DCF3405
2026-09-27 15:27:06,299 DEBUG     job 19: https://ar.computrabajo.com/ofertas-de-trabajo/oferta-de-trabajo-de-gate-controller-en-retiro-2AB6EA8595F9A3FB61373E686DCF3405
2026-09-27 15:27:06,299 DEBUG     job 20: https://ar.computrabajo.com/ofertas-de-trabajo/oferta-de-trabajo-de-ingreso-hoy-peon-de-cocina--con-certificado-de-manipulacion-de-alimentos-vigente-excluyente-en-almagro-A524C73231AD140961373E686DCF3405
2026-09-27 15:27:06,299 INFO ── https://ar.computrabajo.com/empleos-en-capital-federal | page 2 | job 1/20: https://ar.computrabajo.com/ofertas-de-trabajo/oferta-de-trabajo-de-836bu-tecnico-de-mantenimiento-turno-noche-frigorifico-barracas-en-barracas-B0E68F85411D765761373E686DCF3405
2026-09-27 15:27:06,376 DEBUG https://ar.computrabajo.com:443 "GET /ofertas-de-trabajo/oferta-de-trabajo-de-836bu-tecnico-de-mantenimiento-turno-noche-frigorifico-barracas-en-barracas-B0E68F85411D765761373E686DCF3405 HTTP/1.1" 200 None
2026-09-27 15:27:06,379 DEBUG     GET https://ar.computrabajo.com/ofertas-de-trabajo/oferta-de-trabajo-de-836bu-tecnico-de-mantenimiento-turno-noche-frigorifico-barracas-en-barracas-B0E68F85411D765761373E686DCF3405 → HTTP 200 (173,574 chars)
2026-09-27 15:27:06,402 INFO     ┌─ SCRAPED JOB ─────────────────────────────────────────
    │ URL          : https://ar.computrabajo.com/ofertas-de-trabajo/oferta-de-trabajo-de-836bu-tecnico-de-mantenimiento-turno-noche-frigorifico-barracas-en-barracas-B0E68F85411D765761373E686DCF3405
    │ Title        : 836BU Técnico de mantenimiento, Turno Noche, Frigorífico, Barracas
    │ Company      : Cona Consultores SRL
    │ Location     : Barracas, Capital Federal
    │ Job type     : full-time
    │ Salary       : (not listed)
    │ Industry     : RRHH / Personal
    │ Date posted  : 2026-09-11
    │ Deadline     : 2026-11-10
    │ External ID  : 04BED3BD3879C61E
    │ Description  : Desde CONA Consultores nos encontramos en la búsqueda de un/a TÉCNICO/A DE MANTENIMIENTO para incorporarse a una empresa PyME del rubro alimenticio, ubicada en Barracas.
Buscamos una persona con exper…
    └───────────────────────────────────────────────────────
2026-09-27 15:27:07,222 DEBUG https://argentina.mimusjobs.com:443 "GET /wp-json/wp/v2/companies?slug=cona-consultores-srl HTTP/1.1" 200 None
2026-09-27 15:27:07,222 INFO ⏭ Company exists: Cona Consultores SRL
2026-09-27 15:27:08,113 DEBUG https://argentina.mimusjobs.com:443 "GET /wp-json/wp/v2/job-listings?slug=836bu-t-cnico-de-mantenimiento--turno-noche--frigor-fico--barracas HTTP/1.1" 200 None
2026-09-27 15:27:08,125 DEBUG https://ii.ct-stc.com:443 "GET /5/logos/empresas/2023/11/08//conaconsultores151625thumbnail.png HTTP/1.1" 200 5795
2026-09-27 15:27:09,136 DEBUG https://argentina.mimusjobs.com:443 "POST /wp-json/wp/v2/media HTTP/1.1" 201 None
2026-09-27 15:27:09,803 DEBUG https://argentina.mimusjobs.com:443 "GET /wp-json/wp/v2/job_listing_region?slug=barracas--capital-federal HTTP/1.1" 200 None
2026-09-27 15:27:11,012 DEBUG https://argentina.mimusjobs.com:443 "POST /wp-json/wp/v2/job-listings HTTP/1.1" 201 None
2026-09-27 15:27:11,012 INFO ✅ Job posted: '836BU Técnico de mantenimiento, Turno Noche, Frigorífico, Barracas' → WP ID 35013
2026-09-27 15:27:11,012 INFO ✅ SUCCESS — '836BU Técnico de mantenimiento, Turno Noche, Frigorífico, Barracas' → WP ID=35013 🔗 https://argentina.mimusjobs.com/job/836bu-tecnico-de-mantenimiento-turno-noche-frigorifico-barracas-4/
2026-09-27 15:27:12,012 INFO ── https://ar.computrabajo.com/empleos-en-capital-federal | page 2 | job 2/20: https://ar.computrabajo.com/ofertas-de-trabajo/oferta-de-trabajo-de-comis-en-puerto-madero-C26742613720B54B61373E686DCF3405
2026-09-27 15:27:12,108 DEBUG https://ar.computrabajo.com:443 "GET /ofertas-de-trabajo/oferta-de-trabajo-de-comis-en-puerto-madero-C26742613720B54B61373E686DCF3405 HTTP/1.1" 200 None
2026-09-27 15:27:12,111 DEBUG     GET https://ar.computrabajo.com/ofertas-de-trabajo/oferta-de-trabajo-de-comis-en-puerto-madero-C26742613720B54B61373E686DCF3405 → HTTP 200 (157,290 chars)
2026-09-27 15:27:12,130 INFO     ┌─ SCRAPED JOB ─────────────────────────────────────────
    │ URL          : https://ar.computrabajo.com/ofertas-de-trabajo/oferta-de-trabajo-de-comis-en-puerto-madero-C26742613720B54B61373E686DCF3405
    │ Title        : Comis
    │ Company      : Consultora gastronómica madero
    │ Location     : Puerto Madero, Capital Federal
    │ Job type     : full-time
    │ Salary       : (not listed)
    │ Industry     : Hostelería / Turismo
    │ Date posted  : 2026-08-10
    │ Deadline     : 2026-10-09
    │ External ID  : DAFBBABBDF4A064F
    │ Description  : Estamos buscando COMIS para incorporarse a nuestro equipo.
Requisitos:
Experiencia comprobable en restaurantes de primer nivel.
Mínimo 2 años de experiencia en puestos similares.
Conocimiento de mise …
    └───────────────────────────────────────────────────────
2026-09-27 15:27:12,747 DEBUG https://argentina.mimusjobs.com:443 "GET /wp-json/wp/v2/companies?slug=consultora-gastron-mica-madero HTTP/1.1" 200 None
2026-09-27 15:27:12,758 DEBUG https://ii.ct-stc.com:443 "GET /5/logos/empresas/2023/09/19/03704ba6c2bd4c2188ef190838090thumbnail.jpeg HTTP/1.1" 200 4734
2026-09-27 15:27:13,720 DEBUG https://argentina.mimusjobs.com:443 "POST /wp-json/wp/v2/media HTTP/1.1" 201 None
2026-09-27 15:27:15,319 DEBUG https://argentina.mimusjobs.com:443 "POST /wp-json/wp/v2/companies HTTP/1.1" 201 None
2026-09-27 15:27:15,336 INFO ✅ Company posted: Consultora gastronómica madero → ID 35015
2026-09-27 15:27:16,671 DEBUG https://argentina.mimusjobs.com:443 "GET /wp-json/wp/v2/job-listings?slug=comis HTTP/1.1" 200 None
2026-09-27 15:27:16,671 INFO ⏭ Job already on WP: Comis
2026-09-27 15:27:16,672 INFO ✅ SUCCESS — 'Comis' → WP ID=22126 🔗 https://argentina.mimusjobs.com/job/comis/
2026-09-27 15:27:17,672 INFO ── https://ar.computrabajo.com/empleos-en-capital-federal | page 2 | job 3/20: https://ar.computrabajo.com/ofertas-de-trabajo/oferta-de-trabajo-de-oficial-multiple-mantenimiento-integral-y-obras-en-saavedra-50D6992C86D5EEAF61373E686DCF3405
2026-09-27 15:27:17,728 DEBUG https://ar.computrabajo.com:443 "GET /ofertas-de-trabajo/oferta-de-trabajo-de-oficial-multiple-mantenimiento-integral-y-obras-en-saavedra-50D6992C86D5EEAF61373E686DCF3405 HTTP/1.1" 200 None
2026-09-27 15:27:17,731 DEBUG     GET https://ar.computrabajo.com/ofertas-de-trabajo/oferta-de-trabajo-de-oficial-multiple-mantenimiento-integral-y-obras-en-saavedra-50D6992C86D5EEAF61373E686DCF3405 → HTTP 200 (151,829 chars)
2026-09-27 15:27:17,747 WARNING No JobPosting JSON-LD found, using HTML fallback: https://ar.computrabajo.com/ofertas-de-trabajo/oferta-de-trabajo-de-oficial-multiple-mantenimiento-integral-y-obras-en-saavedra-50D6992C86D5EEAF61373E686DCF3405
2026-09-27 15:27:17,749 INFO     ┌─ SCRAPED JOB ─────────────────────────────────────────
    │ URL          : https://ar.computrabajo.com/ofertas-de-trabajo/oferta-de-trabajo-de-oficial-multiple-mantenimiento-integral-y-obras-en-saavedra-50D6992C86D5EEAF61373E686DCF3405
    │ Title        : Oficial Múltiple - (Mantenimiento Integral y Obras)
    │ Company      : Importante empresa del sector
    │ Location     : Saavedra, Capital Federal
    │ Job type     : full-time
    │ Salary       : A convenir ARS
    │ Industry     : (none)
    │ Date posted  : (unknown)
    │ Deadline     : (estimated: )
    │ External ID  : (none)
    │ Description  : Descripción del puesto
Buscamos un Oficial Múltiple versátil y proactivo para la ejecución y reparación integral de obras e instalaciones. El objetivo principal es resolver tareas complejas de constru…
    └───────────────────────────────────────────────────────
2026-09-27 15:27:18,574 DEBUG https://argentina.mimusjobs.com:443 "GET /wp-json/wp/v2/companies?slug=importante-empresa-del-sector HTTP/1.1" 200 None
2026-09-27 15:27:18,574 INFO ⏭ Company exists: Importante empresa del sector
2026-09-27 15:27:19,201 DEBUG https://argentina.mimusjobs.com:443 "GET /wp-json/wp/v2/job-listings?slug=oficial-m-ltiple----mantenimiento-integral-y-obras- HTTP/1.1" 200 None
2026-09-27 15:27:20,105 DEBUG https://argentina.mimusjobs.com:443 "GET /wp-json/wp/v2/job_listing_region?slug=saavedra--capital-federal HTTP/1.1" 200 None
2026-09-27 15:27:21,535 DEBUG https://argentina.mimusjobs.com:443 "POST /wp-json/wp/v2/job-listings HTTP/1.1" 201 None
2026-09-27 15:27:21,535 INFO ✅ Job posted: 'Oficial Múltiple - (Mantenimiento Integral y Obras)' → WP ID 35016
2026-09-27 15:27:21,535 INFO ✅ SUCCESS — 'Oficial Múltiple - (Mantenimiento Integral y Obras)' → WP ID=35016 🔗 https://argentina.mimusjobs.com/job/oficial-multiple-mantenimiento-integral-y-obras-4/
2026-09-27 15:27:22,535 INFO ── https://ar.computrabajo.com/empleos-en-capital-federal | page 2 | job 4/20: https://ar.computrabajo.com/ofertas-de-trabajo/oferta-de-trabajo-de-captador-de-fondos-para-importante-ong-en-san-nicolas-D2F0C96865BB517861373E686DCF3405
2026-09-27 15:27:22,612 DEBUG https://ar.computrabajo.com:443 "GET /ofertas-de-trabajo/oferta-de-trabajo-de-captador-de-fondos-para-importante-ong-en-san-nicolas-D2F0C96865BB517861373E686DCF3405 HTTP/1.1" 200 None
2026-09-27 15:27:22,615 DEBUG     GET https://ar.computrabajo.com/ofertas-de-trabajo/oferta-de-trabajo-de-captador-de-fondos-para-importante-ong-en-san-nicolas-D2F0C96865BB517861373E686DCF3405 → HTTP 200 (169,967 chars)
2026-09-27 15:27:22,638 INFO     ┌─ SCRAPED JOB ─────────────────────────────────────────
    │ URL          : https://ar.computrabajo.com/ofertas-de-trabajo/oferta-de-trabajo-de-captador-de-fondos-para-importante-ong-en-san-nicolas-D2F0C96865BB517861373E686DCF3405
    │ Title        : Captador de fondos para Importante ONG
    │ Company      : Cat-Technologies
    │ Location     : San Nicolás, Capital Federal
    │ Job type     : temporary
    │ Salary       : (not listed)
    │ Industry     : Venta al consumidor
    │ Date posted  : 2026-08-10
    │ Deadline     : 2026-10-09
    │ External ID  : 58F854C3E51E13A4
    │ Description  : ¡UNITE A CAT-TECHNOLOGIES COMO TELEMARKETER! 
¡Esta es tu oportunidad! En CatTechnologies, el Contact Center líder de Argentina, estamos buscando Telemarketers con experiencia en captación de donacion…
    └───────────────────────────────────────────────────────
2026-09-27 15:27:23,567 DEBUG https://argentina.mimusjobs.com:443 "GET /wp-json/wp/v2/companies?slug=cat-technologies HTTP/1.1" 200 None
2026-09-27 15:27:23,567 INFO ⏭ Company exists: Cat-Technologies
2026-09-27 15:27:25,021 DEBUG https://argentina.mimusjobs.com:443 "GET /wp-json/wp/v2/job-listings?slug=captador-de-fondos-para-importante-ong HTTP/1.1" 200 None
2026-09-27 15:27:25,022 INFO ⏭ Job already on WP: Captador de fondos para Importante ONG
2026-09-27 15:27:25,022 INFO ✅ SUCCESS — 'Captador de fondos para Importante ONG' → WP ID=22131 🔗 https://argentina.mimusjobs.com/job/captador-de-fondos-para-importante-ong/
2026-09-27 15:27:26,022 INFO ── https://ar.computrabajo.com/empleos-en-capital-federal | page 2 | job 5/20: https://ar.computrabajo.com/ofertas-de-trabajo/oferta-de-trabajo-de-operador-telefonico-trilingue-espanol-portugues-ingles-en-monserrat-1C35E0AA1F06A73061373E686DCF3405
2026-09-27 15:27:26,079 DEBUG https://ar.computrabajo.com:443 "GET /ofertas-de-trabajo/oferta-de-trabajo-de-operador-telefonico-trilingue-espanol-portugues-ingles-en-monserrat-1C35E0AA1F06A73061373E686DCF3405 HTTP/1.1" 200 None
2026-09-27 15:27:26,082 DEBUG     GET https://ar.computrabajo.com/ofertas-de-trabajo/oferta-de-trabajo-de-operador-telefonico-trilingue-espanol-portugues-ingles-en-monserrat-1C35E0AA1F06A73061373E686DCF3405 → HTTP 200 (177,657 chars)
2026-09-27 15:27:26,107 INFO     ┌─ SCRAPED JOB ─────────────────────────────────────────
    │ URL          : https://ar.computrabajo.com/ofertas-de-trabajo/oferta-de-trabajo-de-operador-telefonico-trilingue-espanol-portugues-ingles-en-monserrat-1C35E0AA1F06A73061373E686DCF3405
    │ Title        : Operador Telefónico Trilingüe - (Español, Portugués, Inglés)
    │ Company      : Adecco Argentina S.A.
    │ Location     : Monserrat, Capital Federal
    │ Job type     : temporary
    │ Salary       : (not listed)
    │ Industry     : RRHH / Personal
    │ Date posted  : 2026-09-11
    │ Deadline     : 2026-11-10
    │ External ID  : 206BA0109DAA5C4A
    │ Description  : ¿Estás motivado para llevar tu talento multilingüe a una posición dinámica y cambiante? En nuestro cliente Importante Compañía Global que brinda servicios de Asistencia al Viajero ubicada en Monserrat…
    └───────────────────────────────────────────────────────
2026-09-27 15:27:26,896 DEBUG https://argentina.mimusjobs.com:443 "GET /wp-json/wp/v2/companies?slug=adecco-argentina-s-a- HTTP/1.1" 200 None
2026-09-27 15:27:26,897 INFO ⏭ Company exists: Adecco Argentina S.A.
2026-09-27 15:27:27,643 DEBUG https://argentina.mimusjobs.com:443 "GET /wp-json/wp/v2/job-listings?slug=operador-telef-nico-triling-e----espa-ol--portugu-s--ingl-s- HTTP/1.1" 200 None
2026-09-27 15:27:27,655 DEBUG https://ii.ct-stc.com:443 "GET /5/logos/empresas/2024/06/26//adecco132845thumbnail.png HTTP/1.1" 200 3881
2026-09-27 15:27:28,479 DEBUG https://argentina.mimusjobs.com:443 "POST /wp-json/wp/v2/media HTTP/1.1" 201 None
2026-09-27 15:27:29,064 DEBUG https://argentina.mimusjobs.com:443 "GET /wp-json/wp/v2/job_listing_region?slug=monserrat--capital-federal HTTP/1.1" 200 None
2026-09-27 15:27:30,787 DEBUG https://argentina.mimusjobs.com:443 "POST /wp-json/wp/v2/job-listings HTTP/1.1" 201 None
2026-09-27 15:27:30,787 INFO ✅ Job posted: 'Operador Telefónico Trilingüe - (Español, Portugués, Inglés)' → WP ID 35018
2026-09-27 15:27:30,788 INFO ✅ SUCCESS — 'Operador Telefónico Trilingüe - (Español, Portugués, Inglés)' → WP ID=35018 🔗 https://argentina.mimusjobs.com/job/operador-telefonico-trilingue-espanol-portugues-ingles-4/
2026-09-27 15:27:31,788 INFO ── https://ar.computrabajo.com/empleos-en-capital-federal | page 2 | job 6/20: https://ar.computrabajo.com/ofertas-de-trabajo/oferta-de-trabajo-de-consultor-sap-sd-importante-empresa-de-tecnologia-en-san-nicolas-69C14A23CDBD073561373E686DCF3405
2026-09-27 15:27:31,883 DEBUG https://ar.computrabajo.com:443 "GET /ofertas-de-trabajo/oferta-de-trabajo-de-consultor-sap-sd-importante-empresa-de-tecnologia-en-san-nicolas-69C14A23CDBD073561373E686DCF3405 HTTP/1.1" 200 None
2026-09-27 15:27:31,886 DEBUG     GET https://ar.computrabajo.com/ofertas-de-trabajo/oferta-de-trabajo-de-consultor-sap-sd-importante-empresa-de-tecnologia-en-san-nicolas-69C14A23CDBD073561373E686DCF3405 → HTTP 200 (184,088 chars)
2026-09-27 15:27:31,912 INFO     ┌─ SCRAPED JOB ─────────────────────────────────────────
    │ URL          : https://ar.computrabajo.com/ofertas-de-trabajo/oferta-de-trabajo-de-consultor-sap-sd-importante-empresa-de-tecnologia-en-san-nicolas-69C14A23CDBD073561373E686DCF3405
    │ Title        : Consultor SAP SD - Importante empresa de tecnología
    │ Company      : C&S informática s.a.
    │ Location     : San Nicolás, Capital Federal
    │ Job type     : full-time
    │ Salary       : (not listed)
    │ Industry     : Informática / Software
    │ Date posted  : 2026-08-24
    │ Deadline     : 2026-10-23
    │ External ID  : 32E96FB614994708
    │ Description  : Acerca de C&S
Somos una empresa de más de 160 profesionales, consolidada hace 40 años en el mercado. Nuestro propósito es garantizar la satisfacción de nuestros clientes; para ello, ofrecemos servicio…
    └───────────────────────────────────────────────────────
2026-09-27 15:27:32,596 DEBUG https://argentina.mimusjobs.com:443 "GET /wp-json/wp/v2/companies?slug=c-s-inform-tica-s-a- HTTP/1.1" 200 None
2026-09-27 15:27:32,606 DEBUG https://ii.ct-stc.com:443 "GET /5/logos/empresas/2016/05/26/cs-informatica-sa-32E96FB614994708thumbnail.png HTTP/1.1" 200 4294
2026-09-27 15:27:34,284 DEBUG https://argentina.mimusjobs.com:443 "POST /wp-json/wp/v2/media HTTP/1.1" 201 None
2026-09-27 15:27:35,738 DEBUG https://argentina.mimusjobs.com:443 "POST /wp-json/wp/v2/companies HTTP/1.1" 201 None
2026-09-27 15:27:35,738 INFO ✅ Company posted: C&S informática s.a. → ID 35020
2026-09-27 15:27:36,406 DEBUG https://argentina.mimusjobs.com:443 "GET /wp-json/wp/v2/job-listings?slug=consultor-sap-sd---importante-empresa-de-tecnolog-a HTTP/1.1" 200 None
2026-09-27 15:27:36,416 DEBUG https://ii.ct-stc.com:443 "GET /5/logos/empresas/2016/05/26/cs-informatica-sa-32E96FB614994708thumbnail.png HTTP/1.1" 200 4294
2026-09-27 15:27:37,247 DEBUG https://argentina.mimusjobs.com:443 "POST /wp-json/wp/v2/media HTTP/1.1" 201 None
2026-09-27 15:27:38,271 DEBUG https://argentina.mimusjobs.com:443 "POST /wp-json/wp/v2/job-listings HTTP/1.1" 201 None
2026-09-27 15:27:38,272 INFO ✅ Job posted: 'Consultor SAP SD - Importante empresa de tecnología' → WP ID 35022
2026-09-27 15:27:38,272 INFO ✅ SUCCESS — 'Consultor SAP SD - Importante empresa de tecnología' → WP ID=35022 🔗 https://argentina.mimusjobs.com/job/consultor-sap-sd-importante-empresa-de-tecnologia-4/
2026-09-27 15:27:39,272 INFO ── https://ar.computrabajo.com/empleos-en-capital-federal | page 2 | job 7/20: https://ar.computrabajo.com/ofertas-de-trabajo/oferta-de-trabajo-de-agentes-de-propaganda-medica-zona-caba-y-amba-en-recoleta-A9C4108B17CA49BD61373E686DCF3405
2026-09-27 15:27:39,351 DEBUG https://ar.computrabajo.com:443 "GET /ofertas-de-trabajo/oferta-de-trabajo-de-agentes-de-propaganda-medica-zona-caba-y-amba-en-recoleta-A9C4108B17CA49BD61373E686DCF3405 HTTP/1.1" 200 None
2026-09-27 15:27:39,354 DEBUG     GET https://ar.computrabajo.com/ofertas-de-trabajo/oferta-de-trabajo-de-agentes-de-propaganda-medica-zona-caba-y-amba-en-recoleta-A9C4108B17CA49BD61373E686DCF3405 → HTTP 200 (152,570 chars)
2026-09-27 15:27:39,373 WARNING No JobPosting JSON-LD found, using HTML fallback: https://ar.computrabajo.com/ofertas-de-trabajo/oferta-de-trabajo-de-agentes-de-propaganda-medica-zona-caba-y-amba-en-recoleta-A9C4108B17CA49BD61373E686DCF3405
2026-09-27 15:27:39,374 INFO     ┌─ SCRAPED JOB ─────────────────────────────────────────
    │ URL          : https://ar.computrabajo.com/ofertas-de-trabajo/oferta-de-trabajo-de-agentes-de-propaganda-medica-zona-caba-y-amba-en-recoleta-A9C4108B17CA49BD61373E686DCF3405
    │ Title        : Agentes de Propaganda Médica - Zona: CABA y AMBA
    │ Company      : Importante empresa del sector
    │ Location     : Recoleta, Capital Federal
    │ Job type     : full-time
    │ Salary       : A convenir ARS
    │ Industry     : (none)
    │ Date posted  : (unknown)
    │ Deadline     : (estimated: )
    │ External ID  : (none)
    │ Description  : Lugar de trabajo: CABA y AMBA – Argentina. Horario: Lunes a viernes de 9 a 18 hs. Principales responsabilidades: -Desarrollar y gestionar una cartera de profesionales e instituciones de salud dentro d…
    └───────────────────────────────────────────────────────
2026-09-27 15:27:40,202 DEBUG https://argentina.mimusjobs.com:443 "GET /wp-json/wp/v2/companies?slug=importante-empresa-del-sector HTTP/1.1" 200 None
2026-09-27 15:27:40,203 INFO ⏭ Company exists: Importante empresa del sector
2026-09-27 15:27:41,022 DEBUG https://argentina.mimusjobs.com:443 "GET /wp-json/wp/v2/job-listings?slug=agentes-de-propaganda-m-dica---zona--caba-y-amba HTTP/1.1" 200 None
2026-09-27 15:27:42,408 DEBUG https://argentina.mimusjobs.com:443 "POST /wp-json/wp/v2/job-listings HTTP/1.1" 201 None
2026-09-27 15:27:42,409 INFO ✅ Job posted: 'Agentes de Propaganda Médica - Zona: CABA y AMBA' → WP ID 35023
2026-09-27 15:27:42,409 INFO ✅ SUCCESS — 'Agentes de Propaganda Médica - Zona: CABA y AMBA' → WP ID=35023 🔗 https://argentina.mimusjobs.com/job/agentes-de-propaganda-medica-zona-caba-y-amba-4/
2026-09-27 15:27:43,409 INFO ── https://ar.computrabajo.com/empleos-en-capital-federal | page 2 | job 8/20: https://ar.computrabajo.com/ofertas-de-trabajo/oferta-de-trabajo-de-482bu-lic-en-medio-ambienteeventualmultinacionalburzaco-zona-sur-gba-en-belgrano-9ED4FE7232459C0461373E686DCF3405
2026-09-27 15:27:43,498 DEBUG https://ar.computrabajo.com:443 "GET /ofertas-de-trabajo/oferta-de-trabajo-de-482bu-lic-en-medio-ambienteeventualmultinacionalburzaco-zona-sur-gba-en-belgrano-9ED4FE7232459C0461373E686DCF3405 HTTP/1.1" 200 None
2026-09-27 15:27:43,501 DEBUG     GET https://ar.computrabajo.com/ofertas-de-trabajo/oferta-de-trabajo-de-482bu-lic-en-medio-ambienteeventualmultinacionalburzaco-zona-sur-gba-en-belgrano-9ED4FE7232459C0461373E686DCF3405 → HTTP 200 (171,776 chars)
2026-09-27 15:27:43,525 INFO     ┌─ SCRAPED JOB ─────────────────────────────────────────
    │ URL          : https://ar.computrabajo.com/ofertas-de-trabajo/oferta-de-trabajo-de-482bu-lic-en-medio-ambienteeventualmultinacionalburzaco-zona-sur-gba-en-belgrano-9ED4FE7232459C0461373E686DCF3405
    │ Title        : 482BU/ Lic. en medio ambiente/eventual/multinacional/Burzaco, zona sur GBA
    │ Company      : Cona Consultores SRL
    │ Location     : Belgrano, Capital Federal
    │ Job type     : full-time
    │ Salary       : (not listed)
    │ Industry     : RRHH / Personal
    │ Date posted  : 2026-09-11
    │ Deadline     : 2026-11-10
    │ External ID  : 04BED3BD3879C61E
    │ Description  : Desde Cona Consultores nos encontramos en la búsqueda de un/a Licenciado/a en Medio Ambiente para incorporarse a una reconocida compañía multinacional líder en la producción de latas de aluminio en Ar…
    └───────────────────────────────────────────────────────
2026-09-27 15:27:44,376 DEBUG https://argentina.mimusjobs.com:443 "GET /wp-json/wp/v2/companies?slug=cona-consultores-srl HTTP/1.1" 200 None
2026-09-27 15:27:44,377 INFO ⏭ Company exists: Cona Consultores SRL
2026-09-27 15:27:45,192 DEBUG https://argentina.mimusjobs.com:443 "GET /wp-json/wp/v2/job-listings?slug=482bu--lic--en-medio-ambiente-eventual-multinacional-burzaco--zona-sur-gba HTTP/1.1" 200 None
2026-09-27 15:27:45,192 INFO ⏭ Job already on WP: 482BU/ Lic. en medio ambiente/eventual/multinacional/Burzaco, zona sur GBA
2026-09-27 15:27:45,192 INFO ✅ SUCCESS — '482BU/ Lic. en medio ambiente/eventual/multinacional/Burzaco, zona sur GBA' → WP ID=22146 🔗 https://argentina.mimusjobs.com/job/482bu-lic-en-medio-ambiente-eventual-multinacional-burzaco-zona-sur-gba/
2026-09-27 15:27:46,193 INFO ── https://ar.computrabajo.com/empleos-en-capital-federal | page 2 | job 9/20: https://ar.computrabajo.com/ofertas-de-trabajo/oferta-de-trabajo-de-pizzeroa-en-puerto-madero-F0591F040BE7CD7A61373E686DCF3405
2026-09-27 15:27:46,278 DEBUG https://ar.computrabajo.com:443 "GET /ofertas-de-trabajo/oferta-de-trabajo-de-pizzeroa-en-puerto-madero-F0591F040BE7CD7A61373E686DCF3405 HTTP/1.1" 200 None
2026-09-27 15:27:46,281 DEBUG     GET https://ar.computrabajo.com/ofertas-de-trabajo/oferta-de-trabajo-de-pizzeroa-en-puerto-madero-F0591F040BE7CD7A61373E686DCF3405 → HTTP 200 (160,017 chars)
2026-09-27 15:27:46,300 INFO     ┌─ SCRAPED JOB ─────────────────────────────────────────
    │ URL          : https://ar.computrabajo.com/ofertas-de-trabajo/oferta-de-trabajo-de-pizzeroa-en-puerto-madero-F0591F040BE7CD7A61373E686DCF3405
    │ Title        : Pizzero/a
    │ Company      : Consultora gastronómica madero
    │ Location     : Puerto Madero, Capital Federal
    │ Job type     : full-time
    │ Salary       : (not listed)
    │ Industry     : Hostelería / Turismo
    │ Date posted  : 2026-08-10
    │ Deadline     : 2026-10-09
    │ External ID  : DAFBBABBDF4A064F
    │ Description  : Importantes locales gastronómicos ubicados en Palermo y Puerto Madero se encuentran en la búsqueda de Pizzero/a para incorporar a su equipo de trabajo.
Buscamos una persona proactiva, dinámica y respo…
    └───────────────────────────────────────────────────────
2026-09-27 15:27:46,986 DEBUG https://argentina.mimusjobs.com:443 "GET /wp-json/wp/v2/companies?slug=consultora-gastron-mica-madero HTTP/1.1" 200 None
2026-09-27 15:27:46,999 DEBUG https://ii.ct-stc.com:443 "GET /5/logos/empresas/2023/09/19/03704ba6c2bd4c2188ef190838090thumbnail.jpeg HTTP/1.1" 200 4734
2026-09-27 15:27:48,943 DEBUG https://argentina.mimusjobs.com:443 "POST /wp-json/wp/v2/media HTTP/1.1" 201 None
2026-09-27 15:27:50,771 DEBUG https://argentina.mimusjobs.com:443 "POST /wp-json/wp/v2/companies HTTP/1.1" 201 None
2026-09-27 15:27:50,779 INFO ✅ Company posted: Consultora gastronómica madero → ID 35025
2026-09-27 15:27:51,455 DEBUG https://argentina.mimusjobs.com:443 "GET /wp-json/wp/v2/job-listings?slug=pizzero-a HTTP/1.1" 200 None
2026-09-27 15:27:51,456 INFO ⏭ Job already on WP: Pizzero/a
2026-09-27 15:27:51,456 INFO ✅ SUCCESS — 'Pizzero/a' → WP ID=18445 🔗 https://argentina.mimusjobs.com/job/pizzero-a/
2026-09-27 15:27:52,456 INFO ── https://ar.computrabajo.com/empleos-en-capital-federal | page 2 | job 10/20: https://ar.computrabajo.com/ofertas-de-trabajo/oferta-de-trabajo-de-ayudante-de-oficial-multiple-mantenimiento-integral-y-obras-en-saavedra-AB9BF14E4A5A09CB61373E686DCF3405
2026-09-27 15:27:52,532 DEBUG https://ar.computrabajo.com:443 "GET /ofertas-de-trabajo/oferta-de-trabajo-de-ayudante-de-oficial-multiple-mantenimiento-integral-y-obras-en-saavedra-AB9BF14E4A5A09CB61373E686DCF3405 HTTP/1.1" 200 None
2026-09-27 15:27:52,534 DEBUG     GET https://ar.computrabajo.com/ofertas-de-trabajo/oferta-de-trabajo-de-ayudante-de-oficial-multiple-mantenimiento-integral-y-obras-en-saavedra-AB9BF14E4A5A09CB61373E686DCF3405 → HTTP 200 (152,553 chars)
2026-09-27 15:27:52,579 WARNING No JobPosting JSON-LD found, using HTML fallback: https://ar.computrabajo.com/ofertas-de-trabajo/oferta-de-trabajo-de-ayudante-de-oficial-multiple-mantenimiento-integral-y-obras-en-saavedra-AB9BF14E4A5A09CB61373E686DCF3405
2026-09-27 15:27:52,580 INFO     ┌─ SCRAPED JOB ─────────────────────────────────────────
    │ URL          : https://ar.computrabajo.com/ofertas-de-trabajo/oferta-de-trabajo-de-ayudante-de-oficial-multiple-mantenimiento-integral-y-obras-en-saavedra-AB9BF14E4A5A09CB61373E686DCF3405
    │ Title        : Ayudante de Oficial Múltiple - (Mantenimiento Integral y Obras)
    │ Company      : Importante empresa del sector
    │ Location     : Saavedra, Capital Federal
    │ Job type     : full-time
    │ Salary       : A convenir ARS
    │ Industry     : (none)
    │ Date posted  : (unknown)
    │ Deadline     : (estimated: )
    │ External ID  : (none)
    │ Description  : Descripción del puesto
Buscamos un Ayudante de Oficial dinámico y con predisposición para aprender, que brinde soporte técnico y operativo continuo a los oficiales de las distintas especialidades en l…
    └───────────────────────────────────────────────────────
2026-09-27 15:27:53,719 DEBUG https://argentina.mimusjobs.com:443 "GET /wp-json/wp/v2/companies?slug=importante-empresa-del-sector HTTP/1.1" 200 None
2026-09-27 15:27:53,719 INFO ⏭ Company exists: Importante empresa del sector
2026-09-27 15:27:54,673 DEBUG https://argentina.mimusjobs.com:443 "GET /wp-json/wp/v2/job-listings?slug=ayudante-de-oficial-m-ltiple----mantenimiento-integral-y-obras- HTTP/1.1" 200 None
2026-09-27 15:27:55,988 DEBUG https://argentina.mimusjobs.com:443 "POST /wp-json/wp/v2/job-listings HTTP/1.1" 201 None
2026-09-27 15:27:55,989 INFO ✅ Job posted: 'Ayudante de Oficial Múltiple - (Mantenimiento Integral y Obras)' → WP ID 35026
2026-09-27 15:27:55,989 INFO ✅ SUCCESS — 'Ayudante de Oficial Múltiple - (Mantenimiento Integral y Obras)' → WP ID=35026 🔗 https://argentina.mimusjobs.com/job/ayudante-de-oficial-multiple-mantenimiento-integral-y-obras-6/
2026-09-27 15:27:56,989 INFO ── https://ar.computrabajo.com/empleos-en-capital-federal | page 2 | job 11/20: https://ar.computrabajo.com/ofertas-de-trabajo/oferta-de-trabajo-de-tecnico-mantenimiento-productivo-chacarita-caba-en-chacarita-C070D68EE987753461373E686DCF3405
2026-09-27 15:27:57,073 DEBUG https://ar.computrabajo.com:443 "GET /ofertas-de-trabajo/oferta-de-trabajo-de-tecnico-mantenimiento-productivo-chacarita-caba-en-chacarita-C070D68EE987753461373E686DCF3405 HTTP/1.1" 200 None
2026-09-27 15:27:57,075 DEBUG     GET https://ar.computrabajo.com/ofertas-de-trabajo/oferta-de-trabajo-de-tecnico-mantenimiento-productivo-chacarita-caba-en-chacarita-C070D68EE987753461373E686DCF3405 → HTTP 200 (169,895 chars)
2026-09-27 15:27:57,099 INFO     ┌─ SCRAPED JOB ─────────────────────────────────────────
    │ URL          : https://ar.computrabajo.com/ofertas-de-trabajo/oferta-de-trabajo-de-tecnico-mantenimiento-productivo-chacarita-caba-en-chacarita-C070D68EE987753461373E686DCF3405
    │ Title        : Técnico Mantenimiento Productivo / Chacarita, Caba
    │ Company      : Ceta Capital Humano
    │ Location     : Chacarita, Capital Federal
    │ Job type     : full-time
    │ Salary       : (not listed)
    │ Industry     : RRHH / Personal
    │ Date posted  : 2026-09-03
    │ Deadline     : 2026-11-02
    │ External ID  : 6264F50F0A3B0A7D
    │ Description  : En Ceta Capital Humano nos encontramos en búsqueda de un Técnico de Mantenimiento Productivo para una importante empresa multinacional dedicada al rubro de salud ubicada en Chacarita, Capital Federal.…
    └───────────────────────────────────────────────────────
2026-09-27 15:27:57,931 DEBUG https://argentina.mimusjobs.com:443 "GET /wp-json/wp/v2/companies?slug=ceta-capital-humano HTTP/1.1" 200 None
2026-09-27 15:27:57,931 INFO ⏭ Company exists: Ceta Capital Humano
2026-09-27 15:27:58,581 DEBUG https://argentina.mimusjobs.com:443 "GET /wp-json/wp/v2/job-listings?slug=t-cnico-mantenimiento-productivo---chacarita--caba HTTP/1.1" 200 None
2026-09-27 15:27:58,594 DEBUG https://ii.ct-stc.com:443 "GET /5/logos/empresas/2023/10/11/grupo-ceta-6264F50F0A3B0A7D143811thumbnail.jpeg HTTP/1.1" 200 20851
2026-09-27 15:27:59,393 DEBUG https://argentina.mimusjobs.com:443 "POST /wp-json/wp/v2/media HTTP/1.1" 201 None
2026-09-27 15:28:00,053 DEBUG https://argentina.mimusjobs.com:443 "GET /wp-json/wp/v2/job_listing_region?slug=chacarita--capital-federal HTTP/1.1" 200 None
2026-09-27 15:28:01,357 DEBUG https://argentina.mimusjobs.com:443 "POST /wp-json/wp/v2/job-listings HTTP/1.1" 201 None
2026-09-27 15:28:01,358 INFO ✅ Job posted: 'Técnico Mantenimiento Productivo / Chacarita, Caba' → WP ID 35028
2026-09-27 15:28:01,358 INFO ✅ SUCCESS — 'Técnico Mantenimiento Productivo / Chacarita, Caba' → WP ID=35028 🔗 https://argentina.mimusjobs.com/job/tecnico-mantenimiento-productivo-chacarita-caba-6/
2026-09-27 15:28:02,358 INFO ── https://ar.computrabajo.com/empleos-en-capital-federal | page 2 | job 12/20: https://ar.computrabajo.com/ofertas-de-trabajo/oferta-de-trabajo-de-contadora-liquidacion-de-impuestos-z-parque-patricios-en-parque-patricios-52DECD41AFD225B161373E686DCF3405
2026-09-27 15:28:02,433 DEBUG https://ar.computrabajo.com:443 "GET /ofertas-de-trabajo/oferta-de-trabajo-de-contadora-liquidacion-de-impuestos-z-parque-patricios-en-parque-patricios-52DECD41AFD225B161373E686DCF3405 HTTP/1.1" 200 None
2026-09-27 15:28:02,436 DEBUG     GET https://ar.computrabajo.com/ofertas-de-trabajo/oferta-de-trabajo-de-contadora-liquidacion-de-impuestos-z-parque-patricios-en-parque-patricios-52DECD41AFD225B161373E686DCF3405 → HTTP 200 (175,398 chars)
2026-09-27 15:28:02,460 INFO     ┌─ SCRAPED JOB ─────────────────────────────────────────
    │ URL          : https://ar.computrabajo.com/ofertas-de-trabajo/oferta-de-trabajo-de-contadora-liquidacion-de-impuestos-z-parque-patricios-en-parque-patricios-52DECD41AFD225B161373E686DCF3405
    │ Title        : Contador/a ( liquidacion de Impuestos) - z/ Parque Patricios
    │ Company      : Grupo Servicemen
    │ Location     : Parque Patricios, Capital Federal
    │ Job type     : full-time
    │ Salary       : (not listed)
    │ Industry     : RRHH / Personal
    │ Date posted  : 2026-08-26
    │ Deadline     : 2026-10-25
    │ External ID  : B1DD3E58C205E141
    │ Description  : Importante empresa busca un Contador/a, como analista contable seniro, con personal a cargo
Estudios: Contador Público o Licenciado en Administración
Excluyente: Excel Avanzado (no solamente fórmulas …
    └───────────────────────────────────────────────────────
2026-09-27 15:28:03,272 DEBUG https://argentina.mimusjobs.com:443 "GET /wp-json/wp/v2/companies?slug=grupo-servicemen HTTP/1.1" 200 None
2026-09-27 15:28:03,273 INFO ⏭ Company exists: Grupo Servicemen
2026-09-27 15:28:04,901 DEBUG https://argentina.mimusjobs.com:443 "GET /wp-json/wp/v2/job-listings?slug=contador-a---liquidacion-de-impuestos----z--parque-patricios HTTP/1.1" 200 None
2026-09-27 15:28:04,901 INFO ⏭ Job already on WP: Contador/a ( liquidacion de Impuestos) - z/ Parque Patricios
2026-09-27 15:28:04,902 INFO ✅ SUCCESS — 'Contador/a ( liquidacion de Impuestos) - z/ Parque Patricios' → WP ID=22144 🔗 https://argentina.mimusjobs.com/job/contador-a-liquidacion-de-impuestos-z-parque-patricios/
2026-09-27 15:28:05,902 INFO ── https://ar.computrabajo.com/empleos-en-capital-federal | page 2 | job 13/20: https://ar.computrabajo.com/ofertas-de-trabajo/oferta-de-trabajo-de-analista-contable-sr-zona-villa-devoto-en-recoleta-A77EB1533C021F1461373E686DCF3405
2026-09-27 15:28:05,994 DEBUG https://ar.computrabajo.com:443 "GET /ofertas-de-trabajo/oferta-de-trabajo-de-analista-contable-sr-zona-villa-devoto-en-recoleta-A77EB1533C021F1461373E686DCF3405 HTTP/1.1" 200 None
2026-09-27 15:28:05,997 DEBUG     GET https://ar.computrabajo.com/ofertas-de-trabajo/oferta-de-trabajo-de-analista-contable-sr-zona-villa-devoto-en-recoleta-A77EB1533C021F1461373E686DCF3405 → HTTP 200 (174,902 chars)
2026-09-27 15:28:06,021 INFO     ┌─ SCRAPED JOB ─────────────────────────────────────────
    │ URL          : https://ar.computrabajo.com/ofertas-de-trabajo/oferta-de-trabajo-de-analista-contable-sr-zona-villa-devoto-en-recoleta-A77EB1533C021F1461373E686DCF3405
    │ Title        : Analista Contable SR. Zona Villa Devoto
    │ Company      : Suministra SRL
    │ Location     : Recoleta, Capital Federal
    │ Job type     : full-time
    │ Salary       : (not listed)
    │ Industry     : RRHH / Personal
    │ Date posted  : 2026-08-26
    │ Deadline     : 2026-10-25
    │ External ID  : 5CFBA2E187B9933C
    │ Description  : Importante empresa del rubro textil se encuentra en la búsqueda de un Analista Contable. Zona Villa Devoto.
Principales responsabilidades & Tareas:
Análisis y conciliaciones de cuentas contables.
Elab…
    └───────────────────────────────────────────────────────
2026-09-27 15:28:07,477 DEBUG https://argentina.mimusjobs.com:443 "GET /wp-json/wp/v2/companies?slug=suministra-srl HTTP/1.1" 200 None
2026-09-27 15:28:07,477 INFO ⏭ Company exists: Suministra SRL
2026-09-27 15:28:08,195 DEBUG https://argentina.mimusjobs.com:443 "GET /wp-json/wp/v2/job-listings?slug=analista-contable-sr--zona-villa-devoto HTTP/1.1" 200 None
2026-09-27 15:28:08,195 INFO ⏭ Job already on WP: Analista Contable SR. Zona Villa Devoto
2026-09-27 15:28:08,195 INFO ✅ SUCCESS — 'Analista Contable SR. Zona Villa Devoto' → WP ID=22150 🔗 https://argentina.mimusjobs.com/job/analista-contable-sr-zona-villa-devoto/
2026-09-27 15:28:09,196 INFO ── https://ar.computrabajo.com/empleos-en-capital-federal | page 2 | job 14/20: https://ar.computrabajo.com/ofertas-de-trabajo/oferta-de-trabajo-de-asesor-telefonico-de-postventa-y-retencion-en-monserrat-085495F013D7022C61373E686DCF3405
2026-09-27 15:28:09,273 DEBUG https://ar.computrabajo.com:443 "GET /ofertas-de-trabajo/oferta-de-trabajo-de-asesor-telefonico-de-postventa-y-retencion-en-monserrat-085495F013D7022C61373E686DCF3405 HTTP/1.1" 200 None
2026-09-27 15:28:09,275 DEBUG     GET https://ar.computrabajo.com/ofertas-de-trabajo/oferta-de-trabajo-de-asesor-telefonico-de-postventa-y-retencion-en-monserrat-085495F013D7022C61373E686DCF3405 → HTTP 200 (171,341 chars)
2026-09-27 15:28:09,299 INFO     ┌─ SCRAPED JOB ─────────────────────────────────────────
    │ URL          : https://ar.computrabajo.com/ofertas-de-trabajo/oferta-de-trabajo-de-asesor-telefonico-de-postventa-y-retencion-en-monserrat-085495F013D7022C61373E686DCF3405
    │ Title        : Asesor Telefónico de Postventa y Retención
    │ Company      : Cat-Technologies
    │ Location     : Monserrat, Capital Federal
    │ Job type     : temporary
    │ Salary       : (not listed)
    │ Industry     : Venta al consumidor
    │ Date posted  : 2026-08-10
    │ Deadline     : 2026-10-09
    │ External ID  : 58F854C3E51E13A4
    │ Description  : ¡En CAT Technologies te estamos buscando! Si tenés actitud comercial, pasión por la atención al cliente y buscás un empleo part time con grandes oportunidades de crecimiento, ¡este desafío es para vos…
    └───────────────────────────────────────────────────────
2026-09-27 15:28:10,055 DEBUG https://argentina.mimusjobs.com:443 "GET /wp-json/wp/v2/companies?slug=cat-technologies HTTP/1.1" 200 None
2026-09-27 15:28:10,056 INFO ⏭ Company exists: Cat-Technologies
2026-09-27 15:28:11,673 DEBUG https://argentina.mimusjobs.com:443 "GET /wp-json/wp/v2/job-listings?slug=asesor-telef-nico-de-postventa-y-retenci-n HTTP/1.1" 200 None
2026-09-27 15:28:11,685 DEBUG https://ii.ct-stc.com:443 "GET /5/logos/empresas/2023/01/10/cattechnologies-58F854C3E51E13A4161952585thumbnail.jpg HTTP/1.1" 200 53823
2026-09-27 15:28:14,671 DEBUG https://argentina.mimusjobs.com:443 "POST /wp-json/wp/v2/media HTTP/1.1" 201 None
2026-09-27 15:28:16,557 DEBUG https://argentina.mimusjobs.com:443 "POST /wp-json/wp/v2/job-listings HTTP/1.1" 201 None
2026-09-27 15:28:16,558 INFO ✅ Job posted: 'Asesor Telefónico de Postventa y Retención' → WP ID 35030
2026-09-27 15:28:16,558 INFO ✅ SUCCESS — 'Asesor Telefónico de Postventa y Retención' → WP ID=35030 🔗 https://argentina.mimusjobs.com/job/asesor-telefonico-de-postventa-y-retencion-6/
2026-09-27 15:28:17,558 INFO ── https://ar.computrabajo.com/empleos-en-capital-federal | page 2 | job 15/20: https://ar.computrabajo.com/ofertas-de-trabajo/oferta-de-trabajo-de-telemarketer-en-retiro-BAB513327B5A32FE61373E686DCF3405
2026-09-27 15:28:17,636 DEBUG https://ar.computrabajo.com:443 "GET /ofertas-de-trabajo/oferta-de-trabajo-de-telemarketer-en-retiro-BAB513327B5A32FE61373E686DCF3405 HTTP/1.1" 200 None
2026-09-27 15:28:17,639 DEBUG     GET https://ar.computrabajo.com/ofertas-de-trabajo/oferta-de-trabajo-de-telemarketer-en-retiro-BAB513327B5A32FE61373E686DCF3405 → HTTP 200 (175,010 chars)
2026-09-27 15:28:17,663 INFO     ┌─ SCRAPED JOB ─────────────────────────────────────────
    │ URL          : https://ar.computrabajo.com/ofertas-de-trabajo/oferta-de-trabajo-de-telemarketer-en-retiro-BAB513327B5A32FE61373E686DCF3405
    │ Title        : Telemarketer
    │ Company      : Adecco Argentina S.A.
    │ Location     : Retiro, Capital Federal
    │ Job type     : temporary
    │ Salary       : (not listed)
    │ Industry     : RRHH / Personal
    │ Date posted  : 2026-09-11
    │ Deadline     : 2026-11-10
    │ External ID  : 206BA0109DAA5C4A
    │ Description  : ¡Tenemos una oportunidad para vos!
¿Te destacas vendiendo y querés desplegar tus habilidades comerciales en un excelente ambiente laboral? 
Estamos buscando Operador Telefónico para Ventas Telemarketi…
    └───────────────────────────────────────────────────────
2026-09-27 15:28:18,368 DEBUG https://argentina.mimusjobs.com:443 "GET /wp-json/wp/v2/companies?slug=adecco-argentina-s-a- HTTP/1.1" 200 None
2026-09-27 15:28:18,369 INFO ⏭ Company exists: Adecco Argentina S.A.
2026-09-27 15:28:19,059 DEBUG https://argentina.mimusjobs.com:443 "GET /wp-json/wp/v2/job-listings?slug=telemarketer HTTP/1.1" 200 None
2026-09-27 15:28:19,060 INFO ⏭ Job already on WP: Telemarketer
2026-09-27 15:28:19,060 INFO ✅ SUCCESS — 'Telemarketer' → WP ID=12244 🔗 https://argentina.mimusjobs.com/job/telemarketer/
2026-09-27 15:28:20,060 INFO ── https://ar.computrabajo.com/empleos-en-capital-federal | page 2 | job 16/20: https://ar.computrabajo.com/ofertas-de-trabajo/oferta-de-trabajo-de-recepcionista-de-eventos-eventual-en-puerto-madero-F82B04018BB56F2661373E686DCF3405
2026-09-27 15:28:20,149 DEBUG https://ar.computrabajo.com:443 "GET /ofertas-de-trabajo/oferta-de-trabajo-de-recepcionista-de-eventos-eventual-en-puerto-madero-F82B04018BB56F2661373E686DCF3405 HTTP/1.1" 200 None
2026-09-27 15:28:20,151 DEBUG     GET https://ar.computrabajo.com/ofertas-de-trabajo/oferta-de-trabajo-de-recepcionista-de-eventos-eventual-en-puerto-madero-F82B04018BB56F2661373E686DCF3405 → HTTP 200 (157,745 chars)
2026-09-27 15:28:20,170 INFO     ┌─ SCRAPED JOB ─────────────────────────────────────────
    │ URL          : https://ar.computrabajo.com/ofertas-de-trabajo/oferta-de-trabajo-de-recepcionista-de-eventos-eventual-en-puerto-madero-F82B04018BB56F2661373E686DCF3405
    │ Title        : Recepcionista de eventos - Eventual
    │ Company      : MADERO TANGO
    │ Location     : Puerto Madero, Capital Federal
    │ Job type     : part-time
    │ Salary       : (not listed)
    │ Industry     : Hostelería / Turismo
    │ Date posted  : 2026-07-29
    │ Deadline     : 2026-09-27
    │ External ID  : 8D98C1208BB86D8B
    │ Description  : ¡En Madero Tango Eventos buscamos Recepcionista! · En Madero Tango, empresa líder en gastronomía y organización de eventos con más de 20 años de trayectoria en Puerto Madero, estamos sumando Recepcion…
    └───────────────────────────────────────────────────────
2026-09-27 15:28:20,967 DEBUG https://argentina.mimusjobs.com:443 "GET /wp-json/wp/v2/companies?slug=madero-tango HTTP/1.1" 200 None
2026-09-27 15:28:20,967 INFO ⏭ Company exists: MADERO TANGO
2026-09-27 15:28:21,613 DEBUG https://argentina.mimusjobs.com:443 "GET /wp-json/wp/v2/job-listings?slug=recepcionista-de-eventos---eventual HTTP/1.1" 200 None
2026-09-27 15:28:21,614 INFO ⏭ Job already on WP: Recepcionista de eventos - Eventual
2026-09-27 15:28:21,614 INFO ✅ SUCCESS — 'Recepcionista de eventos - Eventual' → WP ID=22156 🔗 https://argentina.mimusjobs.com/job/recepcionista-de-eventos-eventual/
2026-09-27 15:28:22,614 INFO ── https://ar.computrabajo.com/empleos-en-capital-federal | page 2 | job 17/20: https://ar.computrabajo.com/ofertas-de-trabajo/oferta-de-trabajo-de-bartender-fulltime-en-puerto-madero-7681CAE73DB08F8761373E686DCF3405
2026-09-27 15:28:22,689 DEBUG https://ar.computrabajo.com:443 "GET /ofertas-de-trabajo/oferta-de-trabajo-de-bartender-fulltime-en-puerto-madero-7681CAE73DB08F8761373E686DCF3405 HTTP/1.1" 200 None
2026-09-27 15:28:22,691 DEBUG     GET https://ar.computrabajo.com/ofertas-de-trabajo/oferta-de-trabajo-de-bartender-fulltime-en-puerto-madero-7681CAE73DB08F8761373E686DCF3405 → HTTP 200 (161,912 chars)
2026-09-27 15:28:22,710 INFO     ┌─ SCRAPED JOB ─────────────────────────────────────────
    │ URL          : https://ar.computrabajo.com/ofertas-de-trabajo/oferta-de-trabajo-de-bartender-fulltime-en-puerto-madero-7681CAE73DB08F8761373E686DCF3405
    │ Title        : Bartender - Fulltime
    │ Company      : Consultora gastronómica madero
    │ Location     : Puerto Madero, Capital Federal
    │ Job type     : full-time
    │ Salary       : (not listed)
    │ Industry     : Hostelería / Turismo
    │ Date posted  : 2026-08-10
    │ Deadline     : 2026-10-09
    │ External ID  : DAFBBABBDF4A064F
    │ Description  : Importante cervecería con presencia en Palermo y Puerto Madero se encuentra en la búsqueda de Bartenders para incorporarse a su equipo de trabajo.
Buscamos personas proactivas, dinámicas, responsables…
    └───────────────────────────────────────────────────────
2026-09-27 15:28:23,786 DEBUG https://argentina.mimusjobs.com:443 "GET /wp-json/wp/v2/companies?slug=consultora-gastron-mica-madero HTTP/1.1" 200 None
2026-09-27 15:28:23,797 DEBUG https://ii.ct-stc.com:443 "GET /5/logos/empresas/2023/09/19/03704ba6c2bd4c2188ef190838090thumbnail.jpeg HTTP/1.1" 200 4734
2026-09-27 15:28:24,926 DEBUG https://argentina.mimusjobs.com:443 "POST /wp-json/wp/v2/media HTTP/1.1" 201 None
2026-09-27 15:28:25,947 DEBUG https://argentina.mimusjobs.com:443 "POST /wp-json/wp/v2/companies HTTP/1.1" 201 None
2026-09-27 15:28:25,947 INFO ✅ Company posted: Consultora gastronómica madero → ID 35032
2026-09-27 15:28:27,135 DEBUG https://argentina.mimusjobs.com:443 "GET /wp-json/wp/v2/job-listings?slug=bartender---fulltime HTTP/1.1" 200 None
2026-09-27 15:28:27,136 INFO ⏭ Job already on WP: Bartender - Fulltime
2026-09-27 15:28:27,136 INFO ✅ SUCCESS — 'Bartender - Fulltime' → WP ID=22160 🔗 https://argentina.mimusjobs.com/job/bartender-fulltime/
2026-09-27 15:28:28,136 INFO ── https://ar.computrabajo.com/empleos-en-capital-federal | page 2 | job 18/20: https://ar.computrabajo.com/ofertas-de-trabajo/oferta-de-trabajo-de-desarrollo-comercial-automotriz-sumate-al-equipo-con-mayores-comisiones-de-caba-en-san-nicolas-F3443288FFD351E861373E686DCF3405
2026-09-27 15:28:28,211 DEBUG https://ar.computrabajo.com:443 "GET /ofertas-de-trabajo/oferta-de-trabajo-de-desarrollo-comercial-automotriz-sumate-al-equipo-con-mayores-comisiones-de-caba-en-san-nicolas-F3443288FFD351E861373E686DCF3405 HTTP/1.1" 200 None
2026-09-27 15:28:28,213 DEBUG     GET https://ar.computrabajo.com/ofertas-de-trabajo/oferta-de-trabajo-de-desarrollo-comercial-automotriz-sumate-al-equipo-con-mayores-comisiones-de-caba-en-san-nicolas-F3443288FFD351E861373E686DCF3405 → HTTP 200 (162,557 chars)
2026-09-27 15:28:28,232 INFO     ┌─ SCRAPED JOB ─────────────────────────────────────────
    │ URL          : https://ar.computrabajo.com/ofertas-de-trabajo/oferta-de-trabajo-de-desarrollo-comercial-automotriz-sumate-al-equipo-con-mayores-comisiones-de-caba-en-san-nicolas-F3443288FFD351E861373E686DCF3405
    │ Title        : Desarrollo Comercial Automotriz: Sumate al Equipo con Mayores Comisiones de CABA
    │ Company      : EAGLES
    │ Location     : San Nicolás, Capital Federal
    │ Job type     : full-time
    │ Salary       : 800000 ARS
    │ Industry     : Venta al consumidor
    │ Date posted  : 2026-08-10
    │ Deadline     : 2026-10-09
    │ External ID  : 3FA18F68260709BF
    │ Description  : Hay dos tipos de personas: las que esperan que las cosas pasen y las que salen a buscar los resultados. En nuestra organización dentro del sector automotriz, buscamos a las segundas.
No nos importa si…
    └───────────────────────────────────────────────────────
2026-09-27 15:28:28,982 DEBUG https://argentina.mimusjobs.com:443 "GET /wp-json/wp/v2/companies?slug=eagles HTTP/1.1" 200 None
2026-09-27 15:28:28,982 INFO ⏭ Company exists: EAGLES
2026-09-27 15:28:29,788 DEBUG https://argentina.mimusjobs.com:443 "GET /wp-json/wp/v2/job-listings?slug=desarrollo-comercial-automotriz--sumate-al-equipo-con-mayores-comisiones-de-caba HTTP/1.1" 200 None
2026-09-27 15:28:29,788 INFO ⏭ Job already on WP: Desarrollo Comercial Automotriz: Sumate al Equipo con Mayores Comisiones de CABA
2026-09-27 15:28:29,788 INFO ✅ SUCCESS — 'Desarrollo Comercial Automotriz: Sumate al Equipo con Mayores Comisiones de CABA' → WP ID=22164 🔗 https://argentina.mimusjobs.com/job/desarrollo-comercial-automotriz-sumate-al-equipo-con-mayores-comisiones-de-caba/
2026-09-27 15:28:30,788 INFO ── https://ar.computrabajo.com/empleos-en-capital-federal | page 2 | job 19/20: https://ar.computrabajo.com/ofertas-de-trabajo/oferta-de-trabajo-de-gate-controller-en-retiro-2AB6EA8595F9A3FB61373E686DCF3405
2026-09-27 15:28:30,867 DEBUG https://ar.computrabajo.com:443 "GET /ofertas-de-trabajo/oferta-de-trabajo-de-gate-controller-en-retiro-2AB6EA8595F9A3FB61373E686DCF3405 HTTP/1.1" 200 None
2026-09-27 15:28:30,869 DEBUG     GET https://ar.computrabajo.com/ofertas-de-trabajo/oferta-de-trabajo-de-gate-controller-en-retiro-2AB6EA8595F9A3FB61373E686DCF3405 → HTTP 200 (149,497 chars)
2026-09-27 15:28:30,886 WARNING No JobPosting JSON-LD found, using HTML fallback: https://ar.computrabajo.com/ofertas-de-trabajo/oferta-de-trabajo-de-gate-controller-en-retiro-2AB6EA8595F9A3FB61373E686DCF3405
2026-09-27 15:28:30,888 INFO     ┌─ SCRAPED JOB ─────────────────────────────────────────
    │ URL          : https://ar.computrabajo.com/ofertas-de-trabajo/oferta-de-trabajo-de-gate-controller-en-retiro-2AB6EA8595F9A3FB61373E686DCF3405
    │ Title        : Gate Controller
    │ Company      : Importante empresa del sector
    │ Location     : Retiro, Capital Federal
    │ Job type     : full-time
    │ Salary       : A convenir ARS
    │ Industry     : (none)
    │ Date posted  : (unknown)
    │ Deadline     : (estimated: )
    │ External ID  : (none)
    │ Description  : Importante empresa del sector se encuentra en la búsqueda de una persona para desempeñarse como Administrativo/a de gate e incorporarse a nuestro equipo de trabajo, quien será responsable de gestionar…
    └───────────────────────────────────────────────────────
2026-09-27 15:28:31,435 DEBUG https://argentina.mimusjobs.com:443 "GET /wp-json/wp/v2/companies?slug=importante-empresa-del-sector HTTP/1.1" 200 None
2026-09-27 15:28:31,435 INFO ⏭ Company exists: Importante empresa del sector
2026-09-27 15:28:32,134 DEBUG https://argentina.mimusjobs.com:443 "GET /wp-json/wp/v2/job-listings?slug=gate-controller HTTP/1.1" 200 None
2026-09-27 15:28:32,134 INFO ⏭ Job already on WP: Gate Controller
2026-09-27 15:28:32,135 INFO ✅ SUCCESS — 'Gate Controller' → WP ID=22165 🔗 https://argentina.mimusjobs.com/job/gate-controller/
2026-09-27 15:28:33,135 INFO ── https://ar.computrabajo.com/empleos-en-capital-federal | page 2 | job 20/20: https://ar.computrabajo.com/ofertas-de-trabajo/oferta-de-trabajo-de-ingreso-hoy-peon-de-cocina--con-certificado-de-manipulacion-de-alimentos-vigente-excluyente-en-almagro-A524C73231AD140961373E686DCF3405
2026-09-27 15:28:33,222 DEBUG https://ar.computrabajo.com:443 "GET /ofertas-de-trabajo/oferta-de-trabajo-de-ingreso-hoy-peon-de-cocina--con-certificado-de-manipulacion-de-alimentos-vigente-excluyente-en-almagro-A524C73231AD140961373E686DCF3405 HTTP/1.1" 200 None
2026-09-27 15:28:33,225 DEBUG     GET https://ar.computrabajo.com/ofertas-de-trabajo/oferta-de-trabajo-de-ingreso-hoy-peon-de-cocina--con-certificado-de-manipulacion-de-alimentos-vigente-excluyente-en-almagro-A524C73231AD140961373E686DCF3405 → HTTP 200 (175,419 chars)
2026-09-27 15:28:33,248 INFO     ┌─ SCRAPED JOB ─────────────────────────────────────────
    │ URL          : https://ar.computrabajo.com/ofertas-de-trabajo/oferta-de-trabajo-de-ingreso-hoy-peon-de-cocina--con-certificado-de-manipulacion-de-alimentos-vigente-excluyente-en-almagro-A524C73231AD140961373E686DCF3405
    │ Title        : Ingreso Hoy/ Peón de Cocina / Con Certificado de Manipulación de Alimentos Vigente (Excluyente)
    │ Company      : Ceta Capital Humano
    │ Location     : Almagro, Capital Federal
    │ Job type     : full-time
    │ Salary       : (not listed)
    │ Industry     : RRHH / Personal
    │ Date posted  : 2026-09-11
    │ Deadline     : 2026-11-10
    │ External ID  : 6264F50F0A3B0A7D
    │ Description  : Grupo Ceta se encuentra en la búsqueda de Peones de Cocina (Bacha/ Limpieza) para desempeñarse en un importantes Sanatorios/ Hospitales de Caba. 
Buscamos personas responsables, comprometidas y con ex…
    └───────────────────────────────────────────────────────
2026-09-27 15:28:34,336 DEBUG https://argentina.mimusjobs.com:443 "GET /wp-json/wp/v2/companies?slug=ceta-capital-humano HTTP/1.1" 200 None
2026-09-27 15:28:34,336 INFO ⏭ Company exists: Ceta Capital Humano
2026-09-27 15:28:35,257 DEBUG https://argentina.mimusjobs.com:443 "GET /wp-json/wp/v2/job-listings?slug=ingreso-hoy--pe-n-de-cocina---con-certificado-de-manipulaci-n-de-alimentos-vigen HTTP/1.1" 200 None
2026-09-27 15:28:35,269 DEBUG https://ii.ct-stc.com:443 "GET /5/logos/empresas/2023/10/11/grupo-ceta-6264F50F0A3B0A7D143811thumbnail.jpeg HTTP/1.1" 200 20851
2026-09-27 15:28:36,288 DEBUG https://argentina.mimusjobs.com:443 "POST /wp-json/wp/v2/media HTTP/1.1" 201 None
2026-09-27 15:28:37,101 DEBUG https://argentina.mimusjobs.com:443 "GET /wp-json/wp/v2/job_listing_region?slug=almagro--capital-federal HTTP/1.1" 200 None
2026-09-27 15:28:38,085 DEBUG https://argentina.mimusjobs.com:443 "POST /wp-json/wp/v2/job-listings HTTP/1.1" 201 None
2026-09-27 15:28:38,086 INFO ✅ Job posted: 'Ingreso Hoy/ Peón de Cocina / Con Certificado de Manipulación de Alimentos Vigente (Excluyente)' → WP ID 35034
2026-09-27 15:28:38,086 INFO ✅ SUCCESS — 'Ingreso Hoy/ Peón de Cocina / Con Certificado de Manipulación de Alimentos Vigente (Excluyente)' → WP ID=35034 🔗 https://argentina.mimusjobs.com/job/ingreso-hoy-peon-de-cocina-con-certificado-de-manipulacion-de-alimentos-vigente-excluyente-6/
2026-09-27 15:28:39,087 INFO 📊 Running totals — posted: 40 | skipped: 0 | failed: 0
2026-09-27 15:28:39,087 INFO Fetching listing page 3: https://ar.computrabajo.com/empleos-en-capital-federal?p=3
2026-09-27 15:28:39,225 DEBUG https://ar.computrabajo.com:443 "GET /empleos-en-capital-federal?p=3 HTTP/1.1" 200 None
2026-09-27 15:28:39,230 DEBUG     GET https://ar.computrabajo.com/empleos-en-capital-federal?p=3 → HTTP 200 (333,455 chars)
2026-09-27 15:28:39,273 INFO Found 20 job URLs on page 3
2026-09-27 15:28:39,273 DEBUG     job 1: https://ar.computrabajo.com/ofertas-de-trabajo/oferta-de-trabajo-de-si-tenes-experiencia-como-telemarketer-postulate-aca-en-san-nicolas-04A39E691CFD951A61373E686DCF3405
2026-09-27 15:28:39,273 DEBUG     job 2: https://ar.computrabajo.com/ofertas-de-trabajo/oferta-de-trabajo-de-lider-de-migracion-de-datos-sap-s4hana-rise-en-san-nicolas-BEE906B24965426F61373E686DCF3405
2026-09-27 15:28:39,273 DEBUG     job 3: https://ar.computrabajo.com/ofertas-de-trabajo/oferta-de-trabajo-de-tecnico-electromecanico-full-time-san-telmo-en-san-telmo-B91BBEA958CB5FA261373E686DCF3405
2026-09-27 15:28:39,273 DEBUG     job 4: https://ar.computrabajo.com/ofertas-de-trabajo/oferta-de-trabajo-de-analista-sr-en-atraccion-de-talento-en-barracas-1174BDADE222330061373E686DCF3405
2026-09-27 15:28:39,273 DEBUG     job 5: https://ar.computrabajo.com/ofertas-de-trabajo/oferta-de-trabajo-de-importante-restaurante-de-palermo-busca-mozo-de-barra-en-palermo-04B80D716707BB8D61373E686DCF3405
2026-09-27 15:28:39,273 DEBUG     job 6: https://ar.computrabajo.com/ofertas-de-trabajo/oferta-de-trabajo-de-camareroa-de-eventos-eventual-en-puerto-madero-25B188C6089574F561373E686DCF3405
2026-09-27 15:28:39,273 DEBUG     job 7: https://ar.computrabajo.com/ofertas-de-trabajo/oferta-de-trabajo-de-vendedores-y-comerciales-automotriz-sumate-a-la-marca-lider-de-caba-en-san-nicolas-91544FB0B9FD558061373E686DCF3405
2026-09-27 15:28:39,273 DEBUG     job 8: https://ar.computrabajo.com/ofertas-de-trabajo/oferta-de-trabajo-de-tecnico-multidisciplinario-diurno-en-constitucion-FC494AFC9ABA84EB61373E686DCF3405
2026-09-27 15:28:39,273 DEBUG     job 9: https://ar.computrabajo.com/ofertas-de-trabajo/oferta-de-trabajo-de-buscamos-asesores-comerciales-telefonicos-en-san-nicolas-685022C4FAD80A4761373E686DCF3405
2026-09-27 15:28:39,273 DEBUG     job 10: https://ar.computrabajo.com/ofertas-de-trabajo/oferta-de-trabajo-de-sap-cap-fullstack-developer-senior-en-san-nicolas-7AE38847034D997361373E686DCF3405
2026-09-27 15:28:39,273 DEBUG     job 11: https://ar.computrabajo.com/ofertas-de-trabajo/oferta-de-trabajo-de-bartender-eventual-en-puerto-madero-52C743157908A4B261373E686DCF3405
2026-09-27 15:28:39,273 DEBUG     job 12: https://ar.computrabajo.com/ofertas-de-trabajo/oferta-de-trabajo-de-referente-de-mucamoas-eventual-en-recoleta-A8ABDE776E1DD35F61373E686DCF3405
2026-09-27 15:28:39,273 DEBUG     job 13: https://ar.computrabajo.com/ofertas-de-trabajo/oferta-de-trabajo-de-gerente-de-unidad-de-negocio-fulltime-en-puerto-madero-503F8F9B1F5FA3C061373E686DCF3405
2026-09-27 15:28:39,273 DEBUG     job 14: https://ar.computrabajo.com/ofertas-de-trabajo/oferta-de-trabajo-de-captador-de-fondos-ong-techo-part-time-caba-en-palermo-12ED7298A4E671C761373E686DCF3405
2026-09-27 15:28:39,273 DEBUG     job 15: https://ar.computrabajo.com/ofertas-de-trabajo/oferta-de-trabajo-de-buscamos-perfil-competitivo-y-de-alto-rendimiento-desarrollo-comercial-automotriz-en-san-nicolas-C57ED0F5092F0CEC61373E686DCF3405
2026-09-27 15:28:39,273 DEBUG     job 16: https://ar.computrabajo.com/ofertas-de-trabajo/oferta-de-trabajo-de-referente-comercial-de-campo-en-parque-patricios-303394ED4C23922D61373E686DCF3405
2026-09-27 15:28:39,273 DEBUG     job 17: https://ar.computrabajo.com/ofertas-de-trabajo/oferta-de-trabajo-de-vendedor-telefonico-para-importante-banco-en-san-nicolas-E6E22D6B53BD503361373E686DCF3405
2026-09-27 15:28:39,273 DEBUG     job 18: https://ar.computrabajo.com/ofertas-de-trabajo/oferta-de-trabajo-de-preparacion-y-entrega-de-motos-0km-san-isidro-en-barracas-41D78C3B3F4EAF8861373E686DCF3405
2026-09-27 15:28:39,273 DEBUG     job 19: https://ar.computrabajo.com/ofertas-de-trabajo/oferta-de-trabajo-de-consultor-sap-pm-senior-en-san-nicolas-9C5CEE1C3FB30C7B61373E686DCF3405
2026-09-27 15:28:39,273 DEBUG     job 20: https://ar.computrabajo.com/ofertas-de-trabajo/oferta-de-trabajo-de-asesor-comercial-inmobiliario-en-caballito-752D85981C2012DB61373E686DCF3405
2026-09-27 15:28:39,273 INFO ── https://ar.computrabajo.com/empleos-en-capital-federal | page 3 | job 1/20: https://ar.computrabajo.com/ofertas-de-trabajo/oferta-de-trabajo-de-si-tenes-experiencia-como-telemarketer-postulate-aca-en-san-nicolas-04A39E691CFD951A61373E686DCF3405
2026-09-27 15:28:39,362 DEBUG https://ar.computrabajo.com:443 "GET /ofertas-de-trabajo/oferta-de-trabajo-de-si-tenes-experiencia-como-telemarketer-postulate-aca-en-san-nicolas-04A39E691CFD951A61373E686DCF3405 HTTP/1.1" 200 None
2026-09-27 15:28:39,365 DEBUG     GET https://ar.computrabajo.com/ofertas-de-trabajo/oferta-de-trabajo-de-si-tenes-experiencia-como-telemarketer-postulate-aca-en-san-nicolas-04A39E691CFD951A61373E686DCF3405 → HTTP 200 (172,564 chars)
2026-09-27 15:28:39,387 INFO     ┌─ SCRAPED JOB ─────────────────────────────────────────
    │ URL          : https://ar.computrabajo.com/ofertas-de-trabajo/oferta-de-trabajo-de-si-tenes-experiencia-como-telemarketer-postulate-aca-en-san-nicolas-04A39E691CFD951A61373E686DCF3405
    │ Title        : Si tenes experiencia como Telemarketer, Postulate acá!
    │ Company      : Cat-Technologies
    │ Location     : San Nicolás, Capital Federal
    │ Job type     : temporary
    │ Salary       : (not listed)
    │ Industry     : Venta al consumidor
    │ Date posted  : 2026-08-10
    │ Deadline     : 2026-10-09
    │ External ID  : 58F854C3E51E13A4
    │ Description  : ¡UNITE A CAT-TECHNOLOGIES COMO TELEMARKETER! ¿Sos un apasionado de las ventas y te encanta enfrentar nuevos desafíos? ¡Esta es tu oportunidad! En Cat-Technologies, el Contact Center líder de Argentina…
    └───────────────────────────────────────────────────────
2026-09-27 15:28:40,029 DEBUG https://argentina.mimusjobs.com:443 "GET /wp-json/wp/v2/companies?slug=cat-technologies HTTP/1.1" 200 None
2026-09-27 15:28:40,029 INFO ⏭ Company exists: Cat-Technologies
2026-09-27 15:28:40,743 DEBUG https://argentina.mimusjobs.com:443 "GET /wp-json/wp/v2/job-listings?slug=si-tenes-experiencia-como-telemarketer--postulate-ac-- HTTP/1.1" 200 None
2026-09-27 15:28:40,755 DEBUG https://ii.ct-stc.com:443 "GET /5/logos/empresas/2023/01/10/cattechnologies-58F854C3E51E13A4161952585thumbnail.jpg HTTP/1.1" 200 53823
2026-09-27 15:28:42,646 DEBUG https://argentina.mimusjobs.com:443 "POST /wp-json/wp/v2/media HTTP/1.1" 201 None
2026-09-27 15:28:44,038 DEBUG https://argentina.mimusjobs.com:443 "POST /wp-json/wp/v2/job-listings HTTP/1.1" 201 None
2026-09-27 15:28:44,038 INFO ✅ Job posted: 'Si tenes experiencia como Telemarketer, Postulate acá!' → WP ID 35036
2026-09-27 15:28:44,039 INFO ✅ SUCCESS — 'Si tenes experiencia como Telemarketer, Postulate acá!' → WP ID=35036 🔗 https://argentina.mimusjobs.com/job/si-tenes-experiencia-como-telemarketer-postulate-aca-6/
2026-09-27 15:28:45,039 INFO ── https://ar.computrabajo.com/empleos-en-capital-federal | page 3 | job 2/20: https://ar.computrabajo.com/ofertas-de-trabajo/oferta-de-trabajo-de-lider-de-migracion-de-datos-sap-s4hana-rise-en-san-nicolas-BEE906B24965426F61373E686DCF3405
2026-09-27 15:28:45,128 DEBUG https://ar.computrabajo.com:443 "GET /ofertas-de-trabajo/oferta-de-trabajo-de-lider-de-migracion-de-datos-sap-s4hana-rise-en-san-nicolas-BEE906B24965426F61373E686DCF3405 HTTP/1.1" 200 None
2026-09-27 15:28:45,131 DEBUG     GET https://ar.computrabajo.com/ofertas-de-trabajo/oferta-de-trabajo-de-lider-de-migracion-de-datos-sap-s4hana-rise-en-san-nicolas-BEE906B24965426F61373E686DCF3405 → HTTP 200 (181,193 chars)
2026-09-27 15:28:45,180 INFO     ┌─ SCRAPED JOB ─────────────────────────────────────────
    │ URL          : https://ar.computrabajo.com/ofertas-de-trabajo/oferta-de-trabajo-de-lider-de-migracion-de-datos-sap-s4hana-rise-en-san-nicolas-BEE906B24965426F61373E686DCF3405
    │ Title        : Líder de Migración de Datos – SAP S/4HANA (RISE)
    │ Company      : C&S informática s.a.
    │ Location     : San Nicolás, Capital Federal
    │ Job type     : full-time
    │ Salary       : (not listed)
    │ Industry     : Informática / Software
    │ Date posted  : 2026-08-26
    │ Deadline     : 2026-10-25
    │ External ID  : 32E96FB614994708
    │ Description  : ¡Hola! Somos C&S, una empresa de informática que posee una prevalencia de 40 años en el mercado. Nos dedicamos al desarrollo de software, consultoría y talent outsourcing. Priorizamos la calidad, la i…
    └───────────────────────────────────────────────────────
2026-09-27 15:28:45,893 DEBUG https://argentina.mimusjobs.com:443 "GET /wp-json/wp/v2/companies?slug=c-s-inform-tica-s-a- HTTP/1.1" 200 None
2026-09-27 15:28:45,904 DEBUG https://ii.ct-stc.com:443 "GET /5/logos/empresas/2016/05/26/cs-informatica-sa-32E96FB614994708thumbnail.png HTTP/1.1" 200 4294
2026-09-27 15:28:46,979 DEBUG https://argentina.mimusjobs.com:443 "POST /wp-json/wp/v2/media HTTP/1.1" 201 None
2026-09-27 15:28:48,713 DEBUG https://argentina.mimusjobs.com:443 "POST /wp-json/wp/v2/companies HTTP/1.1" 201 None
2026-09-27 15:28:48,713 INFO ✅ Company posted: C&S informática s.a. → ID 35038
2026-09-27 15:28:49,343 DEBUG https://argentina.mimusjobs.com:443 "GET /wp-json/wp/v2/job-listings?slug=l-der-de-migraci-n-de-datos---sap-s-4hana--rise- HTTP/1.1" 200 None
2026-09-27 15:28:49,354 DEBUG https://ii.ct-stc.com:443 "GET /5/logos/empresas/2016/05/26/cs-informatica-sa-32E96FB614994708thumbnail.png HTTP/1.1" 200 4294
2026-09-27 15:28:50,541 DEBUG https://argentina.mimusjobs.com:443 "POST /wp-json/wp/v2/media HTTP/1.1" 201 None
2026-09-27 15:28:52,338 DEBUG https://argentina.mimusjobs.com:443 "POST /wp-json/wp/v2/job-listings HTTP/1.1" 201 None
2026-09-27 15:28:52,338 INFO ✅ Job posted: 'Líder de Migración de Datos – SAP S/4HANA (RISE)' → WP ID 35040
2026-09-27 15:28:52,338 INFO ✅ SUCCESS — 'Líder de Migración de Datos – SAP S/4HANA (RISE)' → WP ID=35040 🔗 https://argentina.mimusjobs.com/job/lider-de-migracion-de-datos-sap-s-4hana-rise-6/
2026-09-27 15:28:53,338 INFO ── https://ar.computrabajo.com/empleos-en-capital-federal | page 3 | job 3/20: https://ar.computrabajo.com/ofertas-de-trabajo/oferta-de-trabajo-de-tecnico-electromecanico-full-time-san-telmo-en-san-telmo-B91BBEA958CB5FA261373E686DCF3405
2026-09-27 15:28:53,418 DEBUG https://ar.computrabajo.com:443 "GET /ofertas-de-trabajo/oferta-de-trabajo-de-tecnico-electromecanico-full-time-san-telmo-en-san-telmo-B91BBEA958CB5FA261373E686DCF3405 HTTP/1.1" 200 None
2026-09-27 15:28:53,420 DEBUG     GET https://ar.computrabajo.com/ofertas-de-trabajo/oferta-de-trabajo-de-tecnico-electromecanico-full-time-san-telmo-en-san-telmo-B91BBEA958CB5FA261373E686DCF3405 → HTTP 200 (172,203 chars)
2026-09-27 15:28:53,443 INFO     ┌─ SCRAPED JOB ─────────────────────────────────────────
    │ URL          : https://ar.computrabajo.com/ofertas-de-trabajo/oferta-de-trabajo-de-tecnico-electromecanico-full-time-san-telmo-en-san-telmo-B91BBEA958CB5FA261373E686DCF3405
    │ Title        : Tecnico Electromecanico - full time San Telmo
    │ Company      : Excelencia Laboral S.A.
    │ Location     : San Telmo, Capital Federal
    │ Job type     : full-time
    │ Salary       : (not listed)
    │ Industry     : Servicios Profesionales
    │ Date posted  : 2026-08-18
    │ Deadline     : 2026-10-17
    │ External ID  : DF02596F8A87A7AB
    │ Description  : ¡Estamos sumamos talento técnico! 
Buscamos 2 Técnicos/as Electromecánicos/as, Electricistas Industriales o Electrónicos/as para incorporarse a una importante empresa de servicios tecnológicos, líder …
    └───────────────────────────────────────────────────────
2026-09-27 15:28:54,509 DEBUG https://argentina.mimusjobs.com:443 "GET /wp-json/wp/v2/companies?slug=excelencia-laboral-s-a- HTTP/1.1" 200 None
2026-09-27 15:28:54,509 INFO ⏭ Company exists: Excelencia Laboral S.A.
2026-09-27 15:28:55,270 DEBUG https://argentina.mimusjobs.com:443 "GET /wp-json/wp/v2/job-listings?slug=tecnico-electromecanico---full-time-san-telmo HTTP/1.1" 200 None
2026-09-27 15:28:55,271 INFO ⏭ Job already on WP: Tecnico Electromecanico - full time San Telmo
2026-09-27 15:28:55,271 INFO ✅ SUCCESS — 'Tecnico Electromecanico - full time San Telmo' → WP ID=22169 🔗 https://argentina.mimusjobs.com/job/tecnico-electromecanico-full-time-san-telmo/
2026-09-27 15:28:56,271 INFO ── https://ar.computrabajo.com/empleos-en-capital-federal | page 3 | job 4/20: https://ar.computrabajo.com/ofertas-de-trabajo/oferta-de-trabajo-de-analista-sr-en-atraccion-de-talento-en-barracas-1174BDADE222330061373E686DCF3405
2026-09-27 15:28:56,361 DEBUG https://ar.computrabajo.com:443 "GET /ofertas-de-trabajo/oferta-de-trabajo-de-analista-sr-en-atraccion-de-talento-en-barracas-1174BDADE222330061373E686DCF3405 HTTP/1.1" 200 None
2026-09-27 15:28:56,364 DEBUG     GET https://ar.computrabajo.com/ofertas-de-trabajo/oferta-de-trabajo-de-analista-sr-en-atraccion-de-talento-en-barracas-1174BDADE222330061373E686DCF3405 → HTTP 200 (177,720 chars)
2026-09-27 15:28:56,389 INFO     ┌─ SCRAPED JOB ─────────────────────────────────────────
    │ URL          : https://ar.computrabajo.com/ofertas-de-trabajo/oferta-de-trabajo-de-analista-sr-en-atraccion-de-talento-en-barracas-1174BDADE222330061373E686DCF3405
    │ Title        : Analista Sr. en Atracción de Talento
    │ Company      : Bayton
    │ Location     : Barracas, Capital Federal
    │ Job type     : full-time
    │ Salary       : (not listed)
    │ Industry     : RRHH / Personal
    │ Date posted  : 2026-09-11
    │ Deadline     : 2026-11-10
    │ External ID  : FBAE22C05CF7EAEA
    │ Description  : Para importante empresa en zona CABA nos encontramos en búsqueda de un Analista de Atracción de Talento Sr. El objetivo del puesto es Liderar procesos de reclutamiento y selección de personal, enfocad…
    └───────────────────────────────────────────────────────
2026-09-27 15:28:57,232 DEBUG https://argentina.mimusjobs.com:443 "GET /wp-json/wp/v2/companies?slug=bayton HTTP/1.1" 200 None
2026-09-27 15:28:57,232 INFO ⏭ Company exists: Bayton
2026-09-27 15:28:57,875 DEBUG https://argentina.mimusjobs.com:443 "GET /wp-json/wp/v2/job-listings?slug=analista-sr--en-atracci-n-de-talento HTTP/1.1" 200 None
2026-09-27 15:28:57,886 DEBUG https://ii.ct-stc.com:443 "GET /5/logos/empresas/2019/10/24/5cf1da26594c43928cc8154531478thumbnail.jpg HTTP/1.1" 200 3669
2026-09-27 15:28:58,728 DEBUG https://argentina.mimusjobs.com:443 "POST /wp-json/wp/v2/media HTTP/1.1" 201 None
2026-09-27 15:28:59,659 DEBUG https://argentina.mimusjobs.com:443 "POST /wp-json/wp/v2/job-listings HTTP/1.1" 201 None
2026-09-27 15:28:59,660 INFO ✅ Job posted: 'Analista Sr. en Atracción de Talento' → WP ID 35042
2026-09-27 15:28:59,660 INFO ✅ SUCCESS — 'Analista Sr. en Atracción de Talento' → WP ID=35042 🔗 https://argentina.mimusjobs.com/job/analista-sr-en-atraccion-de-talento-6/
2026-09-27 15:29:00,660 INFO ── https://ar.computrabajo.com/empleos-en-capital-federal | page 3 | job 5/20: https://ar.computrabajo.com/ofertas-de-trabajo/oferta-de-trabajo-de-importante-restaurante-de-palermo-busca-mozo-de-barra-en-palermo-04B80D716707BB8D61373E686DCF3405
2026-09-27 15:29:00,738 DEBUG https://ar.computrabajo.com:443 "GET /ofertas-de-trabajo/oferta-de-trabajo-de-importante-restaurante-de-palermo-busca-mozo-de-barra-en-palermo-04B80D716707BB8D61373E686DCF3405 HTTP/1.1" 200 None
2026-09-27 15:29:00,739 DEBUG     GET https://ar.computrabajo.com/ofertas-de-trabajo/oferta-de-trabajo-de-importante-restaurante-de-palermo-busca-mozo-de-barra-en-palermo-04B80D716707BB8D61373E686DCF3405 → HTTP 200 (159,095 chars)
2026-09-27 15:29:00,757 INFO     ┌─ SCRAPED JOB ─────────────────────────────────────────
    │ URL          : https://ar.computrabajo.com/ofertas-de-trabajo/oferta-de-trabajo-de-importante-restaurante-de-palermo-busca-mozo-de-barra-en-palermo-04B80D716707BB8D61373E686DCF3405
    │ Title        : importante restaurante de palermo busca mozo de barra
    │ Company      : LA PAYUCA
    │ Location     : Palermo, Capital Federal
    │ Job type     : full-time
    │ Salary       : (not listed)
    │ Industry     : Hostelería / Turismo
    │ Date posted  : 2026-09-27
    │ Deadline     : 2026-11-26
    │ External ID  : BE1F2F9362921990
    │ Description  : Oferta de trabajo: Mozo de Barra · Importante restaurante de palermo busca incorporar a su equipo de trabajo a un Mozo de Barra altamente capacitado y con experiencia en el campo. Esta es una excelent…
    └───────────────────────────────────────────────────────
2026-09-27 15:29:02,457 DEBUG https://argentina.mimusjobs.com:443 "GET /wp-json/wp/v2/companies?slug=la-payuca HTTP/1.1" 200 None
2026-09-27 15:29:02,457 INFO ⏭ Company exists: LA PAYUCA
2026-09-27 15:29:03,231 DEBUG https://argentina.mimusjobs.com:443 "GET /wp-json/wp/v2/job-listings?slug=importante-restaurante-de-palermo-busca-mozo-de-barra HTTP/1.1" 200 None
2026-09-27 15:29:03,231 INFO ⏭ Job already on WP: importante restaurante de palermo busca mozo de barra
2026-09-27 15:29:03,231 INFO ✅ SUCCESS — 'importante restaurante de palermo busca mozo de barra' → WP ID=31663 🔗 https://argentina.mimusjobs.com/job/importante-restaurante-de-palermo-busca-mozo-de-barra/
2026-09-27 15:29:04,232 INFO ── https://ar.computrabajo.com/empleos-en-capital-federal | page 3 | job 6/20: https://ar.computrabajo.com/ofertas-de-trabajo/oferta-de-trabajo-de-camareroa-de-eventos-eventual-en-puerto-madero-25B188C6089574F561373E686DCF3405
2026-09-27 15:29:04,308 DEBUG https://ar.computrabajo.com:443 "GET /ofertas-de-trabajo/oferta-de-trabajo-de-camareroa-de-eventos-eventual-en-puerto-madero-25B188C6089574F561373E686DCF3405 HTTP/1.1" 200 None
2026-09-27 15:29:04,311 DEBUG     GET https://ar.computrabajo.com/ofertas-de-trabajo/oferta-de-trabajo-de-camareroa-de-eventos-eventual-en-puerto-madero-25B188C6089574F561373E686DCF3405 → HTTP 200 (160,458 chars)
2026-09-27 15:29:04,330 INFO     ┌─ SCRAPED JOB ─────────────────────────────────────────
    │ URL          : https://ar.computrabajo.com/ofertas-de-trabajo/oferta-de-trabajo-de-camareroa-de-eventos-eventual-en-puerto-madero-25B188C6089574F561373E686DCF3405
    │ Title        : Camarero/a de eventos - Eventual
    │ Company      : MADERO TANGO
    │ Location     : Puerto Madero, Capital Federal
    │ Job type     : full-time
    │ Salary       : (not listed)
    │ Industry     : Hostelería / Turismo
    │ Date posted  : 2026-07-29
    │ Deadline     : 2026-09-27
    │ External ID  : 8D98C1208BB86D8B
    │ Description  : ¡En Madero Tango Eventos buscamos Camareros/as para Eventos Sociales y Corporativos! En Madero Tango, empresa líder en gastronomía y organización de eventos con más de 20 años de trayectoria en Puerto…
    └───────────────────────────────────────────────────────
2026-09-27 15:29:05,309 DEBUG https://argentina.mimusjobs.com:443 "GET /wp-json/wp/v2/companies?slug=madero-tango HTTP/1.1" 200 None
2026-09-27 15:29:05,310 INFO ⏭ Company exists: MADERO TANGO
2026-09-27 15:29:05,922 DEBUG https://argentina.mimusjobs.com:443 "GET /wp-json/wp/v2/job-listings?slug=camarero-a-de-eventos---eventual HTTP/1.1" 200 None
2026-09-27 15:29:05,922 INFO ⏭ Job already on WP: Camarero/a de eventos - Eventual
2026-09-27 15:29:05,922 INFO ✅ SUCCESS — 'Camarero/a de eventos - Eventual' → WP ID=22179 🔗 https://argentina.mimusjobs.com/job/camarero-a-de-eventos-eventual/
2026-09-27 15:29:06,922 INFO ── https://ar.computrabajo.com/empleos-en-capital-federal | page 3 | job 7/20: https://ar.computrabajo.com/ofertas-de-trabajo/oferta-de-trabajo-de-vendedores-y-comerciales-automotriz-sumate-a-la-marca-lider-de-caba-en-san-nicolas-91544FB0B9FD558061373E686DCF3405
2026-09-27 15:29:06,980 DEBUG https://ar.computrabajo.com:443 "GET /ofertas-de-trabajo/oferta-de-trabajo-de-vendedores-y-comerciales-automotriz-sumate-a-la-marca-lider-de-caba-en-san-nicolas-91544FB0B9FD558061373E686DCF3405 HTTP/1.1" 200 None
2026-09-27 15:29:06,983 DEBUG     GET https://ar.computrabajo.com/ofertas-de-trabajo/oferta-de-trabajo-de-vendedores-y-comerciales-automotriz-sumate-a-la-marca-lider-de-caba-en-san-nicolas-91544FB0B9FD558061373E686DCF3405 → HTTP 200 (162,164 chars)
2026-09-27 15:29:07,002 INFO     ┌─ SCRAPED JOB ─────────────────────────────────────────
    │ URL          : https://ar.computrabajo.com/ofertas-de-trabajo/oferta-de-trabajo-de-vendedores-y-comerciales-automotriz-sumate-a-la-marca-lider-de-caba-en-san-nicolas-91544FB0B9FD558061373E686DCF3405
    │ Title        : Vendedores y Comerciales Automotriz: Sumate a la Marca Líder de CABA
    │ Company      : EAGLES
    │ Location     : San Nicolás, Capital Federal
    │ Job type     : full-time
    │ Salary       : (not listed)
    │ Industry     : Venta al consumidor
    │ Date posted  : 2026-08-10
    │ Deadline     : 2026-10-09
    │ External ID  : 3FA18F68260709BF
    │ Description  : ¿Sentís que tenés un potencial enorme pero en tus empleos anteriores no te dejaron demostrarlo? En nuestra compañía dentro del sector automotriz estamos seleccionando a los próximos líderes de nuestro…
    └───────────────────────────────────────────────────────
2026-09-27 15:29:07,647 DEBUG https://argentina.mimusjobs.com:443 "GET /wp-json/wp/v2/companies?slug=eagles HTTP/1.1" 200 None
2026-09-27 15:29:07,648 INFO ⏭ Company exists: EAGLES
2026-09-27 15:29:08,365 DEBUG https://argentina.mimusjobs.com:443 "GET /wp-json/wp/v2/job-listings?slug=vendedores-y-comerciales-automotriz--sumate-a-la-marca-l-der-de-caba HTTP/1.1" 200 None
2026-09-27 15:29:08,376 DEBUG https://ii.ct-stc.com:443 "GET /5/logos/empresas/2025/12/09/c5c1d898f3ff4fe99b2b191832637thumbnail.png HTTP/1.1" 200 6627
2026-09-27 15:29:09,431 DEBUG https://argentina.mimusjobs.com:443 "POST /wp-json/wp/v2/media HTTP/1.1" 201 None
2026-09-27 15:29:11,102 DEBUG https://argentina.mimusjobs.com:443 "POST /wp-json/wp/v2/job-listings HTTP/1.1" 201 None
2026-09-27 15:29:11,102 INFO ✅ Job posted: 'Vendedores y Comerciales Automotriz: Sumate a la Marca Líder de CABA' → WP ID 35044
2026-09-27 15:29:11,102 INFO ✅ SUCCESS — 'Vendedores y Comerciales Automotriz: Sumate a la Marca Líder de CABA' → WP ID=35044 🔗 https://argentina.mimusjobs.com/job/vendedores-y-comerciales-automotriz-sumate-a-la-marca-lider-de-caba-7/
2026-09-27 15:29:12,103 INFO ── https://ar.computrabajo.com/empleos-en-capital-federal | page 3 | job 8/20: https://ar.computrabajo.com/ofertas-de-trabajo/oferta-de-trabajo-de-tecnico-multidisciplinario-diurno-en-constitucion-FC494AFC9ABA84EB61373E686DCF3405
2026-09-27 15:29:12,177 DEBUG https://ar.computrabajo.com:443 "GET /ofertas-de-trabajo/oferta-de-trabajo-de-tecnico-multidisciplinario-diurno-en-constitucion-FC494AFC9ABA84EB61373E686DCF3405 HTTP/1.1" 200 None
2026-09-27 15:29:12,180 DEBUG     GET https://ar.computrabajo.com/ofertas-de-trabajo/oferta-de-trabajo-de-tecnico-multidisciplinario-diurno-en-constitucion-FC494AFC9ABA84EB61373E686DCF3405 → HTTP 200 (160,518 chars)
2026-09-27 15:29:12,197 INFO     ┌─ SCRAPED JOB ─────────────────────────────────────────
    │ URL          : https://ar.computrabajo.com/ofertas-de-trabajo/oferta-de-trabajo-de-tecnico-multidisciplinario-diurno-en-constitucion-FC494AFC9ABA84EB61373E686DCF3405
    │ Title        : Técnico Multidisciplinario - Diurno
    │ Company      : Diagnostico y Soluciones SA
    │ Location     : Constitución, Capital Federal
    │ Job type     : full-time
    │ Salary       : (not listed)
    │ Industry     : Servicios Profesionales
    │ Date posted  : 2026-09-03
    │ Deadline     : 2026-11-02
    │ External ID  : 3DCA0F911BAFA228
    │ Description  : En Diagnóstico y Soluciones nos encontramos en la búsqueda de un Técnico Multidisciplinario (diurno) para uno de nuestros clientes.
Especialidades: Edilicia (electricidad, sanitarios, herrería, pintur…
    └───────────────────────────────────────────────────────
2026-09-27 15:29:13,389 DEBUG https://argentina.mimusjobs.com:443 "GET /wp-json/wp/v2/companies?slug=diagnostico-y-soluciones-sa HTTP/1.1" 200 None
2026-09-27 15:29:13,389 INFO ⏭ Company exists: Diagnostico y Soluciones SA
2026-09-27 15:29:13,944 DEBUG https://argentina.mimusjobs.com:443 "GET /wp-json/wp/v2/job-listings?slug=t-cnico-multidisciplinario---diurno HTTP/1.1" 200 None
2026-09-27 15:29:14,618 DEBUG https://argentina.mimusjobs.com:443 "GET /wp-json/wp/v2/job_listing_region?slug=constituci-n--capital-federal HTTP/1.1" 200 None
2026-09-27 15:29:16,001 DEBUG https://argentina.mimusjobs.com:443 "POST /wp-json/wp/v2/job-listings HTTP/1.1" 201 None
2026-09-27 15:29:16,002 INFO ✅ Job posted: 'Técnico Multidisciplinario - Diurno' → WP ID 35045
2026-09-27 15:29:16,002 INFO ✅ SUCCESS — 'Técnico Multidisciplinario - Diurno' → WP ID=35045 🔗 https://argentina.mimusjobs.com/job/tecnico-multidisciplinario-diurno-10/
2026-09-27 15:29:17,002 INFO ── https://ar.computrabajo.com/empleos-en-capital-federal | page 3 | job 9/20: https://ar.computrabajo.com/ofertas-de-trabajo/oferta-de-trabajo-de-buscamos-asesores-comerciales-telefonicos-en-san-nicolas-685022C4FAD80A4761373E686DCF3405
2026-09-27 15:29:17,081 DEBUG https://ar.computrabajo.com:443 "GET /ofertas-de-trabajo/oferta-de-trabajo-de-buscamos-asesores-comerciales-telefonicos-en-san-nicolas-685022C4FAD80A4761373E686DCF3405 HTTP/1.1" 200 None
2026-09-27 15:29:17,084 DEBUG     GET https://ar.computrabajo.com/ofertas-de-trabajo/oferta-de-trabajo-de-buscamos-asesores-comerciales-telefonicos-en-san-nicolas-685022C4FAD80A4761373E686DCF3405 → HTTP 200 (168,212 chars)
2026-09-27 15:29:17,106 INFO     ┌─ SCRAPED JOB ─────────────────────────────────────────
    │ URL          : https://ar.computrabajo.com/ofertas-de-trabajo/oferta-de-trabajo-de-buscamos-asesores-comerciales-telefonicos-en-san-nicolas-685022C4FAD80A4761373E686DCF3405
    │ Title        : Buscamos Asesores Comerciales Telefónicos
    │ Company      : Cat-Technologies
    │ Location     : San Nicolás, Capital Federal
    │ Job type     : temporary
    │ Salary       : (not listed)
    │ Industry     : Venta al consumidor
    │ Date posted  : 2026-08-10
    │ Deadline     : 2026-10-09
    │ External ID  : 58F854C3E51E13A4
    │ Description  : ¿Tenés actitud comercial, entusiasmo y experiencia en ventas? ¡Esta es tu oportunidad para sumarte a una empresa líder con más de 3.000 colaboradores en todo el país! En CAT Technologies, el contact c…
    └───────────────────────────────────────────────────────
2026-09-27 15:29:17,803 DEBUG https://argentina.mimusjobs.com:443 "GET /wp-json/wp/v2/companies?slug=cat-technologies HTTP/1.1" 200 None
2026-09-27 15:29:17,803 INFO ⏭ Company exists: Cat-Technologies
2026-09-27 15:29:18,768 DEBUG https://argentina.mimusjobs.com:443 "GET /wp-json/wp/v2/job-listings?slug=buscamos-asesores-comerciales-telef-nicos HTTP/1.1" 200 None
2026-09-27 15:29:18,779 DEBUG https://ii.ct-stc.com:443 "GET /5/logos/empresas/2023/01/10/cattechnologies-58F854C3E51E13A4161952585thumbnail.jpg HTTP/1.1" 200 53823
2026-09-27 15:29:21,197 DEBUG https://argentina.mimusjobs.com:443 "POST /wp-json/wp/v2/media HTTP/1.1" 201 None
2026-09-27 15:29:22,181 DEBUG https://argentina.mimusjobs.com:443 "POST /wp-json/wp/v2/job-listings HTTP/1.1" 201 None
2026-09-27 15:29:22,182 INFO ✅ Job posted: 'Buscamos Asesores Comerciales Telefónicos' → WP ID 35047
2026-09-27 15:29:22,182 INFO ✅ SUCCESS — 'Buscamos Asesores Comerciales Telefónicos' → WP ID=35047 🔗 https://argentina.mimusjobs.com/job/buscamos-asesores-comerciales-telefonicos-7/
2026-09-27 15:29:23,182 INFO ── https://ar.computrabajo.com/empleos-en-capital-federal | page 3 | job 10/20: https://ar.computrabajo.com/ofertas-de-trabajo/oferta-de-trabajo-de-sap-cap-fullstack-developer-senior-en-san-nicolas-7AE38847034D997361373E686DCF3405
2026-09-27 15:29:23,275 DEBUG https://ar.computrabajo.com:443 "GET /ofertas-de-trabajo/oferta-de-trabajo-de-sap-cap-fullstack-developer-senior-en-san-nicolas-7AE38847034D997361373E686DCF3405 HTTP/1.1" 200 None
2026-09-27 15:29:23,278 DEBUG     GET https://ar.computrabajo.com/ofertas-de-trabajo/oferta-de-trabajo-de-sap-cap-fullstack-developer-senior-en-san-nicolas-7AE38847034D997361373E686DCF3405 → HTTP 200 (183,936 chars)
2026-09-27 15:29:23,304 INFO     ┌─ SCRAPED JOB ─────────────────────────────────────────
    │ URL          : https://ar.computrabajo.com/ofertas-de-trabajo/oferta-de-trabajo-de-sap-cap-fullstack-developer-senior-en-san-nicolas-7AE38847034D997361373E686DCF3405
    │ Title        : SAP CAP Fullstack Developer Senior
    │ Company      : C&S informática s.a.
    │ Location     : San Nicolás, Capital Federal
    │ Job type     : full-time
    │ Salary       : (not listed)
    │ Industry     : Informática / Software
    │ Date posted  : 2026-08-26
    │ Deadline     : 2026-10-25
    │ External ID  : 32E96FB614994708
    │ Description  : Fullstack Developer Senior Analyst/Specialist Desde C&S nos encontramos en la búsqueda de un/a Fullstack Developer Senior Analyst/Specialist para trabajar en una reconocida empresa del sector. Modalid…
    └───────────────────────────────────────────────────────
2026-09-27 15:29:24,142 DEBUG https://argentina.mimusjobs.com:443 "GET /wp-json/wp/v2/companies?slug=c-s-inform-tica-s-a- HTTP/1.1" 200 None
2026-09-27 15:29:24,153 DEBUG https://ii.ct-stc.com:443 "GET /5/logos/empresas/2016/05/26/cs-informatica-sa-32E96FB614994708thumbnail.png HTTP/1.1" 200 4294
2026-09-27 15:29:25,415 DEBUG https://argentina.mimusjobs.com:443 "POST /wp-json/wp/v2/media HTTP/1.1" 201 None
2026-09-27 15:29:27,289 DEBUG https://argentina.mimusjobs.com:443 "POST /wp-json/wp/v2/companies HTTP/1.1" 201 None
2026-09-27 15:29:27,289 INFO ✅ Company posted: C&S informática s.a. → ID 35049
2026-09-27 15:29:28,249 DEBUG https://argentina.mimusjobs.com:443 "GET /wp-json/wp/v2/job-listings?slug=sap-cap-fullstack-developer-senior HTTP/1.1" 200 None
2026-09-27 15:29:28,250 INFO ⏭ Job already on WP: SAP CAP Fullstack Developer Senior
2026-09-27 15:29:28,250 INFO ✅ SUCCESS — 'SAP CAP Fullstack Developer Senior' → WP ID=22193 🔗 https://argentina.mimusjobs.com/job/sap-cap-fullstack-developer-senior/
2026-09-27 15:29:29,250 INFO ── https://ar.computrabajo.com/empleos-en-capital-federal | page 3 | job 11/20: https://ar.computrabajo.com/ofertas-de-trabajo/oferta-de-trabajo-de-bartender-eventual-en-puerto-madero-52C743157908A4B261373E686DCF3405
2026-09-27 15:29:29,340 DEBUG https://ar.computrabajo.com:443 "GET /ofertas-de-trabajo/oferta-de-trabajo-de-bartender-eventual-en-puerto-madero-52C743157908A4B261373E686DCF3405 HTTP/1.1" 200 None
2026-09-27 15:29:29,342 DEBUG     GET https://ar.computrabajo.com/ofertas-de-trabajo/oferta-de-trabajo-de-bartender-eventual-en-puerto-madero-52C743157908A4B261373E686DCF3405 → HTTP 200 (161,442 chars)
2026-09-27 15:29:29,362 INFO     ┌─ SCRAPED JOB ─────────────────────────────────────────
    │ URL          : https://ar.computrabajo.com/ofertas-de-trabajo/oferta-de-trabajo-de-bartender-eventual-en-puerto-madero-52C743157908A4B261373E686DCF3405
    │ Title        : Bartender - Eventual
    │ Company      : MADERO TANGO
    │ Location     : Puerto Madero, Capital Federal
    │ Job type     : full-time
    │ Salary       : (not listed)
    │ Industry     : Hostelería / Turismo
    │ Date posted  : 2026-07-29
    │ Deadline     : 2026-09-27
    │ External ID  : 8D98C1208BB86D8B
    │ Description  : ¡En Madero Tango buscamos Bartender para nuestra sector de EVENTOS! En Madero Tango, empresa líder en gastronomía y organización de eventos con más de 20 años de trayectoria en Puerto Madero, estamos …
    └───────────────────────────────────────────────────────
2026-09-27 15:29:30,215 DEBUG https://argentina.mimusjobs.com:443 "GET /wp-json/wp/v2/companies?slug=madero-tango HTTP/1.1" 200 None
2026-09-27 15:29:30,216 INFO ⏭ Company exists: MADERO TANGO
2026-09-27 15:29:31,219 DEBUG https://argentina.mimusjobs.com:443 "GET /wp-json/wp/v2/job-listings?slug=bartender---eventual HTTP/1.1" 200 None
2026-09-27 15:29:31,219 INFO ⏭ Job already on WP: Bartender - Eventual
2026-09-27 15:29:31,219 INFO ✅ SUCCESS — 'Bartender - Eventual' → WP ID=22195 🔗 https://argentina.mimusjobs.com/job/bartender-eventual/
2026-09-27 15:29:32,220 INFO ── https://ar.computrabajo.com/empleos-en-capital-federal | page 3 | job 12/20: https://ar.computrabajo.com/ofertas-de-trabajo/oferta-de-trabajo-de-referente-de-mucamoas-eventual-en-recoleta-A8ABDE776E1DD35F61373E686DCF3405
2026-09-27 15:29:32,308 DEBUG https://ar.computrabajo.com:443 "GET /ofertas-de-trabajo/oferta-de-trabajo-de-referente-de-mucamoas-eventual-en-recoleta-A8ABDE776E1DD35F61373E686DCF3405 HTTP/1.1" 200 None
2026-09-27 15:29:32,310 DEBUG     GET https://ar.computrabajo.com/ofertas-de-trabajo/oferta-de-trabajo-de-referente-de-mucamoas-eventual-en-recoleta-A8ABDE776E1DD35F61373E686DCF3405 → HTTP 200 (156,155 chars)
2026-09-27 15:29:32,328 INFO     ┌─ SCRAPED JOB ─────────────────────────────────────────
    │ URL          : https://ar.computrabajo.com/ofertas-de-trabajo/oferta-de-trabajo-de-referente-de-mucamoas-eventual-en-recoleta-A8ABDE776E1DD35F61373E686DCF3405
    │ Title        : Referente de mucamo/as - eventual
    │ Company      : ITAC
    │ Location     : Recoleta, Capital Federal
    │ Job type     : full-time
    │ Salary       : (not listed)
    │ Industry     : Salud / Medicina
    │ Date posted  : 2026-08-18
    │ Deadline     : 2026-10-17
    │ External ID  : C4385D190E73C5B1
    │ Description  : Coordinar y supervisar el servicio de hotelería y ropería en todas las sedes de la Institución, asegurando condiciones óptimas de limpieza, orden y bioseguridad, mediante la gestión eficiente de los r…
    └───────────────────────────────────────────────────────
2026-09-27 15:29:33,047 DEBUG https://argentina.mimusjobs.com:443 "GET /wp-json/wp/v2/companies?slug=itac HTTP/1.1" 200 None
2026-09-27 15:29:33,047 INFO ⏭ Company exists: ITAC
2026-09-27 15:29:33,863 DEBUG https://argentina.mimusjobs.com:443 "GET /wp-json/wp/v2/job-listings?slug=referente-de-mucamo-as---eventual HTTP/1.1" 200 None
2026-09-27 15:29:33,863 INFO ⏭ Job already on WP: Referente de mucamo/as - eventual
2026-09-27 15:29:33,863 INFO ✅ SUCCESS — 'Referente de mucamo/as - eventual' → WP ID=22200 🔗 https://argentina.mimusjobs.com/job/referente-de-mucamo-as-eventual/
2026-09-27 15:29:34,863 INFO ── https://ar.computrabajo.com/empleos-en-capital-federal | page 3 | job 13/20: https://ar.computrabajo.com/ofertas-de-trabajo/oferta-de-trabajo-de-gerente-de-unidad-de-negocio-fulltime-en-puerto-madero-503F8F9B1F5FA3C061373E686DCF3405
2026-09-27 15:29:34,942 DEBUG https://ar.computrabajo.com:443 "GET /ofertas-de-trabajo/oferta-de-trabajo-de-gerente-de-unidad-de-negocio-fulltime-en-puerto-madero-503F8F9B1F5FA3C061373E686DCF3405 HTTP/1.1" 200 None
2026-09-27 15:29:34,944 DEBUG     GET https://ar.computrabajo.com/ofertas-de-trabajo/oferta-de-trabajo-de-gerente-de-unidad-de-negocio-fulltime-en-puerto-madero-503F8F9B1F5FA3C061373E686DCF3405 → HTTP 200 (163,642 chars)
2026-09-27 15:29:34,964 INFO     ┌─ SCRAPED JOB ─────────────────────────────────────────
    │ URL          : https://ar.computrabajo.com/ofertas-de-trabajo/oferta-de-trabajo-de-gerente-de-unidad-de-negocio-fulltime-en-puerto-madero-503F8F9B1F5FA3C061373E686DCF3405
    │ Title        : Gerente de unidad de negocio - Fulltime
    │ Company      : Consultora gastronómica madero
    │ Location     : Puerto Madero, Capital Federal
    │ Job type     : full-time
    │ Salary       : (not listed)
    │ Industry     : Hostelería / Turismo
    │ Date posted  : 2026-08-18
    │ Deadline     : 2026-10-17
    │ External ID  : DAFBBABBDF4A064F
    │ Description  : Importante grupo gastronómico, con locales ubicados en Palermo y Puerto Madero, se encuentra en la búsqueda de un/a Gerente de Unidad de Negocio para liderar la operación integral de uno de sus establ…
    └───────────────────────────────────────────────────────
2026-09-27 15:29:35,807 DEBUG https://argentina.mimusjobs.com:443 "GET /wp-json/wp/v2/companies?slug=consultora-gastron-mica-madero HTTP/1.1" 200 None
2026-09-27 15:29:35,817 DEBUG https://ii.ct-stc.com:443 "GET /5/logos/empresas/2023/09/19/03704ba6c2bd4c2188ef190838090thumbnail.jpeg HTTP/1.1" 200 4734
2026-09-27 15:29:36,757 DEBUG https://argentina.mimusjobs.com:443 "POST /wp-json/wp/v2/media HTTP/1.1" 201 None
2026-09-27 15:29:38,756 DEBUG https://argentina.mimusjobs.com:443 "POST /wp-json/wp/v2/companies HTTP/1.1" 201 None
2026-09-27 15:29:38,757 INFO ✅ Company posted: Consultora gastronómica madero → ID 35051
2026-09-27 15:29:39,810 DEBUG https://argentina.mimusjobs.com:443 "GET /wp-json/wp/v2/job-listings?slug=gerente-de-unidad-de-negocio---fulltime HTTP/1.1" 200 None
2026-09-27 15:29:39,810 INFO ⏭ Job already on WP: Gerente de unidad de negocio - Fulltime
2026-09-27 15:29:39,810 INFO ✅ SUCCESS — 'Gerente de unidad de negocio - Fulltime' → WP ID=22199 🔗 https://argentina.mimusjobs.com/job/gerente-de-unidad-de-negocio-fulltime/
2026-09-27 15:29:40,811 INFO ── https://ar.computrabajo.com/empleos-en-capital-federal | page 3 | job 14/20: https://ar.computrabajo.com/ofertas-de-trabajo/oferta-de-trabajo-de-captador-de-fondos-ong-techo-part-time-caba-en-palermo-12ED7298A4E671C761373E686DCF3405
2026-09-27 15:29:40,905 DEBUG https://ar.computrabajo.com:443 "GET /ofertas-de-trabajo/oferta-de-trabajo-de-captador-de-fondos-ong-techo-part-time-caba-en-palermo-12ED7298A4E671C761373E686DCF3405 HTTP/1.1" 200 None
2026-09-27 15:29:40,908 DEBUG     GET https://ar.computrabajo.com/ofertas-de-trabajo/oferta-de-trabajo-de-captador-de-fondos-ong-techo-part-time-caba-en-palermo-12ED7298A4E671C761373E686DCF3405 → HTTP 200 (167,175 chars)
2026-09-27 15:29:40,929 INFO     ┌─ SCRAPED JOB ─────────────────────────────────────────
    │ URL          : https://ar.computrabajo.com/ofertas-de-trabajo/oferta-de-trabajo-de-captador-de-fondos-ong-techo-part-time-caba-en-palermo-12ED7298A4E671C761373E686DCF3405
    │ Title        : Captador/ de Fondos ONG Techo - Part time, Caba
    │ Company      : Yakú Consultora
    │ Location     : Palermo, Capital Federal
    │ Job type     : temporary
    │ Salary       : (not listed)
    │ Industry     : RRHH / Personal
    │ Date posted  : 2026-07-31
    │ Deadline     : 2026-09-29
    │ External ID  : ED500CC85521E0C3
    │ Description  : ÚNETE A TECHO!
¿Te apasiona generar un impacto positivo en la sociedad? ¡Esta es tu oportunidad! En colaboración con TECHO, una ONG Internacional, estamos buscando personas como vos para ser parte de …
    └───────────────────────────────────────────────────────
2026-09-27 15:29:41,968 DEBUG https://argentina.mimusjobs.com:443 "GET /wp-json/wp/v2/companies?slug=yak--consultora HTTP/1.1" 200 None
2026-09-27 15:29:41,980 DEBUG https://ii.ct-stc.com:443 "GET /5/logos/empresas/2022/04/21/9dea5ad1169f40bd804e130548892thumbnail.png HTTP/1.1" 200 4292
2026-09-27 15:29:42,930 DEBUG https://argentina.mimusjobs.com:443 "POST /wp-json/wp/v2/media HTTP/1.1" 201 None
2026-09-27 15:29:43,676 DEBUG https://argentina.mimusjobs.com:443 "POST /wp-json/wp/v2/companies HTTP/1.1" 201 None
2026-09-27 15:29:43,676 INFO ✅ Company posted: Yakú Consultora → ID 35053
2026-09-27 15:29:44,298 DEBUG https://argentina.mimusjobs.com:443 "GET /wp-json/wp/v2/job-listings?slug=captador--de-fondos-ong-techo---part-time--caba HTTP/1.1" 200 None
2026-09-27 15:29:44,298 INFO ⏭ Job already on WP: Captador/ de Fondos ONG Techo - Part time, Caba
2026-09-27 15:29:44,299 INFO ✅ SUCCESS — 'Captador/ de Fondos ONG Techo - Part time, Caba' → WP ID=21746 🔗 https://argentina.mimusjobs.com/job/captador-de-fondos-ong-techo-part-time-caba/
2026-09-27 15:29:45,299 INFO ── https://ar.computrabajo.com/empleos-en-capital-federal | page 3 | job 15/20: https://ar.computrabajo.com/ofertas-de-trabajo/oferta-de-trabajo-de-buscamos-perfil-competitivo-y-de-alto-rendimiento-desarrollo-comercial-automotriz-en-san-nicolas-C57ED0F5092F0CEC61373E686DCF3405
2026-09-27 15:29:45,384 DEBUG https://ar.computrabajo.com:443 "GET /ofertas-de-trabajo/oferta-de-trabajo-de-buscamos-perfil-competitivo-y-de-alto-rendimiento-desarrollo-comercial-automotriz-en-san-nicolas-C57ED0F5092F0CEC61373E686DCF3405 HTTP/1.1" 200 None
2026-09-27 15:29:45,387 DEBUG     GET https://ar.computrabajo.com/ofertas-de-trabajo/oferta-de-trabajo-de-buscamos-perfil-competitivo-y-de-alto-rendimiento-desarrollo-comercial-automotriz-en-san-nicolas-C57ED0F5092F0CEC61373E686DCF3405 → HTTP 200 (162,945 chars)
2026-09-27 15:29:45,407 INFO     ┌─ SCRAPED JOB ─────────────────────────────────────────
    │ URL          : https://ar.computrabajo.com/ofertas-de-trabajo/oferta-de-trabajo-de-buscamos-perfil-competitivo-y-de-alto-rendimiento-desarrollo-comercial-automotriz-en-san-nicolas-C57ED0F5092F0CEC61373E686DCF3405
    │ Title        : Buscamos Perfil Competitivo y de Alto Rendimiento - Desarrollo Comercial Automotriz
    │ Company      : EAGLES
    │ Location     : San Nicolás, Capital Federal
    │ Job type     : full-time
    │ Salary       : 900000 ARS
    │ Industry     : Venta al consumidor
    │ Date posted  : 2026-08-10
    │ Deadline     : 2026-10-09
    │ External ID  : 3FA18F68260709BF
    │ Description  : ¿Te considerás una persona competitiva, con energía de sobra y que no soporta quedarse quieta? ¿Hacés deportes o estás acostumbrado a exigirte al máximo para ganar? En nuestra organización dentro del …
    └───────────────────────────────────────────────────────
2026-09-27 15:29:46,074 DEBUG https://argentina.mimusjobs.com:443 "GET /wp-json/wp/v2/companies?slug=eagles HTTP/1.1" 200 None
2026-09-27 15:29:46,074 INFO ⏭ Company exists: EAGLES
2026-09-27 15:29:47,037 DEBUG https://argentina.mimusjobs.com:443 "GET /wp-json/wp/v2/job-listings?slug=buscamos-perfil-competitivo-y-de-alto-rendimiento---desarrollo-comercial-automot HTTP/1.1" 200 None
2026-09-27 15:29:47,049 DEBUG https://ii.ct-stc.com:443 "GET /5/logos/empresas/2025/12/09/c5c1d898f3ff4fe99b2b191832637thumbnail.png HTTP/1.1" 200 6627
2026-09-27 15:29:47,993 DEBUG https://argentina.mimusjobs.com:443 "POST /wp-json/wp/v2/media HTTP/1.1" 201 None
2026-09-27 15:29:48,852 DEBUG https://argentina.mimusjobs.com:443 "POST /wp-json/wp/v2/job-listings HTTP/1.1" 201 None
2026-09-27 15:29:48,852 INFO ✅ Job posted: 'Buscamos Perfil Competitivo y de Alto Rendimiento - Desarrollo Comercial Automotriz' → WP ID 35055
2026-09-27 15:29:48,852 INFO ✅ SUCCESS — 'Buscamos Perfil Competitivo y de Alto Rendimiento - Desarrollo Comercial Automotriz' → WP ID=35055 🔗 https://argentina.mimusjobs.com/job/buscamos-perfil-competitivo-y-de-alto-rendimiento-desarrollo-comercial-automotriz-7/
2026-09-27 15:29:49,852 INFO ── https://ar.computrabajo.com/empleos-en-capital-federal | page 3 | job 16/20: https://ar.computrabajo.com/ofertas-de-trabajo/oferta-de-trabajo-de-referente-comercial-de-campo-en-parque-patricios-303394ED4C23922D61373E686DCF3405
2026-09-27 15:29:49,937 DEBUG https://ar.computrabajo.com:443 "GET /ofertas-de-trabajo/oferta-de-trabajo-de-referente-comercial-de-campo-en-parque-patricios-303394ED4C23922D61373E686DCF3405 HTTP/1.1" 200 None
2026-09-27 15:29:49,940 DEBUG     GET https://ar.computrabajo.com/ofertas-de-trabajo/oferta-de-trabajo-de-referente-comercial-de-campo-en-parque-patricios-303394ED4C23922D61373E686DCF3405 → HTTP 200 (162,688 chars)
2026-09-27 15:29:49,959 INFO     ┌─ SCRAPED JOB ─────────────────────────────────────────
    │ URL          : https://ar.computrabajo.com/ofertas-de-trabajo/oferta-de-trabajo-de-referente-comercial-de-campo-en-parque-patricios-303394ED4C23922D61373E686DCF3405
    │ Title        : Referente comercial de campo
    │ Company      : Área IT
    │ Location     : Parque Patricios, Capital Federal
    │ Job type     : full-time
    │ Salary       : (not listed)
    │ Industry     : Informática / Hardware
    │ Date posted  : 2026-08-10
    │ Deadline     : 2026-10-09
    │ External ID  : A93B321126A84B65
    │ Description  : ¡Sumate a una Empresa Líder en Soluciones IT y Field Services!
Somos una empresa 100% nacional con más de 10 años de experiencia conectando a personas, empresas y organizaciones con tecnología de vang…
    └───────────────────────────────────────────────────────
2026-09-27 15:29:50,865 DEBUG https://argentina.mimusjobs.com:443 "GET /wp-json/wp/v2/companies?slug=-rea-it HTTP/1.1" 200 None
2026-09-27 15:29:50,876 DEBUG https://ii.ct-stc.com:443 "GET /5/logos/empresas/2020/06/08/c88d321f015844eab424131550015thumbnail.png HTTP/1.1" 200 3971
2026-09-27 15:29:51,962 DEBUG https://argentina.mimusjobs.com:443 "POST /wp-json/wp/v2/media HTTP/1.1" 201 None
2026-09-27 15:29:52,939 DEBUG https://argentina.mimusjobs.com:443 "POST /wp-json/wp/v2/companies HTTP/1.1" 201 None
2026-09-27 15:29:52,940 INFO ✅ Company posted: Área IT → ID 35057
2026-09-27 15:29:53,661 DEBUG https://argentina.mimusjobs.com:443 "GET /wp-json/wp/v2/job-listings?slug=referente-comercial-de-campo HTTP/1.1" 200 None
2026-09-27 15:29:53,662 INFO ⏭ Job already on WP: Referente comercial de campo
2026-09-27 15:29:53,662 INFO ✅ SUCCESS — 'Referente comercial de campo' → WP ID=22207 🔗 https://argentina.mimusjobs.com/job/referente-comercial-de-campo/
2026-09-27 15:29:54,662 INFO ── https://ar.computrabajo.com/empleos-en-capital-federal | page 3 | job 17/20: https://ar.computrabajo.com/ofertas-de-trabajo/oferta-de-trabajo-de-vendedor-telefonico-para-importante-banco-en-san-nicolas-E6E22D6B53BD503361373E686DCF3405
2026-09-27 15:29:54,739 DEBUG https://ar.computrabajo.com:443 "GET /ofertas-de-trabajo/oferta-de-trabajo-de-vendedor-telefonico-para-importante-banco-en-san-nicolas-E6E22D6B53BD503361373E686DCF3405 HTTP/1.1" 200 None
2026-09-27 15:29:54,742 DEBUG     GET https://ar.computrabajo.com/ofertas-de-trabajo/oferta-de-trabajo-de-vendedor-telefonico-para-importante-banco-en-san-nicolas-E6E22D6B53BD503361373E686DCF3405 → HTTP 200 (168,948 chars)
2026-09-27 15:29:54,789 INFO     ┌─ SCRAPED JOB ─────────────────────────────────────────
    │ URL          : https://ar.computrabajo.com/ofertas-de-trabajo/oferta-de-trabajo-de-vendedor-telefonico-para-importante-banco-en-san-nicolas-E6E22D6B53BD503361373E686DCF3405
    │ Title        : Vendedor telefónico para importante Banco
    │ Company      : Cat-Technologies
    │ Location     : San Nicolás, Capital Federal
    │ Job type     : temporary
    │ Salary       : (not listed)
    │ Industry     : Venta al consumidor
    │ Date posted  : 2026-08-10
    │ Deadline     : 2026-10-09
    │ External ID  : 58F854C3E51E13A4
    │ Description  : ¡En CAT Technologies la actitud es todo! Estamos incorporando a nuestros equipos de CALL CENTER a los mejores vendedores para comercializar productos bancarios, con o sin experiencia. Contamos con una…
    └───────────────────────────────────────────────────────
2026-09-27 15:29:55,493 DEBUG https://argentina.mimusjobs.com:443 "GET /wp-json/wp/v2/companies?slug=cat-technologies HTTP/1.1" 200 None
2026-09-27 15:29:55,493 INFO ⏭ Company exists: Cat-Technologies
2026-09-27 15:29:56,417 DEBUG https://argentina.mimusjobs.com:443 "GET /wp-json/wp/v2/job-listings?slug=vendedor-telef-nico-para-importante-banco HTTP/1.1" 200 None
2026-09-27 15:29:56,428 DEBUG https://ii.ct-stc.com:443 "GET /5/logos/empresas/2023/01/10/cattechnologies-58F854C3E51E13A4161952585thumbnail.jpg HTTP/1.1" 200 53823
2026-09-27 15:29:57,841 DEBUG https://argentina.mimusjobs.com:443 "POST /wp-json/wp/v2/media HTTP/1.1" 201 None
2026-09-27 15:29:58,959 DEBUG https://argentina.mimusjobs.com:443 "POST /wp-json/wp/v2/job-listings HTTP/1.1" 201 None
2026-09-27 15:29:58,959 INFO ✅ Job posted: 'Vendedor telefónico para importante Banco' → WP ID 35059
2026-09-27 15:29:58,959 INFO ✅ SUCCESS — 'Vendedor telefónico para importante Banco' → WP ID=35059 🔗 https://argentina.mimusjobs.com/job/vendedor-telefonico-para-importante-banco-7/
2026-09-27 15:29:59,959 INFO ── https://ar.computrabajo.com/empleos-en-capital-federal | page 3 | job 18/20: https://ar.computrabajo.com/ofertas-de-trabajo/oferta-de-trabajo-de-preparacion-y-entrega-de-motos-0km-san-isidro-en-barracas-41D78C3B3F4EAF8861373E686DCF3405
2026-09-27 15:30:00,035 DEBUG https://ar.computrabajo.com:443 "GET /ofertas-de-trabajo/oferta-de-trabajo-de-preparacion-y-entrega-de-motos-0km-san-isidro-en-barracas-41D78C3B3F4EAF8861373E686DCF3405 HTTP/1.1" 200 None
2026-09-27 15:30:00,037 DEBUG     GET https://ar.computrabajo.com/ofertas-de-trabajo/oferta-de-trabajo-de-preparacion-y-entrega-de-motos-0km-san-isidro-en-barracas-41D78C3B3F4EAF8861373E686DCF3405 → HTTP 200 (150,341 chars)
2026-09-27 15:30:00,054 WARNING No JobPosting JSON-LD found, using HTML fallback: https://ar.computrabajo.com/ofertas-de-trabajo/oferta-de-trabajo-de-preparacion-y-entrega-de-motos-0km-san-isidro-en-barracas-41D78C3B3F4EAF8861373E686DCF3405
2026-09-27 15:30:00,055 INFO     ┌─ SCRAPED JOB ─────────────────────────────────────────
    │ URL          : https://ar.computrabajo.com/ofertas-de-trabajo/oferta-de-trabajo-de-preparacion-y-entrega-de-motos-0km-san-isidro-en-barracas-41D78C3B3F4EAF8861373E686DCF3405
    │ Title        : Preparación y Entrega de Motos 0km – San Isidro
    │ Company      : Importante empresa del sector
    │ Location     : Barracas, Capital Federal
    │ Job type     : full-time
    │ Salary       : A convenir ARS
    │ Industry     : (none)
    │ Date posted  : (unknown)
    │ Deadline     : (estimated: )
    │ External ID  : (none)
    │ Description  : Somos un grupo del rubro automotor y estamos incorporando una persona para el área de Logística y Entregas de nuestra sucursal de San Isidro, para la recepción, preparación y entrega de motos 0km de l…
    └───────────────────────────────────────────────────────
2026-09-27 15:30:00,872 DEBUG https://argentina.mimusjobs.com:443 "GET /wp-json/wp/v2/companies?slug=importante-empresa-del-sector HTTP/1.1" 200 None
2026-09-27 15:30:00,872 INFO ⏭ Company exists: Importante empresa del sector
2026-09-27 15:30:01,768 DEBUG https://argentina.mimusjobs.com:443 "GET /wp-json/wp/v2/job-listings?slug=preparaci-n-y-entrega-de-motos-0km---san-isidro HTTP/1.1" 200 None
2026-09-27 15:30:02,722 DEBUG https://argentina.mimusjobs.com:443 "POST /wp-json/wp/v2/job-listings HTTP/1.1" 201 None
2026-09-27 15:30:02,722 INFO ✅ Job posted: 'Preparación y Entrega de Motos 0km – San Isidro' → WP ID 35060
2026-09-27 15:30:02,722 INFO ✅ SUCCESS — 'Preparación y Entrega de Motos 0km – San Isidro' → WP ID=35060 🔗 https://argentina.mimusjobs.com/job/preparacion-y-entrega-de-motos-0km-san-isidro-7/
2026-09-27 15:30:03,722 INFO ── https://ar.computrabajo.com/empleos-en-capital-federal | page 3 | job 19/20: https://ar.computrabajo.com/ofertas-de-trabajo/oferta-de-trabajo-de-consultor-sap-pm-senior-en-san-nicolas-9C5CEE1C3FB30C7B61373E686DCF3405
2026-09-27 15:30:03,799 DEBUG https://ar.computrabajo.com:443 "GET /ofertas-de-trabajo/oferta-de-trabajo-de-consultor-sap-pm-senior-en-san-nicolas-9C5CEE1C3FB30C7B61373E686DCF3405 HTTP/1.1" 200 None
2026-09-27 15:30:03,802 DEBUG     GET https://ar.computrabajo.com/ofertas-de-trabajo/oferta-de-trabajo-de-consultor-sap-pm-senior-en-san-nicolas-9C5CEE1C3FB30C7B61373E686DCF3405 → HTTP 200 (181,816 chars)
2026-09-27 15:30:03,827 INFO     ┌─ SCRAPED JOB ─────────────────────────────────────────
    │ URL          : https://ar.computrabajo.com/ofertas-de-trabajo/oferta-de-trabajo-de-consultor-sap-pm-senior-en-san-nicolas-9C5CEE1C3FB30C7B61373E686DCF3405
    │ Title        : Consultor SAP PM Senior
    │ Company      : C&S informática s.a.
    │ Location     : San Nicolás, Capital Federal
    │ Job type     : full-time
    │ Salary       : (not listed)
    │ Industry     : Informática / Software
    │ Date posted  : 2026-08-26
    │ Deadline     : 2026-10-25
    │ External ID  : 32E96FB614994708
    │ Description  : Consultor SAP PM Senior Desde C&S nos encontramos en la búsqueda de un/a Consultor/a SAP PM para sumarse a un equipo funcional enfocado en evolución y mejoras continuas de procesos. Modalidad: Híbrido…
    └───────────────────────────────────────────────────────
2026-09-27 15:30:04,809 DEBUG https://argentina.mimusjobs.com:443 "GET /wp-json/wp/v2/companies?slug=c-s-inform-tica-s-a- HTTP/1.1" 200 None
2026-09-27 15:30:04,820 DEBUG https://ii.ct-stc.com:443 "GET /5/logos/empresas/2016/05/26/cs-informatica-sa-32E96FB614994708thumbnail.png HTTP/1.1" 200 4294
2026-09-27 15:30:05,823 DEBUG https://argentina.mimusjobs.com:443 "POST /wp-json/wp/v2/media HTTP/1.1" 201 None
2026-09-27 15:30:07,126 DEBUG https://argentina.mimusjobs.com:443 "POST /wp-json/wp/v2/companies HTTP/1.1" 201 None
2026-09-27 15:30:07,126 INFO ✅ Company posted: C&S informática s.a. → ID 35062
2026-09-27 15:30:07,858 DEBUG https://argentina.mimusjobs.com:443 "GET /wp-json/wp/v2/job-listings?slug=consultor-sap-pm-senior HTTP/1.1" 200 None
2026-09-27 15:30:07,858 INFO ⏭ Job already on WP: Consultor SAP PM Senior
2026-09-27 15:30:07,858 INFO ✅ SUCCESS — 'Consultor SAP PM Senior' → WP ID=22215 🔗 https://argentina.mimusjobs.com/job/consultor-sap-pm-senior/
2026-09-27 15:30:08,859 INFO ── https://ar.computrabajo.com/empleos-en-capital-federal | page 3 | job 20/20: https://ar.computrabajo.com/ofertas-de-trabajo/oferta-de-trabajo-de-asesor-comercial-inmobiliario-en-caballito-752D85981C2012DB61373E686DCF3405
2026-09-27 15:30:08,966 DEBUG https://ar.computrabajo.com:443 "GET /ofertas-de-trabajo/oferta-de-trabajo-de-asesor-comercial-inmobiliario-en-caballito-752D85981C2012DB61373E686DCF3405 HTTP/1.1" 200 None
2026-09-27 15:30:08,969 DEBUG     GET https://ar.computrabajo.com/ofertas-de-trabajo/oferta-de-trabajo-de-asesor-comercial-inmobiliario-en-caballito-752D85981C2012DB61373E686DCF3405 → HTTP 200 (174,564 chars)
2026-09-27 15:30:08,991 INFO     ┌─ SCRAPED JOB ─────────────────────────────────────────
    │ URL          : https://ar.computrabajo.com/ofertas-de-trabajo/oferta-de-trabajo-de-asesor-comercial-inmobiliario-en-caballito-752D85981C2012DB61373E686DCF3405
    │ Title        : Asesor Comercial Inmobiliario
    │ Company      : Remax Parque
    │ Location     : Caballito, Capital Federal
    │ Job type     : full-time
    │ Salary       : (not listed)
    │ Industry     : Servicios Profesionales
    │ Date posted  : 2026-08-04
    │ Deadline     : 2026-10-03
    │ External ID  : FFFBF5F4FEBC6313
    │ Description  : Desarrolla tu carrera en el rubro inmobiliario con el respaldo de la marca líder en el mundo.
Súmate al equipo de Agentes comerciales de RE/MAX Parque.
Somos una de las primeras oficinas oficiales de …
    └───────────────────────────────────────────────────────
2026-09-27 15:30:09,808 DEBUG https://argentina.mimusjobs.com:443 "GET /wp-json/wp/v2/companies?slug=remax-parque HTTP/1.1" 200 None
2026-09-27 15:30:09,809 INFO ⏭ Company exists: Remax Parque
2026-09-27 15:30:11,091 DEBUG https://argentina.mimusjobs.com:443 "GET /wp-json/wp/v2/job-listings?slug=asesor-comercial-inmobiliario HTTP/1.1" 200 None
2026-09-27 15:30:11,092 INFO ⏭ Job already on WP: Asesor Comercial Inmobiliario
2026-09-27 15:30:11,092 INFO ✅ SUCCESS — 'Asesor Comercial Inmobiliario' → WP ID=15440 🔗 https://argentina.mimusjobs.com/job/asesor-comercial-inmobiliario/
2026-09-27 15:30:12,092 INFO 📊 Running totals — posted: 60 | skipped: 0 | failed: 0
2026-09-27 15:30:12,092 INFO Fetching listing page 4: https://ar.computrabajo.com/empleos-en-capital-federal?p=4
2026-09-27 15:30:12,128 DEBUG https://ar.computrabajo.com:443 "GET /empleos-en-capital-federal?p=4 HTTP/1.1" 200 None
2026-09-27 15:30:12,130 DEBUG     GET https://ar.computrabajo.com/empleos-en-capital-federal?p=4 → HTTP 200 (324,476 chars)
2026-09-27 15:30:12,173 INFO Found 20 job URLs on page 4
2026-09-27 15:30:12,173 DEBUG     job 1: https://ar.computrabajo.com/ofertas-de-trabajo/oferta-de-trabajo-de-vigilador-general-zona-caba-en-velez-sarsfield-C751C25401ACE23661373E686DCF3405
2026-09-27 15:30:12,173 DEBUG     job 2: https://ar.computrabajo.com/ofertas-de-trabajo/oferta-de-trabajo-de-auxiliar-de-despensa-olivos-en-belgrano-E083FCBBD6D6EB8461373E686DCF3405
2026-09-27 15:30:12,173 DEBUG     job 3: https://ar.computrabajo.com/ofertas-de-trabajo/oferta-de-trabajo-de-operarioa-de-produccion-rubro-alimenticio-en-palermo-7CBB1F424B54DD9461373E686DCF3405
2026-09-27 15:30:12,173 DEBUG     job 4: https://ar.computrabajo.com/ofertas-de-trabajo/oferta-de-trabajo-de-encargado-de-area-caba-en-villa-ortuzar-49D24889D705D16861373E686DCF3405
2026-09-27 15:30:12,173 DEBUG     job 5: https://ar.computrabajo.com/ofertas-de-trabajo/oferta-de-trabajo-de-asesor-comercial-inmobiliario-en-caballito-752D85981C2012DB61373E686DCF3405
2026-09-27 15:30:12,173 DEBUG     job 6: https://ar.computrabajo.com/ofertas-de-trabajo/oferta-de-trabajo-de-cocineroa-produccion-y-eventos-en-barracas-F6BDB56DDEF9A51961373E686DCF3405
2026-09-27 15:30:12,173 DEBUG     job 7: https://ar.computrabajo.com/ofertas-de-trabajo/oferta-de-trabajo-de-gestion-administrativa-de-internaciones-turno-tarde-en-recoleta-580541E0F825196C61373E686DCF3405
2026-09-27 15:30:12,173 DEBUG     job 8: https://ar.computrabajo.com/ofertas-de-trabajo/oferta-de-trabajo-de-gerente-de-desarrollo-de-negocios-empero-en-recoleta-C08296F323A5BAC561373E686DCF3405
2026-09-27 15:30:12,173 DEBUG     job 9: https://ar.computrabajo.com/ofertas-de-trabajo/oferta-de-trabajo-de-tecnico-electromecanico-junior-para-obras-y-o-mantenimiento-en-boedo-9D8F01B7C2B596FB61373E686DCF3405
2026-09-27 15:30:12,173 DEBUG     job 10: https://ar.computrabajo.com/ofertas-de-trabajo/oferta-de-trabajo-de-ejecutiva-de-ventas-vendedora-de-maquinas-para-la-gastronomia-en-caballito-E53D656C8203802261373E686DCF3405
2026-09-27 15:30:12,173 DEBUG     job 11: https://ar.computrabajo.com/ofertas-de-trabajo/oferta-de-trabajo-de-ejecutivo-de-ventas-b2b-part-time-zona-belgrano-caba-en-belgrano-475FDD2B4C038F2B61373E686DCF3405
2026-09-27 15:30:12,173 DEBUG     job 12: https://ar.computrabajo.com/ofertas-de-trabajo/oferta-de-trabajo-de-vendedor-oficial-peugeot-b-en-caballito-A175A5840EDC6C0761373E686DCF3405
2026-09-27 15:30:12,173 DEBUG     job 13: https://ar.computrabajo.com/ofertas-de-trabajo/oferta-de-trabajo-de-jefe-de-cocina-con-2-anos-minimo-de-experiencia-en-palermo-2A5D950794B9342561373E686DCF3405
2026-09-27 15:30:12,173 DEBUG     job 14: https://ar.computrabajo.com/ofertas-de-trabajo/oferta-de-trabajo-de-ayudante-de-cocina-turno-noche-en-villa-crespo-A85E8ED0D511CBB161373E686DCF3405
2026-09-27 15:30:12,173 DEBUG     job 15: https://ar.computrabajo.com/ofertas-de-trabajo/oferta-de-trabajo-de-asesores-comerciales-con-alta-fluidez-verbal-rubro-automotriz-en-san-nicolas-5F7483F540645CF261373E686DCF3405
2026-09-27 15:30:12,173 DEBUG     job 16: https://ar.computrabajo.com/ofertas-de-trabajo/oferta-de-trabajo-de-fundraiser-para-captacion-de-socios-para-ong-techo-part-time-caba-en-belgrano-181417E6FE6D61DC61373E686DCF3405
2026-09-27 15:30:12,173 DEBUG     job 17: https://ar.computrabajo.com/ofertas-de-trabajo/oferta-de-trabajo-de-medico-a-domicilio-en-caba-en-recoleta-A144916EA359AE2B61373E686DCF3405
2026-09-27 15:30:12,173 DEBUG     job 18: https://ar.computrabajo.com/ofertas-de-trabajo/oferta-de-trabajo-de-operarios-de-produccion-rubro-plastico-zona-villa-lugano-caba-en-caballito-D328AB40AF168BBD61373E686DCF3405
2026-09-27 15:30:12,173 DEBUG     job 19: https://ar.computrabajo.com/ofertas-de-trabajo/oferta-de-trabajo-de-barista-para-cafeteria-en-colegiales-EAACABE8D235342F61373E686DCF3405
2026-09-27 15:30:12,173 DEBUG     job 20: https://ar.computrabajo.com/ofertas-de-trabajo/oferta-de-trabajo-de-bartender-jefe-de-barra-en-caballito-E3DBE472E08CF2F961373E686DCF3405
2026-09-27 15:30:12,173 INFO ── https://ar.computrabajo.com/empleos-en-capital-federal | page 4 | job 1/20: https://ar.computrabajo.com/ofertas-de-trabajo/oferta-de-trabajo-de-vigilador-general-zona-caba-en-velez-sarsfield-C751C25401ACE23661373E686DCF3405
2026-09-27 15:30:12,248 DEBUG https://ar.computrabajo.com:443 "GET /ofertas-de-trabajo/oferta-de-trabajo-de-vigilador-general-zona-caba-en-velez-sarsfield-C751C25401ACE23661373E686DCF3405 HTTP/1.1" 200 None
2026-09-27 15:30:12,250 DEBUG     GET https://ar.computrabajo.com/ofertas-de-trabajo/oferta-de-trabajo-de-vigilador-general-zona-caba-en-velez-sarsfield-C751C25401ACE23661373E686DCF3405 → HTTP 200 (166,685 chars)
2026-09-27 15:30:12,272 INFO     ┌─ SCRAPED JOB ─────────────────────────────────────────
    │ URL          : https://ar.computrabajo.com/ofertas-de-trabajo/oferta-de-trabajo-de-vigilador-general-zona-caba-en-velez-sarsfield-C751C25401ACE23661373E686DCF3405
    │ Title        : Vigilador General Zona CABA
    │ Company      : Murata Sa
    │ Location     : Vélez Sársfield, Capital Federal
    │ Job type     : full-time
    │ Salary       : (not listed)
    │ Industry     : Servicios Profesionales
    │ Date posted  : 2026-08-18
    │ Deadline     : 2026-10-17
    │ External ID  : CBCD3FB28BECFABC
    │ Description  : Importante oportunidad laboral en Murata SA Vigilador General (Zona CABA)
En Murata SA nos encontramos en la búsqueda de Vigiladores Generales para incorporarse a nuestro equipo de trabajo en CABA.
Bu…
    └───────────────────────────────────────────────────────
2026-09-27 15:30:13,166 DEBUG https://argentina.mimusjobs.com:443 "GET /wp-json/wp/v2/companies?slug=murata-sa HTTP/1.1" 200 None
2026-09-27 15:30:13,166 INFO ⏭ Company exists: Murata Sa
2026-09-27 15:30:13,859 DEBUG https://argentina.mimusjobs.com:443 "GET /wp-json/wp/v2/job-listings?slug=vigilador-general-zona-caba HTTP/1.1" 200 None
2026-09-27 15:30:13,860 INFO ⏭ Job already on WP: Vigilador General Zona CABA
2026-09-27 15:30:13,860 INFO ✅ SUCCESS — 'Vigilador General Zona CABA' → WP ID=22222 🔗 https://argentina.mimusjobs.com/job/vigilador-general-zona-caba/
2026-09-27 15:30:14,860 INFO ── https://ar.computrabajo.com/empleos-en-capital-federal | page 4 | job 2/20: https://ar.computrabajo.com/ofertas-de-trabajo/oferta-de-trabajo-de-auxiliar-de-despensa-olivos-en-belgrano-E083FCBBD6D6EB8461373E686DCF3405
2026-09-27 15:30:14,939 DEBUG https://ar.computrabajo.com:443 "GET /ofertas-de-trabajo/oferta-de-trabajo-de-auxiliar-de-despensa-olivos-en-belgrano-E083FCBBD6D6EB8461373E686DCF3405 HTTP/1.1" 200 None
2026-09-27 15:30:14,941 DEBUG     GET https://ar.computrabajo.com/ofertas-de-trabajo/oferta-de-trabajo-de-auxiliar-de-despensa-olivos-en-belgrano-E083FCBBD6D6EB8461373E686DCF3405 → HTTP 200 (151,068 chars)
2026-09-27 15:30:14,958 WARNING No JobPosting JSON-LD found, using HTML fallback: https://ar.computrabajo.com/ofertas-de-trabajo/oferta-de-trabajo-de-auxiliar-de-despensa-olivos-en-belgrano-E083FCBBD6D6EB8461373E686DCF3405
2026-09-27 15:30:14,960 INFO     ┌─ SCRAPED JOB ─────────────────────────────────────────
    │ URL          : https://ar.computrabajo.com/ofertas-de-trabajo/oferta-de-trabajo-de-auxiliar-de-despensa-olivos-en-belgrano-E083FCBBD6D6EB8461373E686DCF3405
    │ Title        : Auxiliar de despensa - Olivos
    │ Company      : Importante empresa del sector
    │ Location     : Belgrano, Capital Federal
    │ Job type     : full-time
    │ Salary       : A convenir ARS
    │ Industry     : (none)
    │ Date posted  : (unknown)
    │ Deadline     : (estimated: )
    │ External ID  : (none)
    │ Description  : Importante Empresa de Servicios se encuentra en la búsqueda de un Auxiliar de despensa para trabajar en comedores industriales en Olivos- Buenos Aires.
Se requiere experiencia previa de al menos 2 año…
    └───────────────────────────────────────────────────────
2026-09-27 15:30:15,977 DEBUG https://argentina.mimusjobs.com:443 "GET /wp-json/wp/v2/companies?slug=importante-empresa-del-sector HTTP/1.1" 200 None
2026-09-27 15:30:15,978 INFO ⏭ Company exists: Importante empresa del sector
2026-09-27 15:30:16,797 DEBUG https://argentina.mimusjobs.com:443 "GET /wp-json/wp/v2/job-listings?slug=auxiliar-de-despensa---olivos HTTP/1.1" 200 None
2026-09-27 15:30:16,798 INFO ⏭ Job already on WP: Auxiliar de despensa - Olivos
2026-09-27 15:30:16,798 INFO ✅ SUCCESS — 'Auxiliar de despensa - Olivos' → WP ID=22216 🔗 https://argentina.mimusjobs.com/job/auxiliar-de-despensa-olivos/
2026-09-27 15:30:17,798 INFO ── https://ar.computrabajo.com/empleos-en-capital-federal | page 4 | job 3/20: https://ar.computrabajo.com/ofertas-de-trabajo/oferta-de-trabajo-de-operarioa-de-produccion-rubro-alimenticio-en-palermo-7CBB1F424B54DD9461373E686DCF3405
2026-09-27 15:30:17,877 DEBUG https://ar.computrabajo.com:443 "GET /ofertas-de-trabajo/oferta-de-trabajo-de-operarioa-de-produccion-rubro-alimenticio-en-palermo-7CBB1F424B54DD9461373E686DCF3405 HTTP/1.1" 200 None
2026-09-27 15:30:17,880 DEBUG     GET https://ar.computrabajo.com/ofertas-de-trabajo/oferta-de-trabajo-de-operarioa-de-produccion-rubro-alimenticio-en-palermo-7CBB1F424B54DD9461373E686DCF3405 → HTTP 200 (165,767 chars)
2026-09-27 15:30:17,901 INFO     ┌─ SCRAPED JOB ─────────────────────────────────────────
    │ URL          : https://ar.computrabajo.com/ofertas-de-trabajo/oferta-de-trabajo-de-operarioa-de-produccion-rubro-alimenticio-en-palermo-7CBB1F424B54DD9461373E686DCF3405
    │ Title        : Operario/a de Producción - Rubro Alimenticio
    │ Company      : ETT Faster Argentina SA
    │ Location     : Palermo, Capital Federal
    │ Job type     : full-time
    │ Salary       : (not listed)
    │ Industry     : RRHH / Personal
    │ Date posted  : 2026-08-18
    │ Deadline     : 2026-10-17
    │ External ID  : A5C885307F8746A7
    │ Description  : Importante empresa ubicada en Capital Federal, se encuentra en la búsqueda de un/a operario de producción con experiencia en manipulación de alimentos.-Requerimientos- Educación mínima: Secundaria 2 a…
    └───────────────────────────────────────────────────────
2026-09-27 15:30:19,273 DEBUG https://argentina.mimusjobs.com:443 "GET /wp-json/wp/v2/companies?slug=ett-faster-argentina-sa HTTP/1.1" 200 None
2026-09-27 15:30:19,274 INFO ⏭ Company exists: ETT Faster Argentina SA
2026-09-27 15:30:20,436 DEBUG https://argentina.mimusjobs.com:443 "GET /wp-json/wp/v2/job-listings?slug=operario-a-de-producci-n---rubro-alimenticio HTTP/1.1" 200 None
2026-09-27 15:30:20,448 DEBUG https://ii.ct-stc.com:443 "GET /5/logos/empresas/2017/11/21/ett-faster-argentina-sa-A5C885307F8746A7180927thumbnail.jpeg HTTP/1.1" 200 6708
2026-09-27 15:30:21,991 DEBUG https://argentina.mimusjobs.com:443 "POST /wp-json/wp/v2/media HTTP/1.1" 201 None
2026-09-27 15:30:23,654 DEBUG https://argentina.mimusjobs.com:443 "POST /wp-json/wp/v2/job-listings HTTP/1.1" 201 None
2026-09-27 15:30:23,655 INFO ✅ Job posted: 'Operario/a de Producción - Rubro Alimenticio' → WP ID 35064
2026-09-27 15:30:23,655 INFO ✅ SUCCESS — 'Operario/a de Producción - Rubro Alimenticio' → WP ID=35064 🔗 https://argentina.mimusjobs.com/job/operario-a-de-produccion-rubro-alimenticio-7/
2026-09-27 15:30:24,655 INFO ── https://ar.computrabajo.com/empleos-en-capital-federal | page 4 | job 4/20: https://ar.computrabajo.com/ofertas-de-trabajo/oferta-de-trabajo-de-encargado-de-area-caba-en-villa-ortuzar-49D24889D705D16861373E686DCF3405
2026-09-27 15:30:24,733 DEBUG https://ar.computrabajo.com:443 "GET /ofertas-de-trabajo/oferta-de-trabajo-de-encargado-de-area-caba-en-villa-ortuzar-49D24889D705D16861373E686DCF3405 HTTP/1.1" 200 None
2026-09-27 15:30:24,735 DEBUG     GET https://ar.computrabajo.com/ofertas-de-trabajo/oferta-de-trabajo-de-encargado-de-area-caba-en-villa-ortuzar-49D24889D705D16861373E686DCF3405 → HTTP 200 (168,740 chars)
2026-09-27 15:30:24,757 INFO     ┌─ SCRAPED JOB ─────────────────────────────────────────
    │ URL          : https://ar.computrabajo.com/ofertas-de-trabajo/oferta-de-trabajo-de-encargado-de-area-caba-en-villa-ortuzar-49D24889D705D16861373E686DCF3405
    │ Title        : Encargado de área CABA
    │ Company      : Supermayorista VITAL
    │ Location     : Villa Ortúzar, Capital Federal
    │ Job type     : full-time
    │ Salary       : (not listed)
    │ Industry     : Venta al por mayor
    │ Date posted  : 2026-08-26
    │ Deadline     : 2026-10-25
    │ External ID  : 262EEE74214A2A7F
    │ Description  : Importante empresa nacional del rubro retail / consumo masivo, con sólida trayectoria en el mercado y presencia en CABA, AMBA e interior del país, se encuentra en la búsqueda de perfiles para sumarse …
    └───────────────────────────────────────────────────────
2026-09-27 15:30:26,552 DEBUG https://argentina.mimusjobs.com:443 "GET /wp-json/wp/v2/companies?slug=supermayorista-vital HTTP/1.1" 200 None
2026-09-27 15:30:26,553 INFO ⏭ Company exists: Supermayorista VITAL
2026-09-27 15:30:27,833 DEBUG https://argentina.mimusjobs.com:443 "GET /wp-json/wp/v2/job-listings?slug=encargado-de--rea-caba HTTP/1.1" 200 None
2026-09-27 15:30:27,845 DEBUG https://ii.ct-stc.com:443 "GET /5/logos/empresas/2021/02/19/b53d38ec95804809afee111731678thumbnail.PNG HTTP/1.1" 200 7646
2026-09-27 15:30:28,698 DEBUG https://argentina.mimusjobs.com:443 "POST /wp-json/wp/v2/media HTTP/1.1" 201 None
2026-09-27 15:30:29,377 DEBUG https://argentina.mimusjobs.com:443 "GET /wp-json/wp/v2/job_listing_region?slug=villa-ort-zar--capital-federal HTTP/1.1" 200 None
2026-09-27 15:30:30,575 DEBUG https://argentina.mimusjobs.com:443 "POST /wp-json/wp/v2/job-listings HTTP/1.1" 201 None
2026-09-27 15:30:30,575 INFO ✅ Job posted: 'Encargado de área CABA' → WP ID 35066
2026-09-27 15:30:30,576 INFO ✅ SUCCESS — 'Encargado de área CABA' → WP ID=35066 🔗 https://argentina.mimusjobs.com/job/encargado-de-area-caba-7/
2026-09-27 15:30:31,576 INFO ── https://ar.computrabajo.com/empleos-en-capital-federal | page 4 | job 5/20: https://ar.computrabajo.com/ofertas-de-trabajo/oferta-de-trabajo-de-asesor-comercial-inmobiliario-en-caballito-752D85981C2012DB61373E686DCF3405
2026-09-27 15:30:31,576 INFO ⏭ SKIP (pre-check) — already processed.
2026-09-27 15:30:31,576 INFO ── https://ar.computrabajo.com/empleos-en-capital-federal | page 4 | job 6/20: https://ar.computrabajo.com/ofertas-de-trabajo/oferta-de-trabajo-de-cocineroa-produccion-y-eventos-en-barracas-F6BDB56DDEF9A51961373E686DCF3405
2026-09-27 15:30:31,650 DEBUG https://ar.computrabajo.com:443 "GET /ofertas-de-trabajo/oferta-de-trabajo-de-cocineroa-produccion-y-eventos-en-barracas-F6BDB56DDEF9A51961373E686DCF3405 HTTP/1.1" 200 None
2026-09-27 15:30:31,652 DEBUG     GET https://ar.computrabajo.com/ofertas-de-trabajo/oferta-de-trabajo-de-cocineroa-produccion-y-eventos-en-barracas-F6BDB56DDEF9A51961373E686DCF3405 → HTTP 200 (163,282 chars)
2026-09-27 15:30:31,671 INFO     ┌─ SCRAPED JOB ─────────────────────────────────────────
    │ URL          : https://ar.computrabajo.com/ofertas-de-trabajo/oferta-de-trabajo-de-cocineroa-produccion-y-eventos-en-barracas-F6BDB56DDEF9A51961373E686DCF3405
    │ Title        : Cocinero/a - Producción y eventos
    │ Company      : MADERO TANGO
    │ Location     : Barracas, Capital Federal
    │ Job type     : full-time
    │ Salary       : (not listed)
    │ Industry     : Hostelería / Turismo
    │ Date posted  : 2026-07-29
    │ Deadline     : 2026-09-27
    │ External ID  : 8D98C1208BB86D8B
    │ Description  : Nos encontramos en la búsqueda de un/a cocinero/a con experiencia para incorporarse a nuestro equipo de producción gastronómica y eventos.
Buscamos una persona dinámica, organizada y con capacidad par…
    └───────────────────────────────────────────────────────
2026-09-27 15:30:32,381 DEBUG https://argentina.mimusjobs.com:443 "GET /wp-json/wp/v2/companies?slug=madero-tango HTTP/1.1" 200 None
2026-09-27 15:30:32,381 INFO ⏭ Company exists: MADERO TANGO
2026-09-27 15:30:33,019 DEBUG https://argentina.mimusjobs.com:443 "GET /wp-json/wp/v2/job-listings?slug=cocinero-a---producci-n-y-eventos HTTP/1.1" 200 None
2026-09-27 15:30:33,030 DEBUG https://ii.ct-stc.com:443 "GET /5/logos/empresas/2025/10/07/a2e74e8be11c4ac5b619181237315thumbnail.png HTTP/1.1" 200 7039
2026-09-27 15:30:34,203 DEBUG https://argentina.mimusjobs.com:443 "POST /wp-json/wp/v2/media HTTP/1.1" 201 None
2026-09-27 15:30:35,171 DEBUG https://argentina.mimusjobs.com:443 "POST /wp-json/wp/v2/job-listings HTTP/1.1" 201 None
2026-09-27 15:30:35,174 INFO ✅ Job posted: 'Cocinero/a - Producción y eventos' → WP ID 35068
2026-09-27 15:30:35,174 INFO ✅ SUCCESS — 'Cocinero/a - Producción y eventos' → WP ID=35068 🔗 https://argentina.mimusjobs.com/job/cocinero-a-produccion-y-eventos-7/
2026-09-27 15:30:36,174 INFO ── https://ar.computrabajo.com/empleos-en-capital-federal | page 4 | job 7/20: https://ar.computrabajo.com/ofertas-de-trabajo/oferta-de-trabajo-de-gestion-administrativa-de-internaciones-turno-tarde-en-recoleta-580541E0F825196C61373E686DCF3405
2026-09-27 15:30:36,269 DEBUG https://ar.computrabajo.com:443 "GET /ofertas-de-trabajo/oferta-de-trabajo-de-gestion-administrativa-de-internaciones-turno-tarde-en-recoleta-580541E0F825196C61373E686DCF3405 HTTP/1.1" 200 None
2026-09-27 15:30:36,272 DEBUG     GET https://ar.computrabajo.com/ofertas-de-trabajo/oferta-de-trabajo-de-gestion-administrativa-de-internaciones-turno-tarde-en-recoleta-580541E0F825196C61373E686DCF3405 → HTTP 200 (152,209 chars)
2026-09-27 15:30:36,289 WARNING No JobPosting JSON-LD found, using HTML fallback: https://ar.computrabajo.com/ofertas-de-trabajo/oferta-de-trabajo-de-gestion-administrativa-de-internaciones-turno-tarde-en-recoleta-580541E0F825196C61373E686DCF3405
2026-09-27 15:30:36,290 INFO     ┌─ SCRAPED JOB ─────────────────────────────────────────
    │ URL          : https://ar.computrabajo.com/ofertas-de-trabajo/oferta-de-trabajo-de-gestion-administrativa-de-internaciones-turno-tarde-en-recoleta-580541E0F825196C61373E686DCF3405
    │ Title        : Gestión administrativa de internaciones - Turno Tarde
    │ Company      : Importante empresa del sector
    │ Location     : Recoleta, Capital Federal
    │ Job type     : full-time
    │ Salary       : A convenir ARS
    │ Industry     : (none)
    │ Date posted  : (unknown)
    │ Deadline     : (estimated: )
    │ External ID  : (none)
    │ Description  : Gestión administrativa de internaciones: admisiones, asignación y control de camas, autorizaciones, identificación de pacientes, censos a financiadores, documentación y prefacturación, prórrogas, alta…
    └───────────────────────────────────────────────────────
2026-09-27 15:30:37,139 DEBUG https://argentina.mimusjobs.com:443 "GET /wp-json/wp/v2/companies?slug=importante-empresa-del-sector HTTP/1.1" 200 None
2026-09-27 15:30:37,139 INFO ⏭ Company exists: Importante empresa del sector
2026-09-27 15:30:37,808 DEBUG https://argentina.mimusjobs.com:443 "GET /wp-json/wp/v2/job-listings?slug=gesti-n-administrativa-de-internaciones---turno-tarde HTTP/1.1" 200 None
2026-09-27 15:30:39,090 DEBUG https://argentina.mimusjobs.com:443 "POST /wp-json/wp/v2/job-listings HTTP/1.1" 201 None
2026-09-27 15:30:39,091 INFO ✅ Job posted: 'Gestión administrativa de internaciones - Turno Tarde' → WP ID 35069
2026-09-27 15:30:39,091 INFO ✅ SUCCESS — 'Gestión administrativa de internaciones - Turno Tarde' → WP ID=35069 🔗 https://argentina.mimusjobs.com/job/gestion-administrativa-de-internaciones-turno-tarde-7/
2026-09-27 15:30:40,091 INFO ── https://ar.computrabajo.com/empleos-en-capital-federal | page 4 | job 8/20: https://ar.computrabajo.com/ofertas-de-trabajo/oferta-de-trabajo-de-gerente-de-desarrollo-de-negocios-empero-en-recoleta-C08296F323A5BAC561373E686DCF3405
2026-09-27 15:30:40,180 DEBUG https://ar.computrabajo.com:443 "GET /ofertas-de-trabajo/oferta-de-trabajo-de-gerente-de-desarrollo-de-negocios-empero-en-recoleta-C08296F323A5BAC561373E686DCF3405 HTTP/1.1" 200 None
2026-09-27 15:30:40,183 DEBUG     GET https://ar.computrabajo.com/ofertas-de-trabajo/oferta-de-trabajo-de-gerente-de-desarrollo-de-negocios-empero-en-recoleta-C08296F323A5BAC561373E686DCF3405 → HTTP 200 (161,859 chars)
2026-09-27 15:30:40,202 INFO     ┌─ SCRAPED JOB ─────────────────────────────────────────
    │ URL          : https://ar.computrabajo.com/ofertas-de-trabajo/oferta-de-trabajo-de-gerente-de-desarrollo-de-negocios-empero-en-recoleta-C08296F323A5BAC561373E686DCF3405
    │ Title        : Gerente de desarrollo de negocios - Empero
    │ Company      : ILQUOTIDIANO S.R.L.
    │ Location     : Recoleta, Capital Federal
    │ Job type     : full-time
    │ Salary       : 111111 ARS
    │ Industry     : Hostelería / Turismo
    │ Date posted  : 2026-08-26
    │ Deadline     : 2026-10-25
    │ External ID  : 410805707C162DE6
    │ Description  : EMPERO , equipamiento gastronómico premium para restaurantes y hotelería líneas de cocción, frío, elaboración, lavado y acero inoxidable, con alto potencial de desarrollo.
Buscamos incorporar un profe…
    └───────────────────────────────────────────────────────
2026-09-27 15:30:40,942 DEBUG https://argentina.mimusjobs.com:443 "GET /wp-json/wp/v2/companies?slug=ilquotidiano-s-r-l- HTTP/1.1" 200 None
2026-09-27 15:30:40,942 INFO ⏭ Company exists: ILQUOTIDIANO S.R.L.
2026-09-27 15:30:41,921 DEBUG https://argentina.mimusjobs.com:443 "GET /wp-json/wp/v2/job-listings?slug=gerente-de-desarrollo-de-negocios---empero HTTP/1.1" 200 None
2026-09-27 15:30:41,922 INFO ⏭ Job already on WP: Gerente de desarrollo de negocios - Empero
2026-09-27 15:30:41,922 INFO ✅ SUCCESS — 'Gerente de desarrollo de negocios - Empero' → WP ID=22234 🔗 https://argentina.mimusjobs.com/job/gerente-de-desarrollo-de-negocios-empero/
2026-09-27 15:30:42,922 INFO ── https://ar.computrabajo.com/empleos-en-capital-federal | page 4 | job 9/20: https://ar.computrabajo.com/ofertas-de-trabajo/oferta-de-trabajo-de-tecnico-electromecanico-junior-para-obras-y-o-mantenimiento-en-boedo-9D8F01B7C2B596FB61373E686DCF3405
2026-09-27 15:30:43,001 DEBUG https://ar.computrabajo.com:443 "GET /ofertas-de-trabajo/oferta-de-trabajo-de-tecnico-electromecanico-junior-para-obras-y-o-mantenimiento-en-boedo-9D8F01B7C2B596FB61373E686DCF3405 HTTP/1.1" 200 None
2026-09-27 15:30:43,004 DEBUG     GET https://ar.computrabajo.com/ofertas-de-trabajo/oferta-de-trabajo-de-tecnico-electromecanico-junior-para-obras-y-o-mantenimiento-en-boedo-9D8F01B7C2B596FB61373E686DCF3405 → HTTP 200 (153,191 chars)
2026-09-27 15:30:43,021 WARNING No JobPosting JSON-LD found, using HTML fallback: https://ar.computrabajo.com/ofertas-de-trabajo/oferta-de-trabajo-de-tecnico-electromecanico-junior-para-obras-y-o-mantenimiento-en-boedo-9D8F01B7C2B596FB61373E686DCF3405
2026-09-27 15:30:43,022 INFO     ┌─ SCRAPED JOB ─────────────────────────────────────────
    │ URL          : https://ar.computrabajo.com/ofertas-de-trabajo/oferta-de-trabajo-de-tecnico-electromecanico-junior-para-obras-y-o-mantenimiento-en-boedo-9D8F01B7C2B596FB61373E686DCF3405
    │ Title        : Técnico electromecánico Junior - para Obras y o Mantenimiento
    │ Company      : Importante empresa del sector
    │ Location     : Boedo, Capital Federal
    │ Job type     : full-time
    │ Salary       : A convenir ARS
    │ Industry     : (none)
    │ Date posted  : (unknown)
    │ Deadline     : (estimated: )
    │ External ID  : (none)
    │ Description  : Requerimos técnicos junior para cubrir distintas posiciones relacionadas con instalaciones y o mantenimiento de equipos de aire acondicionado. Tareas a desarrollar según puesto. La selección serà segú…
    └───────────────────────────────────────────────────────
2026-09-27 15:30:43,893 DEBUG https://argentina.mimusjobs.com:443 "GET /wp-json/wp/v2/companies?slug=importante-empresa-del-sector HTTP/1.1" 200 None
2026-09-27 15:30:43,894 INFO ⏭ Company exists: Importante empresa del sector
2026-09-27 15:30:45,290 DEBUG https://argentina.mimusjobs.com:443 "GET /wp-json/wp/v2/job-listings?slug=t-cnico-electromec-nico-junior---para-obras-y-o-mantenimiento HTTP/1.1" 200 None
2026-09-27 15:30:46,074 DEBUG https://argentina.mimusjobs.com:443 "GET /wp-json/wp/v2/job_listing_region?slug=boedo--capital-federal HTTP/1.1" 200 None
2026-09-27 15:30:47,102 DEBUG https://argentina.mimusjobs.com:443 "POST /wp-json/wp/v2/job-listings HTTP/1.1" 201 None
2026-09-27 15:30:47,102 INFO ✅ Job posted: 'Técnico electromecánico Junior - para Obras y o Mantenimiento' → WP ID 35070
2026-09-27 15:30:47,102 INFO ✅ SUCCESS — 'Técnico electromecánico Junior - para Obras y o Mantenimiento' → WP ID=35070 🔗 https://argentina.mimusjobs.com/job/tecnico-electromecanico-junior-para-obras-y-o-mantenimiento-6/
2026-09-27 15:30:48,103 INFO ── https://ar.computrabajo.com/empleos-en-capital-federal | page 4 | job 10/20: https://ar.computrabajo.com/ofertas-de-trabajo/oferta-de-trabajo-de-ejecutiva-de-ventas-vendedora-de-maquinas-para-la-gastronomia-en-caballito-E53D656C8203802261373E686DCF3405
2026-09-27 15:30:48,190 DEBUG https://ar.computrabajo.com:443 "GET /ofertas-de-trabajo/oferta-de-trabajo-de-ejecutiva-de-ventas-vendedora-de-maquinas-para-la-gastronomia-en-caballito-E53D656C8203802261373E686DCF3405 HTTP/1.1" 200 None
2026-09-27 15:30:48,193 DEBUG     GET https://ar.computrabajo.com/ofertas-de-trabajo/oferta-de-trabajo-de-ejecutiva-de-ventas-vendedora-de-maquinas-para-la-gastronomia-en-caballito-E53D656C8203802261373E686DCF3405 → HTTP 200 (163,892 chars)
2026-09-27 15:30:48,213 INFO     ┌─ SCRAPED JOB ─────────────────────────────────────────
    │ URL          : https://ar.computrabajo.com/ofertas-de-trabajo/oferta-de-trabajo-de-ejecutiva-de-ventas-vendedora-de-maquinas-para-la-gastronomia-en-caballito-E53D656C8203802261373E686DCF3405
    │ Title        : Ejecutiva de Ventas - Vendedora de maquinas para la gastronomía
    │ Company      : INDUSTRIAS INNOVA SA
    │ Location     : Caballito, Capital Federal
    │ Job type     : full-time
    │ Salary       : (not listed)
    │ Industry     : Venta al consumidor
    │ Date posted  : 2026-08-18
    │ Deadline     : 2026-10-17
    │ External ID  : E50CBDB33D89996C
    │ Description  : Importante Empresa y Fabrica de Maquinas Gastronómicas , necesita vendedora de excelente presencia , para hacer negocios y ventas con clientes importantes de todo el país. Requisitos: Edad de 19 a 40 …
    └───────────────────────────────────────────────────────
2026-09-27 15:30:48,878 DEBUG https://argentina.mimusjobs.com:443 "GET /wp-json/wp/v2/companies?slug=industrias-innova-sa HTTP/1.1" 200 None
2026-09-27 15:30:48,879 INFO ⏭ Company exists: INDUSTRIAS INNOVA SA
2026-09-27 15:30:49,966 DEBUG https://argentina.mimusjobs.com:443 "GET /wp-json/wp/v2/job-listings?slug=ejecutiva-de-ventas---vendedora-de-maquinas-para-la-gastronom-a HTTP/1.1" 200 None
2026-09-27 15:30:51,503 DEBUG https://argentina.mimusjobs.com:443 "POST /wp-json/wp/v2/job-listings HTTP/1.1" 201 None
2026-09-27 15:30:51,503 INFO ✅ Job posted: 'Ejecutiva de Ventas - Vendedora de maquinas para la gastronomía' → WP ID 35071
2026-09-27 15:30:51,503 INFO ✅ SUCCESS — 'Ejecutiva de Ventas - Vendedora de maquinas para la gastronomía' → WP ID=35071 🔗 https://argentina.mimusjobs.com/job/ejecutiva-de-ventas-vendedora-de-maquinas-para-la-gastronomia-6/
2026-09-27 15:30:52,504 INFO ── https://ar.computrabajo.com/empleos-en-capital-federal | page 4 | job 11/20: https://ar.computrabajo.com/ofertas-de-trabajo/oferta-de-trabajo-de-ejecutivo-de-ventas-b2b-part-time-zona-belgrano-caba-en-belgrano-475FDD2B4C038F2B61373E686DCF3405
2026-09-27 15:30:52,593 DEBUG https://ar.computrabajo.com:443 "GET /ofertas-de-trabajo/oferta-de-trabajo-de-ejecutivo-de-ventas-b2b-part-time-zona-belgrano-caba-en-belgrano-475FDD2B4C038F2B61373E686DCF3405 HTTP/1.1" 200 None
2026-09-27 15:30:52,595 DEBUG     GET https://ar.computrabajo.com/ofertas-de-trabajo/oferta-de-trabajo-de-ejecutivo-de-ventas-b2b-part-time-zona-belgrano-caba-en-belgrano-475FDD2B4C038F2B61373E686DCF3405 → HTTP 200 (175,866 chars)
2026-09-27 15:30:52,640 INFO     ┌─ SCRAPED JOB ─────────────────────────────────────────
    │ URL          : https://ar.computrabajo.com/ofertas-de-trabajo/oferta-de-trabajo-de-ejecutivo-de-ventas-b2b-part-time-zona-belgrano-caba-en-belgrano-475FDD2B4C038F2B61373E686DCF3405
    │ Title        : Ejecutivo de Ventas B2B Part Time - Zona Belgrano CABA
    │ Company      : Link Solution
    │ Location     : Belgrano, Capital Federal
    │ Job type     : temporary
    │ Salary       : (not listed)
    │ Industry     : Informática / Software
    │ Date posted  : 2026-09-03
    │ Deadline     : 2026-11-02
    │ External ID  : 1E3D4AC86EB596B4
    │ Description  : Nos encontramos en la búsqueda de un/a Ejecutivo/a de Ventas B2B con perfil comercial, excelente comunicación y experiencia en gestiones outbound.
Si te motiva el contacto con potenciales clientes, la…
    └───────────────────────────────────────────────────────
2026-09-27 15:30:53,528 DEBUG https://argentina.mimusjobs.com:443 "GET /wp-json/wp/v2/companies?slug=link-solution HTTP/1.1" 200 None
2026-09-27 15:30:53,529 INFO ⏭ Company exists: Link Solution
2026-09-27 15:30:54,770 DEBUG https://argentina.mimusjobs.com:443 "GET /wp-json/wp/v2/job-listings?slug=ejecutivo-de-ventas-b2b-part-time---zona-belgrano-caba HTTP/1.1" 200 None
2026-09-27 15:30:54,771 INFO ⏭ Job already on WP: Ejecutivo de Ventas B2B Part Time - Zona Belgrano CABA
2026-09-27 15:30:54,771 INFO ✅ SUCCESS — 'Ejecutivo de Ventas B2B Part Time - Zona Belgrano CABA' → WP ID=22237 🔗 https://argentina.mimusjobs.com/job/ejecutivo-de-ventas-b2b-part-time-zona-belgrano-caba/
2026-09-27 15:30:55,771 INFO ── https://ar.computrabajo.com/empleos-en-capital-federal | page 4 | job 12/20: https://ar.computrabajo.com/ofertas-de-trabajo/oferta-de-trabajo-de-vendedor-oficial-peugeot-b-en-caballito-A175A5840EDC6C0761373E686DCF3405
2026-09-27 15:30:55,870 DEBUG https://ar.computrabajo.com:443 "GET /ofertas-de-trabajo/oferta-de-trabajo-de-vendedor-oficial-peugeot-b-en-caballito-A175A5840EDC6C0761373E686DCF3405 HTTP/1.1" 200 None
2026-09-27 15:30:55,873 DEBUG     GET https://ar.computrabajo.com/ofertas-de-trabajo/oferta-de-trabajo-de-vendedor-oficial-peugeot-b-en-caballito-A175A5840EDC6C0761373E686DCF3405 → HTTP 200 (161,275 chars)
2026-09-27 15:30:55,892 INFO     ┌─ SCRAPED JOB ─────────────────────────────────────────
    │ URL          : https://ar.computrabajo.com/ofertas-de-trabajo/oferta-de-trabajo-de-vendedor-oficial-peugeot-b-en-caballito-A175A5840EDC6C0761373E686DCF3405
    │ Title        : Vendedor Oficial Peugeot B
    │ Company      : NEXO AUTOMOTRIZ S.R.L
    │ Location     : Caballito, Capital Federal
    │ Job type     : full-time
    │ Salary       : 970000 ARS
    │ Industry     : Venta al consumidor
    │ Date posted  : 2026-09-03
    │ Deadline     : 2026-11-02
    │ External ID  : 5F70A1C9160163DF
    │ Description  : Importante concesionario oficial Peugeot, incorpora personal.
Nos orientamos a perfiles proactivos, con actitud positiva y ganas de desarrollarse en una empresa líder en el rubro.
Responsabilidades pr…
    └───────────────────────────────────────────────────────
2026-09-27 15:30:56,567 DEBUG https://argentina.mimusjobs.com:443 "GET /wp-json/wp/v2/companies?slug=nexo-automotriz-s-r-l HTTP/1.1" 200 None
2026-09-27 15:30:56,567 INFO ⏭ Company exists: NEXO AUTOMOTRIZ S.R.L
2026-09-27 15:30:57,695 DEBUG https://argentina.mimusjobs.com:443 "GET /wp-json/wp/v2/job-listings?slug=vendedor-oficial-peugeot-b HTTP/1.1" 200 None
2026-09-27 15:30:57,696 INFO ⏭ Job already on WP: Vendedor Oficial Peugeot B
2026-09-27 15:30:57,696 INFO ✅ SUCCESS — 'Vendedor Oficial Peugeot B' → WP ID=22252 🔗 https://argentina.mimusjobs.com/job/vendedor-oficial-peugeot-b/
2026-09-27 15:30:58,696 INFO ── https://ar.computrabajo.com/empleos-en-capital-federal | page 4 | job 13/20: https://ar.computrabajo.com/ofertas-de-trabajo/oferta-de-trabajo-de-jefe-de-cocina-con-2-anos-minimo-de-experiencia-en-palermo-2A5D950794B9342561373E686DCF3405
2026-09-27 15:30:58,732 DEBUG https://ar.computrabajo.com:443 "GET /ofertas-de-trabajo/oferta-de-trabajo-de-jefe-de-cocina-con-2-anos-minimo-de-experiencia-en-palermo-2A5D950794B9342561373E686DCF3405 HTTP/1.1" 200 None
2026-09-27 15:30:58,733 DEBUG     GET https://ar.computrabajo.com/ofertas-de-trabajo/oferta-de-trabajo-de-jefe-de-cocina-con-2-anos-minimo-de-experiencia-en-palermo-2A5D950794B9342561373E686DCF3405 → HTTP 200 (161,673 chars)
2026-09-27 15:30:58,752 INFO     ┌─ SCRAPED JOB ─────────────────────────────────────────
    │ URL          : https://ar.computrabajo.com/ofertas-de-trabajo/oferta-de-trabajo-de-jefe-de-cocina-con-2-anos-minimo-de-experiencia-en-palermo-2A5D950794B9342561373E686DCF3405
    │ Title        : Jefe de Cocina - Con 2 años Minimo de Experiencia
    │ Company      : Garibaldi Restaurante
    │ Location     : Palermo, Capital Federal
    │ Job type     : full-time
    │ Salary       : (not listed)
    │ Industry     : Hostelería / Turismo
    │ Date posted  : 2026-08-10
    │ Deadline     : 2026-10-09
    │ External ID  : 0D5FE27863D3B9D5
    │ Description  : Buscamos Jefe de Cocina/a con amplia experiencia en despacho. La búsqueda se orienta a personas entre 30/45 años con título gastronómico terciario y amplia disponibilidad horaria, con amplia experienc…
    └───────────────────────────────────────────────────────
2026-09-27 15:31:00,074 DEBUG https://argentina.mimusjobs.com:443 "GET /wp-json/wp/v2/companies?slug=garibaldi-restaurante HTTP/1.1" 200 None
2026-09-27 15:31:00,074 INFO ⏭ Company exists: Garibaldi Restaurante
2026-09-27 15:31:01,241 DEBUG https://argentina.mimusjobs.com:443 "GET /wp-json/wp/v2/job-listings?slug=jefe-de-cocina---con-2-a-os-minimo-de-experiencia HTTP/1.1" 200 None
2026-09-27 15:31:01,252 DEBUG https://ii.ct-stc.com:443 "GET /5/logos/empresas/2023/01/08/garibaldi-restaurante-0D5FE27863D3B9D5220012thumbnail.jpeg HTTP/1.1" 200 41617
2026-09-27 15:31:03,058 DEBUG https://argentina.mimusjobs.com:443 "POST /wp-json/wp/v2/media HTTP/1.1" 201 None
2026-09-27 15:31:04,532 DEBUG https://argentina.mimusjobs.com:443 "POST /wp-json/wp/v2/job-listings HTTP/1.1" 201 None
2026-09-27 15:31:04,532 INFO ✅ Job posted: 'Jefe de Cocina - Con 2 años Minimo de Experiencia' → WP ID 35073
2026-09-27 15:31:04,533 INFO ✅ SUCCESS — 'Jefe de Cocina - Con 2 años Minimo de Experiencia' → WP ID=35073 🔗 https://argentina.mimusjobs.com/job/jefe-de-cocina-con-2-anos-minimo-de-experiencia-7/
2026-09-27 15:31:05,533 INFO ── https://ar.computrabajo.com/empleos-en-capital-federal | page 4 | job 14/20: https://ar.computrabajo.com/ofertas-de-trabajo/oferta-de-trabajo-de-ayudante-de-cocina-turno-noche-en-villa-crespo-A85E8ED0D511CBB161373E686DCF3405
2026-09-27 15:31:05,610 DEBUG https://ar.computrabajo.com:443 "GET /ofertas-de-trabajo/oferta-de-trabajo-de-ayudante-de-cocina-turno-noche-en-villa-crespo-A85E8ED0D511CBB161373E686DCF3405 HTTP/1.1" 200 None
2026-09-27 15:31:05,612 DEBUG     GET https://ar.computrabajo.com/ofertas-de-trabajo/oferta-de-trabajo-de-ayudante-de-cocina-turno-noche-en-villa-crespo-A85E8ED0D511CBB161373E686DCF3405 → HTTP 200 (158,960 chars)
2026-09-27 15:31:05,632 INFO     ┌─ SCRAPED JOB ─────────────────────────────────────────
    │ URL          : https://ar.computrabajo.com/ofertas-de-trabajo/oferta-de-trabajo-de-ayudante-de-cocina-turno-noche-en-villa-crespo-A85E8ED0D511CBB161373E686DCF3405
    │ Title        : ayudante de cocina - Turno noche
    │ Company      : Chebonche
    │ Location     : Villa Crespo, Capital Federal
    │ Job type     : full-time
    │ Salary       : 850000 ARS
    │ Industry     : Venta al consumidor
    │ Date posted  : 2026-08-10
    │ Deadline     : 2026-10-09
    │ External ID  : BBD3552B00317441
    │ Description  : Zona: Villa Crespo (CABA) Turno: Noche Puesto: PLANCHERO/AYUDANTE DE COCINA Responsabilidades: - Montar platos según indicaciones. - Mantener limpieza y orden en su área. - Almacenar insumos correctam…
    └───────────────────────────────────────────────────────
2026-09-27 15:31:06,570 DEBUG https://argentina.mimusjobs.com:443 "GET /wp-json/wp/v2/companies?slug=chebonche HTTP/1.1" 200 None
2026-09-27 15:31:06,570 INFO ⏭ Company exists: Chebonche
2026-09-27 15:31:07,468 DEBUG https://argentina.mimusjobs.com:443 "GET /wp-json/wp/v2/job-listings?slug=ayudante-de-cocina---turno-noche HTTP/1.1" 200 None
2026-09-27 15:31:07,468 INFO ⏭ Job already on WP: ayudante de cocina - Turno noche
2026-09-27 15:31:07,469 INFO ✅ SUCCESS — 'ayudante de cocina - Turno noche' → WP ID=20877 🔗 https://argentina.mimusjobs.com/job/ayudante-de-cocina-turno-noche/
2026-09-27 15:31:08,469 INFO ── https://ar.computrabajo.com/empleos-en-capital-federal | page 4 | job 15/20: https://ar.computrabajo.com/ofertas-de-trabajo/oferta-de-trabajo-de-asesores-comerciales-con-alta-fluidez-verbal-rubro-automotriz-en-san-nicolas-5F7483F540645CF261373E686DCF3405
2026-09-27 15:31:08,544 DEBUG https://ar.computrabajo.com:443 "GET /ofertas-de-trabajo/oferta-de-trabajo-de-asesores-comerciales-con-alta-fluidez-verbal-rubro-automotriz-en-san-nicolas-5F7483F540645CF261373E686DCF3405 HTTP/1.1" 200 None
2026-09-27 15:31:08,547 DEBUG     GET https://ar.computrabajo.com/ofertas-de-trabajo/oferta-de-trabajo-de-asesores-comerciales-con-alta-fluidez-verbal-rubro-automotriz-en-san-nicolas-5F7483F540645CF261373E686DCF3405 → HTTP 200 (164,581 chars)
2026-09-27 15:31:08,567 INFO     ┌─ SCRAPED JOB ─────────────────────────────────────────
    │ URL          : https://ar.computrabajo.com/ofertas-de-trabajo/oferta-de-trabajo-de-asesores-comerciales-con-alta-fluidez-verbal-rubro-automotriz-en-san-nicolas-5F7483F540645CF261373E686DCF3405
    │ Title        : Asesores Comerciales con Alta Fluidez Verbal: - Rubro Automotriz
    │ Company      : EAGLES
    │ Location     : San Nicolás, Capital Federal
    │ Job type     : full-time
    │ Salary       : 900000 ARS
    │ Industry     : Venta al consumidor
    │ Date posted  : 2026-08-10
    │ Deadline     : 2026-10-09
    │ External ID  : 3FA18F68260709BF
    │ Description  : ¿Sos de esas personas que no pueden parar de hablar, que conectan al instante con cualquiera y tienen una capacidad natural para persuadir? En nuestro equipo comercial del sector automotriz en San Nic…
    └───────────────────────────────────────────────────────
2026-09-27 15:31:09,309 DEBUG https://argentina.mimusjobs.com:443 "GET /wp-json/wp/v2/companies?slug=eagles HTTP/1.1" 200 None
2026-09-27 15:31:09,309 INFO ⏭ Company exists: EAGLES
2026-09-27 15:31:09,938 DEBUG https://argentina.mimusjobs.com:443 "GET /wp-json/wp/v2/job-listings?slug=asesores-comerciales-con-alta-fluidez-verbal----rubro-automotriz HTTP/1.1" 200 None
2026-09-27 15:31:09,938 INFO ⏭ Job already on WP: Asesores Comerciales con Alta Fluidez Verbal: - Rubro Automotriz
2026-09-27 15:31:09,938 INFO ✅ SUCCESS — 'Asesores Comerciales con Alta Fluidez Verbal: - Rubro Automotriz' → WP ID=22251 🔗 https://argentina.mimusjobs.com/job/asesores-comerciales-con-alta-fluidez-verbal-rubro-automotriz/
2026-09-27 15:31:10,938 INFO ── https://ar.computrabajo.com/empleos-en-capital-federal | page 4 | job 16/20: https://ar.computrabajo.com/ofertas-de-trabajo/oferta-de-trabajo-de-fundraiser-para-captacion-de-socios-para-ong-techo-part-time-caba-en-belgrano-181417E6FE6D61DC61373E686DCF3405
2026-09-27 15:31:11,031 DEBUG https://ar.computrabajo.com:443 "GET /ofertas-de-trabajo/oferta-de-trabajo-de-fundraiser-para-captacion-de-socios-para-ong-techo-part-time-caba-en-belgrano-181417E6FE6D61DC61373E686DCF3405 HTTP/1.1" 200 None
2026-09-27 15:31:11,034 DEBUG     GET https://ar.computrabajo.com/ofertas-de-trabajo/oferta-de-trabajo-de-fundraiser-para-captacion-de-socios-para-ong-techo-part-time-caba-en-belgrano-181417E6FE6D61DC61373E686DCF3405 → HTTP 200 (168,112 chars)
2026-09-27 15:31:11,053 INFO     ┌─ SCRAPED JOB ─────────────────────────────────────────
    │ URL          : https://ar.computrabajo.com/ofertas-de-trabajo/oferta-de-trabajo-de-fundraiser-para-captacion-de-socios-para-ong-techo-part-time-caba-en-belgrano-181417E6FE6D61DC61373E686DCF3405
    │ Title        : Fundraiser para Captación de socios para ONG Techo - Part time, Caba
    │ Company      : Yakú Consultora
    │ Location     : Belgrano, Capital Federal
    │ Job type     : temporary
    │ Salary       : (not listed)
    │ Industry     : RRHH / Personal
    │ Date posted  : 2026-08-13
    │ Deadline     : 2026-10-12
    │ External ID  : ED500CC85521E0C3
    │ Description  : ¡Súmate a TECHO y convertite en parte del cambio!
En Yakú, junto a TECHO, estamos buscando personas con energía, compromiso y ganas de generar un impacto real.
Si disfrutas hablar con personas, te mot…
    └───────────────────────────────────────────────────────
2026-09-27 15:31:11,767 DEBUG https://argentina.mimusjobs.com:443 "GET /wp-json/wp/v2/companies?slug=yak--consultora HTTP/1.1" 200 None
2026-09-27 15:31:11,780 DEBUG https://ii.ct-stc.com:443 "GET /5/logos/empresas/2022/04/21/9dea5ad1169f40bd804e130548892thumbnail.png HTTP/1.1" 200 4292
2026-09-27 15:31:13,333 DEBUG https://argentina.mimusjobs.com:443 "POST /wp-json/wp/v2/media HTTP/1.1" 201 None
2026-09-27 15:31:14,735 DEBUG https://argentina.mimusjobs.com:443 "POST /wp-json/wp/v2/companies HTTP/1.1" 201 None
2026-09-27 15:31:14,738 INFO ✅ Company posted: Yakú Consultora → ID 35075
2026-09-27 15:31:15,710 DEBUG https://argentina.mimusjobs.com:443 "GET /wp-json/wp/v2/job-listings?slug=fundraiser-para-captaci-n-de-socios-para-ong-techo---part-time--caba HTTP/1.1" 200 None
2026-09-27 15:31:15,720 DEBUG https://ii.ct-stc.com:443 "GET /5/logos/empresas/2022/04/21/9dea5ad1169f40bd804e130548892thumbnail.png HTTP/1.1" 200 4292
2026-09-27 15:31:16,698 DEBUG https://argentina.mimusjobs.com:443 "POST /wp-json/wp/v2/media HTTP/1.1" 201 None
2026-09-27 15:31:18,421 DEBUG https://argentina.mimusjobs.com:443 "POST /wp-json/wp/v2/job-listings HTTP/1.1" 201 None
2026-09-27 15:31:18,422 INFO ✅ Job posted: 'Fundraiser para Captación de socios para ONG Techo - Part time, Caba' → WP ID 35077
2026-09-27 15:31:18,422 INFO ✅ SUCCESS — 'Fundraiser para Captación de socios para ONG Techo - Part time, Caba' → WP ID=35077 🔗 https://argentina.mimusjobs.com/job/fundraiser-para-captacion-de-socios-para-ong-techo-part-time-caba-6/
2026-09-27 15:31:19,422 INFO ── https://ar.computrabajo.com/empleos-en-capital-federal | page 4 | job 17/20: https://ar.computrabajo.com/ofertas-de-trabajo/oferta-de-trabajo-de-medico-a-domicilio-en-caba-en-recoleta-A144916EA359AE2B61373E686DCF3405
2026-09-27 15:31:19,515 DEBUG https://ar.computrabajo.com:443 "GET /ofertas-de-trabajo/oferta-de-trabajo-de-medico-a-domicilio-en-caba-en-recoleta-A144916EA359AE2B61373E686DCF3405 HTTP/1.1" 200 None
2026-09-27 15:31:19,518 DEBUG     GET https://ar.computrabajo.com/ofertas-de-trabajo/oferta-de-trabajo-de-medico-a-domicilio-en-caba-en-recoleta-A144916EA359AE2B61373E686DCF3405 → HTTP 200 (169,781 chars)
2026-09-27 15:31:19,539 INFO     ┌─ SCRAPED JOB ─────────────────────────────────────────
    │ URL          : https://ar.computrabajo.com/ofertas-de-trabajo/oferta-de-trabajo-de-medico-a-domicilio-en-caba-en-recoleta-A144916EA359AE2B61373E686DCF3405
    │ Title        : Medico - a Domicilio en CABA
    │ Company      : Integrar Cuidados srl
    │ Location     : Recoleta, Capital Federal
    │ Job type     : temporary
    │ Salary       : 40000 ARS
    │ Industry     : Salud / Medicina
    │ Date posted  : 2026-08-18
    │ Deadline     : 2026-10-17
    │ External ID  : 2C72B4E7BC4A3B4F
    │ Description  : INTEGRAR CUIDADOS SRL es una Empresa de Internación Medica y Cuidados Domiciliarios que reside en CABA desde hace 5 años y hoy se encuentra en búsqueda de Médicos para seguimiento, control y evaluació…
    └───────────────────────────────────────────────────────
2026-09-27 15:31:20,325 DEBUG https://argentina.mimusjobs.com:443 "GET /wp-json/wp/v2/companies?slug=integrar-cuidados-srl HTTP/1.1" 200 None
2026-09-27 15:31:20,325 INFO ⏭ Company exists: Integrar Cuidados srl
2026-09-27 15:31:22,028 DEBUG https://argentina.mimusjobs.com:443 "GET /wp-json/wp/v2/job-listings?slug=medico---a-domicilio-en-caba HTTP/1.1" 200 None
2026-09-27 15:31:22,029 INFO ⏭ Job already on WP: Medico - a Domicilio en CABA
2026-09-27 15:31:22,029 INFO ✅ SUCCESS — 'Medico - a Domicilio en CABA' → WP ID=26627 🔗 https://argentina.mimusjobs.com/job/medico-a-domicilio-en-caba/
2026-09-27 15:31:23,029 INFO ── https://ar.computrabajo.com/empleos-en-capital-federal | page 4 | job 18/20: https://ar.computrabajo.com/ofertas-de-trabajo/oferta-de-trabajo-de-operarios-de-produccion-rubro-plastico-zona-villa-lugano-caba-en-caballito-D328AB40AF168BBD61373E686DCF3405
2026-09-27 15:31:23,095 DEBUG https://ar.computrabajo.com:443 "GET /ofertas-de-trabajo/oferta-de-trabajo-de-operarios-de-produccion-rubro-plastico-zona-villa-lugano-caba-en-caballito-D328AB40AF168BBD61373E686DCF3405 HTTP/1.1" 200 None
2026-09-27 15:31:23,097 DEBUG     GET https://ar.computrabajo.com/ofertas-de-trabajo/oferta-de-trabajo-de-operarios-de-produccion-rubro-plastico-zona-villa-lugano-caba-en-caballito-D328AB40AF168BBD61373E686DCF3405 → HTTP 200 (159,020 chars)
2026-09-27 15:31:23,116 INFO     ┌─ SCRAPED JOB ─────────────────────────────────────────
    │ URL          : https://ar.computrabajo.com/ofertas-de-trabajo/oferta-de-trabajo-de-operarios-de-produccion-rubro-plastico-zona-villa-lugano-caba-en-caballito-D328AB40AF168BBD61373E686DCF3405
    │ Title        : Operarios de Producción rubro Plástico
    │ Company      : EstrategiaRRHH
    │ Location     : Villa Lugano, Capital Federal
    │ Job type     : full-time
    │ Salary       : (not listed)
    │ Industry     : RRHH / Personal
    │ Date posted  : 2026-08-18
    │ Deadline     : 2026-10-17
    │ External ID  : 62D76F3A1F493C1D
    │ Description  : Empresa rubro Plástico ubicada en la zona de Villa Lugano, CABA busca 2 operarios de producción Requisitos: Secundario completo Experiencia producción, en rubro plástico. Se valorará experiencia en Te…
    └───────────────────────────────────────────────────────
2026-09-27 15:31:23,975 DEBUG https://argentina.mimusjobs.com:443 "GET /wp-json/wp/v2/companies?slug=estrategiarrhh HTTP/1.1" 200 None
2026-09-27 15:31:23,976 INFO ⏭ Company exists: EstrategiaRRHH
2026-09-27 15:31:25,007 DEBUG https://argentina.mimusjobs.com:443 "GET /wp-json/wp/v2/job-listings?slug=operarios-de-producci-n-rubro-pl-stico HTTP/1.1" 200 None
2026-09-27 15:31:25,019 DEBUG https://ii.ct-stc.com:443 "GET /5/logos/empresas/2024/04/18//estrategiarrhh164745thumbnail.jpeg HTTP/1.1" 200 11702
2026-09-27 15:31:26,805 DEBUG https://argentina.mimusjobs.com:443 "POST /wp-json/wp/v2/media HTTP/1.1" 201 None
2026-09-27 15:31:27,435 DEBUG https://argentina.mimusjobs.com:443 "GET /wp-json/wp/v2/job_listing_region?slug=villa-lugano--capital-federal HTTP/1.1" 200 None
2026-09-27 15:31:28,768 DEBUG https://argentina.mimusjobs.com:443 "POST /wp-json/wp/v2/job-listings HTTP/1.1" 201 None
2026-09-27 15:31:28,768 INFO ✅ Job posted: 'Operarios de Producción rubro Plástico' → WP ID 35079
2026-09-27 15:31:28,768 INFO ✅ SUCCESS — 'Operarios de Producción rubro Plástico' → WP ID=35079 🔗 https://argentina.mimusjobs.com/job/operarios-de-produccion-rubro-plastico-6/
2026-09-27 15:31:29,768 INFO ── https://ar.computrabajo.com/empleos-en-capital-federal | page 4 | job 19/20: https://ar.computrabajo.com/ofertas-de-trabajo/oferta-de-trabajo-de-barista-para-cafeteria-en-colegiales-EAACABE8D235342F61373E686DCF3405
2026-09-27 15:31:29,858 DEBUG https://ar.computrabajo.com:443 "GET /ofertas-de-trabajo/oferta-de-trabajo-de-barista-para-cafeteria-en-colegiales-EAACABE8D235342F61373E686DCF3405 HTTP/1.1" 200 None
2026-09-27 15:31:29,860 DEBUG     GET https://ar.computrabajo.com/ofertas-de-trabajo/oferta-de-trabajo-de-barista-para-cafeteria-en-colegiales-EAACABE8D235342F61373E686DCF3405 → HTTP 200 (150,051 chars)
2026-09-27 15:31:29,877 WARNING No JobPosting JSON-LD found, using HTML fallback: https://ar.computrabajo.com/ofertas-de-trabajo/oferta-de-trabajo-de-barista-para-cafeteria-en-colegiales-EAACABE8D235342F61373E686DCF3405
2026-09-27 15:31:29,878 INFO     ┌─ SCRAPED JOB ─────────────────────────────────────────
    │ URL          : https://ar.computrabajo.com/ofertas-de-trabajo/oferta-de-trabajo-de-barista-para-cafeteria-en-colegiales-EAACABE8D235342F61373E686DCF3405
    │ Title        : Barista para Cafetería
    │ Company      : Importante empresa del sector
    │ Location     : Colegiales, Capital Federal
    │ Job type     : full-time
    │ Salary       : A convenir ARS
    │ Industry     : (none)
    │ Date posted  : (unknown)
    │ Deadline     : (estimated: )
    │ External ID  : (none)
    │ Description  : Se busca un Barista para cadena de cafetería Forno1977 - Nuñez, Colegiales, Vicente Lopez, Palermo, San Fernando.
Funciones
Preparar y servir cafés y bebidas calientes de alta calidad.
Mantener el áre…
    └───────────────────────────────────────────────────────
2026-09-27 15:31:30,562 DEBUG https://argentina.mimusjobs.com:443 "GET /wp-json/wp/v2/companies?slug=importante-empresa-del-sector HTTP/1.1" 200 None
2026-09-27 15:31:30,563 INFO ⏭ Company exists: Importante empresa del sector
2026-09-27 15:31:31,424 DEBUG https://argentina.mimusjobs.com:443 "GET /wp-json/wp/v2/job-listings?slug=barista-para-cafeter-a HTTP/1.1" 200 None
2026-09-27 15:31:32,142 DEBUG https://argentina.mimusjobs.com:443 "GET /wp-json/wp/v2/job_listing_region?slug=colegiales--capital-federal HTTP/1.1" 200 None
2026-09-27 15:31:33,546 DEBUG https://argentina.mimusjobs.com:443 "POST /wp-json/wp/v2/job-listings HTTP/1.1" 201 None
2026-09-27 15:31:33,547 INFO ✅ Job posted: 'Barista para Cafetería' → WP ID 35080
2026-09-27 15:31:33,547 INFO ✅ SUCCESS — 'Barista para Cafetería' → WP ID=35080 🔗 https://argentina.mimusjobs.com/job/barista-para-cafeteria-9/
2026-09-27 15:31:34,547 INFO ── https://ar.computrabajo.com/empleos-en-capital-federal | page 4 | job 20/20: https://ar.computrabajo.com/ofertas-de-trabajo/oferta-de-trabajo-de-bartender-jefe-de-barra-en-caballito-E3DBE472E08CF2F961373E686DCF3405
2026-09-27 15:31:34,605 DEBUG https://ar.computrabajo.com:443 "GET /ofertas-de-trabajo/oferta-de-trabajo-de-bartender-jefe-de-barra-en-caballito-E3DBE472E08CF2F961373E686DCF3405 HTTP/1.1" 200 None
2026-09-27 15:31:34,608 DEBUG     GET https://ar.computrabajo.com/ofertas-de-trabajo/oferta-de-trabajo-de-bartender-jefe-de-barra-en-caballito-E3DBE472E08CF2F961373E686DCF3405 → HTTP 200 (151,934 chars)
2026-09-27 15:31:34,626 WARNING No JobPosting JSON-LD found, using HTML fallback: https://ar.computrabajo.com/ofertas-de-trabajo/oferta-de-trabajo-de-bartender-jefe-de-barra-en-caballito-E3DBE472E08CF2F961373E686DCF3405
2026-09-27 15:31:34,627 INFO     ┌─ SCRAPED JOB ─────────────────────────────────────────
    │ URL          : https://ar.computrabajo.com/ofertas-de-trabajo/oferta-de-trabajo-de-bartender-jefe-de-barra-en-caballito-E3DBE472E08CF2F961373E686DCF3405
    │ Title        : Bartender/ Jefe de barra
    │ Company      : Importante empresa del sector
    │ Location     : Caballito, Capital Federal
    │ Job type     : full-time
    │ Salary       : A convenir ARS
    │ Industry     : (none)
    │ Date posted  : (unknown)
    │ Deadline     : (estimated: )
    │ External ID  : (none)
    │ Description  : Se busca un Bartender/Jefe de barra para trabajar en un ambiente dinámico y vibrante.
Funciones
Gestionar la preparación y servicio de bebidas en el bar.
Coordinar con el equipo de servicio para asegu…
    └───────────────────────────────────────────────────────
2026-09-27 15:31:36,140 DEBUG https://argentina.mimusjobs.com:443 "GET /wp-json/wp/v2/companies?slug=importante-empresa-del-sector HTTP/1.1" 200 None
2026-09-27 15:31:36,140 INFO ⏭ Company exists: Importante empresa del sector
2026-09-27 15:31:37,150 DEBUG https://argentina.mimusjobs.com:443 "GET /wp-json/wp/v2/job-listings?slug=bartender--jefe-de-barra HTTP/1.1" 200 None
2026-09-27 15:31:37,150 INFO ⏭ Job already on WP: Bartender/ Jefe de barra
2026-09-27 15:31:37,150 INFO ✅ SUCCESS — 'Bartender/ Jefe de barra' → WP ID=22342 🔗 https://argentina.mimusjobs.com/job/bartender-jefe-de-barra/
2026-09-27 15:31:38,151 INFO 📊 Running totals — posted: 79 | skipped: 1 | failed: 0
2026-09-27 15:31:38,151 INFO Fetching listing page 5: https://ar.computrabajo.com/empleos-en-capital-federal?p=5
2026-09-27 15:31:38,281 DEBUG https://ar.computrabajo.com:443 "GET /empleos-en-capital-federal?p=5 HTTP/1.1" 200 None
2026-09-27 15:31:38,285 DEBUG     GET https://ar.computrabajo.com/empleos-en-capital-federal?p=5 → HTTP 200 (330,459 chars)
2026-09-27 15:31:38,328 INFO Found 20 job URLs on page 5
2026-09-27 15:31:38,329 DEBUG     job 1: https://ar.computrabajo.com/ofertas-de-trabajo/oferta-de-trabajo-de-gerente-de-local-gastronomico-en-recoleta-F8798AF69561EB9561373E686DCF3405
2026-09-27 15:31:38,329 DEBUG     job 2: https://ar.computrabajo.com/ofertas-de-trabajo/oferta-de-trabajo-de-agente-de-televentas-b2c-telecomunicaciones-en-parque-patricios-C3C4C724269A803661373E686DCF3405
2026-09-27 15:31:38,329 DEBUG     job 3: https://ar.computrabajo.com/ofertas-de-trabajo/oferta-de-trabajo-de-ejecutivo-comercial-en-retiro-C9BE47B98E88AB5361373E686DCF3405
2026-09-27 15:31:38,329 DEBUG     job 4: https://ar.computrabajo.com/ofertas-de-trabajo/oferta-de-trabajo-de-supervisor-tecnico-integrado-diurno-emergencias-en-monserrat-13ECAB4A0C58E2AE61373E686DCF3405
2026-09-27 15:31:38,329 DEBUG     job 5: https://ar.computrabajo.com/ofertas-de-trabajo/oferta-de-trabajo-de-asesora-comercial-convencional-villa-devoto-concesionaria-chery-en-villa-devoto-C9A08090CC1F891961373E686DCF3405
2026-09-27 15:31:38,329 DEBUG     job 6: https://ar.computrabajo.com/ofertas-de-trabajo/oferta-de-trabajo-de-gerente-de-administracion-de-siniestros-en-san-nicolas-B8152263FF29977561373E686DCF3405
2026-09-27 15:31:38,329 DEBUG     job 7: https://ar.computrabajo.com/ofertas-de-trabajo/oferta-de-trabajo-de-buscamos-operador-telefonico-en-san-nicolas-E86980E822D4587161373E686DCF3405
2026-09-27 15:31:38,329 DEBUG     job 8: https://ar.computrabajo.com/ofertas-de-trabajo/oferta-de-trabajo-de-operario-canista-parque-patricios-caba-en-parque-patricios-5E97E78910AE3B4061373E686DCF3405
2026-09-27 15:31:38,329 DEBUG     job 9: https://ar.computrabajo.com/ofertas-de-trabajo/oferta-de-trabajo-de-agente-comercial-inmobiliario-en-villa-crespo-06119DF3732B6BBD61373E686DCF3405
2026-09-27 15:31:38,329 DEBUG     job 10: https://ar.computrabajo.com/ofertas-de-trabajo/oferta-de-trabajo-de-pastelero-con-experiencia-para-servicio-de-alimentacion-en-recoleta-caba-en-recoleta-B8E7026CB2AD7B6361373E686DCF3405
2026-09-27 15:31:38,329 DEBUG     job 11: https://ar.computrabajo.com/ofertas-de-trabajo/oferta-de-trabajo-de-vigilador-cooperativa-de-seguridad-en-san-nicolas-642227A3A1917A1A61373E686DCF3405
2026-09-27 15:31:38,329 DEBUG     job 12: https://ar.computrabajo.com/ofertas-de-trabajo/oferta-de-trabajo-de-operaria-de-maestranza-en-velez-sarsfield-E72799FD8F9584C061373E686DCF3405
2026-09-27 15:31:38,329 DEBUG     job 13: https://ar.computrabajo.com/ofertas-de-trabajo/oferta-de-trabajo-de-analista-de-marketing-senior-en-villa-crespo-0D72EFDE5862BE0761373E686DCF3405
2026-09-27 15:31:38,329 DEBUG     job 14: https://ar.computrabajo.com/ofertas-de-trabajo/oferta-de-trabajo-de-vendedor-en-barracas-59E355E945DC62DB61373E686DCF3405
2026-09-27 15:31:38,329 DEBUG     job 15: https://ar.computrabajo.com/ofertas-de-trabajo/oferta-de-trabajo-de-tecnico-de-sala-de-control-bms-caba-en-san-nicolas-D38A73F7F6AD3AB761373E686DCF3405
2026-09-27 15:31:38,329 DEBUG     job 16: https://ar.computrabajo.com/ofertas-de-trabajo/oferta-de-trabajo-de-oeprario-de-empaque-alimenticio-en-palermo-C8F64C44E69E780661373E686DCF3405
2026-09-27 15:31:38,329 DEBUG     job 17: https://ar.computrabajo.com/ofertas-de-trabajo/oferta-de-trabajo-de-soporte-tecnico-jr-11-a-20-hs-en-monserrat-3E925482399E303861373E686DCF3405
2026-09-27 15:31:38,329 DEBUG     job 18: https://ar.computrabajo.com/ofertas-de-trabajo/oferta-de-trabajo-de-cuidadoras-con-tecnicas-de-movilizacion-en-belgrano-8A1D82F5AC045C1461373E686DCF3405
2026-09-27 15:31:38,329 DEBUG     job 19: https://ar.computrabajo.com/ofertas-de-trabajo/oferta-de-trabajo-de-tecnico-especialista-en-alarmas-y-camaras-de-seguridad-en-floresta-9A09F34BF548D57561373E686DCF3405
2026-09-27 15:31:38,329 DEBUG     job 20: https://ar.computrabajo.com/ofertas-de-trabajo/oferta-de-trabajo-de-ref-21497-business-analystsbanca-nunez-caba-en-nunez-1BED4CDD2191273361373E686DCF3405
2026-09-27 15:31:38,329 INFO ── https://ar.computrabajo.com/empleos-en-capital-federal | page 5 | job 1/20: https://ar.computrabajo.com/ofertas-de-trabajo/oferta-de-trabajo-de-gerente-de-local-gastronomico-en-recoleta-F8798AF69561EB9561373E686DCF3405
2026-09-27 15:31:38,389 DEBUG https://ar.computrabajo.com:443 "GET /ofertas-de-trabajo/oferta-de-trabajo-de-gerente-de-local-gastronomico-en-recoleta-F8798AF69561EB9561373E686DCF3405 HTTP/1.1" 200 None
2026-09-27 15:31:38,392 DEBUG     GET https://ar.computrabajo.com/ofertas-de-trabajo/oferta-de-trabajo-de-gerente-de-local-gastronomico-en-recoleta-F8798AF69561EB9561373E686DCF3405 → HTTP 200 (158,453 chars)
2026-09-27 15:31:38,410 INFO     ┌─ SCRAPED JOB ─────────────────────────────────────────
    │ URL          : https://ar.computrabajo.com/ofertas-de-trabajo/oferta-de-trabajo-de-gerente-de-local-gastronomico-en-recoleta-F8798AF69561EB9561373E686DCF3405
    │ Title        : Gerente de local - Gastronómico
    │ Company      : Tienda de Cafe RRHH
    │ Location     : Recoleta, Capital Federal
    │ Job type     : full-time
    │ Salary       : (not listed)
    │ Industry     : Venta al consumidor
    │ Date posted  : 2026-09-11
    │ Deadline     : 2026-11-10
    │ External ID  : 67726E87A4996AE8
    │ Description  : Importante cadena gastronómica incorpora Gerente de Local para zona de CABA
La posición tendrá a su cargo la administración general del local, la gestión de costos, inventarios, el manejo del personal…
    └───────────────────────────────────────────────────────
2026-09-27 15:31:38,979 DEBUG https://argentina.mimusjobs.com:443 "GET /wp-json/wp/v2/companies?slug=tienda-de-cafe-rrhh HTTP/1.1" 200 None
2026-09-27 15:31:38,979 INFO ⏭ Company exists: Tienda de Cafe RRHH
2026-09-27 15:31:39,652 DEBUG https://argentina.mimusjobs.com:443 "GET /wp-json/wp/v2/job-listings?slug=gerente-de-local---gastron-mico HTTP/1.1" 200 None
2026-09-27 15:31:41,798 DEBUG https://argentina.mimusjobs.com:443 "POST /wp-json/wp/v2/job-listings HTTP/1.1" 201 None
2026-09-27 15:31:41,798 INFO ✅ Job posted: 'Gerente de local - Gastronómico' → WP ID 35081
2026-09-27 15:31:41,798 INFO ✅ SUCCESS — 'Gerente de local - Gastronómico' → WP ID=35081 🔗 https://argentina.mimusjobs.com/job/gerente-de-local-gastronomico-6/
2026-09-27 15:31:42,799 INFO ── https://ar.computrabajo.com/empleos-en-capital-federal | page 5 | job 2/20: https://ar.computrabajo.com/ofertas-de-trabajo/oferta-de-trabajo-de-agente-de-televentas-b2c-telecomunicaciones-en-parque-patricios-C3C4C724269A803661373E686DCF3405
2026-09-27 15:31:42,876 DEBUG https://ar.computrabajo.com:443 "GET /ofertas-de-trabajo/oferta-de-trabajo-de-agente-de-televentas-b2c-telecomunicaciones-en-parque-patricios-C3C4C724269A803661373E686DCF3405 HTTP/1.1" 200 None
2026-09-27 15:31:42,879 DEBUG     GET https://ar.computrabajo.com/ofertas-de-trabajo/oferta-de-trabajo-de-agente-de-televentas-b2c-telecomunicaciones-en-parque-patricios-C3C4C724269A803661373E686DCF3405 → HTTP 200 (167,241 chars)
2026-09-27 15:31:42,899 INFO     ┌─ SCRAPED JOB ─────────────────────────────────────────
    │ URL          : https://ar.computrabajo.com/ofertas-de-trabajo/oferta-de-trabajo-de-agente-de-televentas-b2c-telecomunicaciones-en-parque-patricios-C3C4C724269A803661373E686DCF3405
    │ Title        : Agente de Televentas B2C - Telecomunicaciones
    │ Company      : Área IT
    │ Location     : Parque Patricios, Capital Federal
    │ Job type     : full-time
    │ Salary       : (not listed)
    │ Industry     : Informática / Hardware
    │ Date posted  : 2026-08-14
    │ Deadline     : 2026-10-13
    │ External ID  : A93B321126A84B65
    │ Description  : Somos una empresa de origen nacional que desde hace 10 años brinda soluciones de IT y Field Services a clientes de gobierno, empresas y hogares. Nuestra Misión es contribuir para lograr un mundo más y…
    └───────────────────────────────────────────────────────
2026-09-27 15:31:43,837 DEBUG https://argentina.mimusjobs.com:443 "GET /wp-json/wp/v2/companies?slug=-rea-it HTTP/1.1" 200 None
2026-09-27 15:31:43,850 DEBUG https://ii.ct-stc.com:443 "GET /5/logos/empresas/2020/06/08/c88d321f015844eab424131550015thumbnail.png HTTP/1.1" 200 3971
2026-09-27 15:31:45,327 DEBUG https://argentina.mimusjobs.com:443 "POST /wp-json/wp/v2/media HTTP/1.1" 201 None
2026-09-27 15:31:46,427 DEBUG https://argentina.mimusjobs.com:443 "POST /wp-json/wp/v2/companies HTTP/1.1" 201 None
2026-09-27 15:31:46,427 INFO ✅ Company posted: Área IT → ID 35083
2026-09-27 15:31:47,426 DEBUG https://argentina.mimusjobs.com:443 "GET /wp-json/wp/v2/job-listings?slug=agente-de-televentas-b2c---telecomunicaciones HTTP/1.1" 200 None
2026-09-27 15:31:47,426 INFO ⏭ Job already on WP: Agente de Televentas B2C - Telecomunicaciones
2026-09-27 15:31:47,426 INFO ✅ SUCCESS — 'Agente de Televentas B2C - Telecomunicaciones' → WP ID=26617 🔗 https://argentina.mimusjobs.com/job/agente-de-televentas-b2c-telecomunicaciones/
2026-09-27 15:31:48,427 INFO ── https://ar.computrabajo.com/empleos-en-capital-federal | page 5 | job 3/20: https://ar.computrabajo.com/ofertas-de-trabajo/oferta-de-trabajo-de-ejecutivo-comercial-en-retiro-C9BE47B98E88AB5361373E686DCF3405
2026-09-27 15:31:48,484 DEBUG https://ar.computrabajo.com:443 "GET /ofertas-de-trabajo/oferta-de-trabajo-de-ejecutivo-comercial-en-retiro-C9BE47B98E88AB5361373E686DCF3405 HTTP/1.1" 200 None
2026-09-27 15:31:48,485 DEBUG     GET https://ar.computrabajo.com/ofertas-de-trabajo/oferta-de-trabajo-de-ejecutivo-comercial-en-retiro-C9BE47B98E88AB5361373E686DCF3405 → HTTP 200 (152,983 chars)
2026-09-27 15:31:48,503 WARNING No JobPosting JSON-LD found, using HTML fallback: https://ar.computrabajo.com/ofertas-de-trabajo/oferta-de-trabajo-de-ejecutivo-comercial-en-retiro-C9BE47B98E88AB5361373E686DCF3405
2026-09-27 15:31:48,504 INFO     ┌─ SCRAPED JOB ─────────────────────────────────────────
    │ URL          : https://ar.computrabajo.com/ofertas-de-trabajo/oferta-de-trabajo-de-ejecutivo-comercial-en-retiro-C9BE47B98E88AB5361373E686DCF3405
    │ Title        : Ejecutivo Comercial
    │ Company      : Importante empresa del sector
    │ Location     : Retiro, Capital Federal
    │ Job type     : full-time
    │ Salary       : A convenir ARS
    │ Industry     : (none)
    │ Date posted  : (unknown)
    │ Deadline     : (estimated: )
    │ External ID  : (none)
    │ Description  : Nos encontramos en la búsqueda de un Ejecutivo Comercial para sumarse a nuestro equipo de Certificaciones.
 
Responsabilidades:
-Generar contactos a través de visitas, llamados a prospects/clientes.
-…
    └───────────────────────────────────────────────────────
2026-09-27 15:31:49,560 DEBUG https://argentina.mimusjobs.com:443 "GET /wp-json/wp/v2/companies?slug=importante-empresa-del-sector HTTP/1.1" 200 None
2026-09-27 15:31:49,560 INFO ⏭ Company exists: Importante empresa del sector
2026-09-27 15:31:50,209 DEBUG https://argentina.mimusjobs.com:443 "GET /wp-json/wp/v2/job-listings?slug=ejecutivo-comercial HTTP/1.1" 200 None
2026-09-27 15:31:50,210 INFO ⏭ Job already on WP: Ejecutivo Comercial
2026-09-27 15:31:50,210 INFO ✅ SUCCESS — 'Ejecutivo Comercial' → WP ID=8692 🔗 https://argentina.mimusjobs.com/job/ejecutivo-comercial/
2026-09-27 15:31:51,210 INFO ── https://ar.computrabajo.com/empleos-en-capital-federal | page 5 | job 4/20: https://ar.computrabajo.com/ofertas-de-trabajo/oferta-de-trabajo-de-supervisor-tecnico-integrado-diurno-emergencias-en-monserrat-13ECAB4A0C58E2AE61373E686DCF3405
2026-09-27 15:31:51,271 DEBUG https://ar.computrabajo.com:443 "GET /ofertas-de-trabajo/oferta-de-trabajo-de-supervisor-tecnico-integrado-diurno-emergencias-en-monserrat-13ECAB4A0C58E2AE61373E686DCF3405 HTTP/1.1" 200 None
2026-09-27 15:31:51,273 DEBUG     GET https://ar.computrabajo.com/ofertas-de-trabajo/oferta-de-trabajo-de-supervisor-tecnico-integrado-diurno-emergencias-en-monserrat-13ECAB4A0C58E2AE61373E686DCF3405 → HTTP 200 (160,142 chars)
2026-09-27 15:31:51,291 INFO     ┌─ SCRAPED JOB ─────────────────────────────────────────
    │ URL          : https://ar.computrabajo.com/ofertas-de-trabajo/oferta-de-trabajo-de-supervisor-tecnico-integrado-diurno-emergencias-en-monserrat-13ECAB4A0C58E2AE61373E686DCF3405
    │ Title        : Supervisor Técnico Integrado - Diurno + emergencias
    │ Company      : Diagnostico y Soluciones SA
    │ Location     : Monserrat, Capital Federal
    │ Job type     : full-time
    │ Salary       : (not listed)
    │ Industry     : Servicios Profesionales
    │ Date posted  : 2026-09-03
    │ Deadline     : 2026-11-02
    │ External ID  : 3DCA0F911BAFA228
    │ Description  : En Diagnóstico y Soluciones nos encontramos en la búsqueda de un Supervisor Técnico Integrado (diurno+emergencias) para uno de nuestros clientes.
Responsabilidad: Coordinación de UN ÚNICO servicio fus…
    └───────────────────────────────────────────────────────
2026-09-27 15:31:52,050 DEBUG https://argentina.mimusjobs.com:443 "GET /wp-json/wp/v2/companies?slug=diagnostico-y-soluciones-sa HTTP/1.1" 200 None
2026-09-27 15:31:52,050 INFO ⏭ Company exists: Diagnostico y Soluciones SA
2026-09-27 15:31:52,834 DEBUG https://argentina.mimusjobs.com:443 "GET /wp-json/wp/v2/job-listings?slug=supervisor-t-cnico-integrado---diurno---emergencias HTTP/1.1" 200 None
2026-09-27 15:31:54,641 DEBUG https://argentina.mimusjobs.com:443 "POST /wp-json/wp/v2/job-listings HTTP/1.1" 201 None
2026-09-27 15:31:54,642 INFO ✅ Job posted: 'Supervisor Técnico Integrado - Diurno + emergencias' → WP ID 35084
2026-09-27 15:31:54,642 INFO ✅ SUCCESS — 'Supervisor Técnico Integrado - Diurno + emergencias' → WP ID=35084 🔗 https://argentina.mimusjobs.com/job/supervisor-tecnico-integrado-diurno-emergencias-7/
2026-09-27 15:31:55,642 INFO ── https://ar.computrabajo.com/empleos-en-capital-federal | page 5 | job 5/20: https://ar.computrabajo.com/ofertas-de-trabajo/oferta-de-trabajo-de-asesora-comercial-convencional-villa-devoto-concesionaria-chery-en-villa-devoto-C9A08090CC1F891961373E686DCF3405
2026-09-27 15:31:55,720 DEBUG https://ar.computrabajo.com:443 "GET /ofertas-de-trabajo/oferta-de-trabajo-de-asesora-comercial-convencional-villa-devoto-concesionaria-chery-en-villa-devoto-C9A08090CC1F891961373E686DCF3405 HTTP/1.1" 200 None
2026-09-27 15:31:55,723 DEBUG     GET https://ar.computrabajo.com/ofertas-de-trabajo/oferta-de-trabajo-de-asesora-comercial-convencional-villa-devoto-concesionaria-chery-en-villa-devoto-C9A08090CC1F891961373E686DCF3405 → HTTP 200 (151,627 chars)
2026-09-27 15:31:55,764 WARNING No JobPosting JSON-LD found, using HTML fallback: https://ar.computrabajo.com/ofertas-de-trabajo/oferta-de-trabajo-de-asesora-comercial-convencional-villa-devoto-concesionaria-chery-en-villa-devoto-C9A08090CC1F891961373E686DCF3405
2026-09-27 15:31:55,765 INFO     ┌─ SCRAPED JOB ─────────────────────────────────────────
    │ URL          : https://ar.computrabajo.com/ofertas-de-trabajo/oferta-de-trabajo-de-asesora-comercial-convencional-villa-devoto-concesionaria-chery-en-villa-devoto-C9A08090CC1F891961373E686DCF3405
    │ Title        : Asesor/a Comercial Convencional / Villa Devoto - Concesionaria Chery
    │ Company      : Importante empresa del sector
    │ Location     : Villa Devoto, Capital Federal
    │ Job type     : full-time
    │ Salary       : $ 10.000,00 (Mensual) ARS
    │ Industry     : (none)
    │ Date posted  : (unknown)
    │ Deadline     : (estimated: )
    │ External ID  : (none)
    │ Description  : Somos un concesionario que se encuentra en plena expansión y es por eso que estamos en búsqueda de Vendedores que deseen formar parte de un proyecto ambicioso y exigente.
Invitamos a todo aquel que se…
    └───────────────────────────────────────────────────────
2026-09-27 15:31:56,635 DEBUG https://argentina.mimusjobs.com:443 "GET /wp-json/wp/v2/companies?slug=importante-empresa-del-sector HTTP/1.1" 200 None
2026-09-27 15:31:56,636 INFO ⏭ Company exists: Importante empresa del sector
2026-09-27 15:31:58,372 DEBUG https://argentina.mimusjobs.com:443 "GET /wp-json/wp/v2/job-listings?slug=asesor-a-comercial-convencional---villa-devoto---concesionaria-chery HTTP/1.1" 200 None
2026-09-27 15:31:58,372 INFO ⏭ Job already on WP: Asesor/a Comercial Convencional / Villa Devoto - Concesionaria Chery
2026-09-27 15:31:58,372 INFO ✅ SUCCESS — 'Asesor/a Comercial Convencional / Villa Devoto - Concesionaria Chery' → WP ID=22248 🔗 https://argentina.mimusjobs.com/job/asesor-a-comercial-convencional-villa-devoto-concesionaria-chery/
2026-09-27 15:31:59,372 INFO ── https://ar.computrabajo.com/empleos-en-capital-federal | page 5 | job 6/20: https://ar.computrabajo.com/ofertas-de-trabajo/oferta-de-trabajo-de-gerente-de-administracion-de-siniestros-en-san-nicolas-B8152263FF29977561373E686DCF3405
2026-09-27 15:31:59,428 DEBUG https://ar.computrabajo.com:443 "GET /ofertas-de-trabajo/oferta-de-trabajo-de-gerente-de-administracion-de-siniestros-en-san-nicolas-B8152263FF29977561373E686DCF3405 HTTP/1.1" 200 None
2026-09-27 15:31:59,431 DEBUG     GET https://ar.computrabajo.com/ofertas-de-trabajo/oferta-de-trabajo-de-gerente-de-administracion-de-siniestros-en-san-nicolas-B8152263FF29977561373E686DCF3405 → HTTP 200 (152,069 chars)
2026-09-27 15:31:59,447 WARNING No JobPosting JSON-LD found, using HTML fallback: https://ar.computrabajo.com/ofertas-de-trabajo/oferta-de-trabajo-de-gerente-de-administracion-de-siniestros-en-san-nicolas-B8152263FF29977561373E686DCF3405
2026-09-27 15:31:59,448 INFO     ┌─ SCRAPED JOB ─────────────────────────────────────────
    │ URL          : https://ar.computrabajo.com/ofertas-de-trabajo/oferta-de-trabajo-de-gerente-de-administracion-de-siniestros-en-san-nicolas-B8152263FF29977561373E686DCF3405
    │ Title        : Gerente de Administración de Siniestros
    │ Company      : Importante empresa del sector
    │ Location     : San Nicolás, Capital Federal
    │ Job type     : full-time
    │ Salary       : A convenir ARS
    │ Industry     : (none)
    │ Date posted  : (unknown)
    │ Deadline     : (estimated: )
    │ External ID  : (none)
    │ Description  : Nos encontramos en búsqueda de un Gerente de Administración de Siniestros.
PROPÓSITO DEL PUESTO
Dirigir, coordinar y optimizar los procesos relacionados con la atención, análisis y resolución de sinie…
    └───────────────────────────────────────────────────────
2026-09-27 15:32:00,321 DEBUG https://argentina.mimusjobs.com:443 "GET /wp-json/wp/v2/companies?slug=importante-empresa-del-sector HTTP/1.1" 200 None
2026-09-27 15:32:00,321 INFO ⏭ Company exists: Importante empresa del sector
2026-09-27 15:32:01,291 DEBUG https://argentina.mimusjobs.com:443 "GET /wp-json/wp/v2/job-listings?slug=gerente-de-administraci-n-de-siniestros HTTP/1.1" 200 None
2026-09-27 15:32:02,832 DEBUG https://argentina.mimusjobs.com:443 "POST /wp-json/wp/v2/job-listings HTTP/1.1" 201 None
2026-09-27 15:32:02,832 INFO ✅ Job posted: 'Gerente de Administración de Siniestros' → WP ID 35085
2026-09-27 15:32:02,832 INFO ✅ SUCCESS — 'Gerente de Administración de Siniestros' → WP ID=35085 🔗 https://argentina.mimusjobs.com/job/gerente-de-administracion-de-siniestros-7/
2026-09-27 15:32:03,832 INFO ── https://ar.computrabajo.com/empleos-en-capital-federal | page 5 | job 7/20: https://ar.computrabajo.com/ofertas-de-trabajo/oferta-de-trabajo-de-buscamos-operador-telefonico-en-san-nicolas-E86980E822D4587161373E686DCF3405
2026-09-27 15:32:03,931 DEBUG https://ar.computrabajo.com:443 "GET /ofertas-de-trabajo/oferta-de-trabajo-de-buscamos-operador-telefonico-en-san-nicolas-E86980E822D4587161373E686DCF3405 HTTP/1.1" 200 None
2026-09-27 15:32:03,934 DEBUG     GET https://ar.computrabajo.com/ofertas-de-trabajo/oferta-de-trabajo-de-buscamos-operador-telefonico-en-san-nicolas-E86980E822D4587161373E686DCF3405 → HTTP 200 (168,988 chars)
2026-09-27 15:32:03,956 INFO     ┌─ SCRAPED JOB ─────────────────────────────────────────
    │ URL          : https://ar.computrabajo.com/ofertas-de-trabajo/oferta-de-trabajo-de-buscamos-operador-telefonico-en-san-nicolas-E86980E822D4587161373E686DCF3405
    │ Title        : Búscamos operador telefónico
    │ Company      : Cat-Technologies
    │ Location     : San Nicolás, Capital Federal
    │ Job type     : temporary
    │ Salary       : (not listed)
    │ Industry     : Venta al consumidor
    │ Date posted  : 2026-08-10
    │ Deadline     : 2026-10-09
    │ External ID  : 58F854C3E51E13A4
    │ Description  : ¡Te estamos buscando! Telemarketer para el área de ventas ¿Sos proactivo, con vocación de servicio y te apasionan las ventas? En CAT Technologies, una empresa líder en el mercado con más de 3000 colab…
    └───────────────────────────────────────────────────────
2026-09-27 15:32:04,754 DEBUG https://argentina.mimusjobs.com:443 "GET /wp-json/wp/v2/companies?slug=cat-technologies HTTP/1.1" 200 None
2026-09-27 15:32:04,755 INFO ⏭ Company exists: Cat-Technologies
2026-09-27 15:32:05,833 DEBUG https://argentina.mimusjobs.com:443 "GET /wp-json/wp/v2/job-listings?slug=b-scamos-operador-telef-nico HTTP/1.1" 200 None
2026-09-27 15:32:05,844 DEBUG https://ii.ct-stc.com:443 "GET /5/logos/empresas/2023/01/10/cattechnologies-58F854C3E51E13A4161952585thumbnail.jpg HTTP/1.1" 200 53823
2026-09-27 15:32:08,310 DEBUG https://argentina.mimusjobs.com:443 "POST /wp-json/wp/v2/media HTTP/1.1" 201 None
2026-09-27 15:32:09,443 DEBUG https://argentina.mimusjobs.com:443 "POST /wp-json/wp/v2/job-listings HTTP/1.1" 201 None
2026-09-27 15:32:09,444 INFO ✅ Job posted: 'Búscamos operador telefónico' → WP ID 35087
2026-09-27 15:32:09,444 INFO ✅ SUCCESS — 'Búscamos operador telefónico' → WP ID=35087 🔗 https://argentina.mimusjobs.com/job/buscamos-operador-telefonico-7/
2026-09-27 15:32:10,444 INFO ── https://ar.computrabajo.com/empleos-en-capital-federal | page 5 | job 8/20: https://ar.computrabajo.com/ofertas-de-trabajo/oferta-de-trabajo-de-operario-canista-parque-patricios-caba-en-parque-patricios-5E97E78910AE3B4061373E686DCF3405
2026-09-27 15:32:10,540 DEBUG https://ar.computrabajo.com:443 "GET /ofertas-de-trabajo/oferta-de-trabajo-de-operario-canista-parque-patricios-caba-en-parque-patricios-5E97E78910AE3B4061373E686DCF3405 HTTP/1.1" 200 None
2026-09-27 15:32:10,543 DEBUG     GET https://ar.computrabajo.com/ofertas-de-trabajo/oferta-de-trabajo-de-operario-canista-parque-patricios-caba-en-parque-patricios-5E97E78910AE3B4061373E686DCF3405 → HTTP 200 (167,007 chars)
2026-09-27 15:32:10,565 INFO     ┌─ SCRAPED JOB ─────────────────────────────────────────
    │ URL          : https://ar.computrabajo.com/ofertas-de-trabajo/oferta-de-trabajo-de-operario-canista-parque-patricios-caba-en-parque-patricios-5E97E78910AE3B4061373E686DCF3405
    │ Title        : Operario cañista - Parque Patricios, CABA
    │ Company      : Con Mor SRL
    │ Location     : Parque Patricios, Capital Federal
    │ Job type     : full-time
    │ Salary       : (not listed)
    │ Industry     : Servicios Profesionales
    │ Date posted  : 2026-08-06
    │ Deadline     : 2026-10-05
    │ External ID  : 42E1A19544C1E6E1
    │ Description  : Búsqueda Laboral Cañista
Empresa metalmecánica incorpora Cañista para desempeñarse en su planta de Parque Patricios, CABA. · Requisitos
Experiencia en preparación, corte, alineación y armado de cañerí…
    └───────────────────────────────────────────────────────
2026-09-27 15:32:11,620 DEBUG https://argentina.mimusjobs.com:443 "GET /wp-json/wp/v2/companies?slug=con-mor-srl HTTP/1.1" 200 None
2026-09-27 15:32:11,620 INFO ⏭ Company exists: Con Mor SRL
2026-09-27 15:32:12,323 DEBUG https://argentina.mimusjobs.com:443 "GET /wp-json/wp/v2/job-listings?slug=operario-ca-ista---parque-patricios--caba HTTP/1.1" 200 None
2026-09-27 15:32:12,335 DEBUG https://ii.ct-stc.com:443 "GET /5/logos/empresas/2016/05/25/con-mor-srl-42E1A19544C1E6E1thumbnail.png HTTP/1.1" 200 3073
2026-09-27 15:32:13,692 DEBUG https://argentina.mimusjobs.com:443 "POST /wp-json/wp/v2/media HTTP/1.1" 201 None
2026-09-27 15:32:14,537 DEBUG https://argentina.mimusjobs.com:443 "GET /wp-json/wp/v2/job_listing_region?slug=parque-patricios--capital-federal HTTP/1.1" 200 None
2026-09-27 15:32:15,433 DEBUG https://argentina.mimusjobs.com:443 "POST /wp-json/wp/v2/job-listings HTTP/1.1" 201 None
2026-09-27 15:32:15,433 INFO ✅ Job posted: 'Operario cañista - Parque Patricios, CABA' → WP ID 35089
2026-09-27 15:32:15,433 INFO ✅ SUCCESS — 'Operario cañista - Parque Patricios, CABA' → WP ID=35089 🔗 https://argentina.mimusjobs.com/job/operario-canista-parque-patricios-caba-6/
2026-09-27 15:32:16,433 INFO ── https://ar.computrabajo.com/empleos-en-capital-federal | page 5 | job 9/20: https://ar.computrabajo.com/ofertas-de-trabajo/oferta-de-trabajo-de-agente-comercial-inmobiliario-en-villa-crespo-06119DF3732B6BBD61373E686DCF3405
2026-09-27 15:32:16,523 DEBUG https://ar.computrabajo.com:443 "GET /ofertas-de-trabajo/oferta-de-trabajo-de-agente-comercial-inmobiliario-en-villa-crespo-06119DF3732B6BBD61373E686DCF3405 HTTP/1.1" 200 None
2026-09-27 15:32:16,526 DEBUG     GET https://ar.computrabajo.com/ofertas-de-trabajo/oferta-de-trabajo-de-agente-comercial-inmobiliario-en-villa-crespo-06119DF3732B6BBD61373E686DCF3405 → HTTP 200 (173,459 chars)
2026-09-27 15:32:16,548 INFO     ┌─ SCRAPED JOB ─────────────────────────────────────────
    │ URL          : https://ar.computrabajo.com/ofertas-de-trabajo/oferta-de-trabajo-de-agente-comercial-inmobiliario-en-villa-crespo-06119DF3732B6BBD61373E686DCF3405
    │ Title        : Agente Comercial Inmobiliario
    │ Company      : Remax Parque
    │ Location     : Villa Crespo, Capital Federal
    │ Job type     : full-time
    │ Salary       : (not listed)
    │ Industry     : Servicios Profesionales
    │ Date posted  : 2026-08-13
    │ Deadline     : 2026-10-12
    │ External ID  : FFFBF5F4FEBC6313
    │ Description  : Desarrollar tu carrera en el rubro inmobiliario con el respaldo de la marca líder en el mundo.
Súmate al equipo de Agentes comerciales de RE/MAX Parque.
Somos una de las primeras oficinas oficiales de…
    └───────────────────────────────────────────────────────
2026-09-27 15:32:17,226 DEBUG https://argentina.mimusjobs.com:443 "GET /wp-json/wp/v2/companies?slug=remax-parque HTTP/1.1" 200 None
2026-09-27 15:32:17,227 INFO ⏭ Company exists: Remax Parque
2026-09-27 15:32:17,932 DEBUG https://argentina.mimusjobs.com:443 "GET /wp-json/wp/v2/job-listings?slug=agente-comercial-inmobiliario HTTP/1.1" 200 None
2026-09-27 15:32:17,932 INFO ⏭ Job already on WP: Agente Comercial Inmobiliario
2026-09-27 15:32:17,932 INFO ✅ SUCCESS — 'Agente Comercial Inmobiliario' → WP ID=22260 🔗 https://argentina.mimusjobs.com/job/agente-comercial-inmobiliario/
2026-09-27 15:32:18,932 INFO ── https://ar.computrabajo.com/empleos-en-capital-federal | page 5 | job 10/20: https://ar.computrabajo.com/ofertas-de-trabajo/oferta-de-trabajo-de-pastelero-con-experiencia-para-servicio-de-alimentacion-en-recoleta-caba-en-recoleta-B8E7026CB2AD7B6361373E686DCF3405
2026-09-27 15:32:19,011 DEBUG https://ar.computrabajo.com:443 "GET /ofertas-de-trabajo/oferta-de-trabajo-de-pastelero-con-experiencia-para-servicio-de-alimentacion-en-recoleta-caba-en-recoleta-B8E7026CB2AD7B6361373E686DCF3405 HTTP/1.1" 200 None
2026-09-27 15:32:19,014 DEBUG     GET https://ar.computrabajo.com/ofertas-de-trabajo/oferta-de-trabajo-de-pastelero-con-experiencia-para-servicio-de-alimentacion-en-recoleta-caba-en-recoleta-B8E7026CB2AD7B6361373E686DCF3405 → HTTP 200 (168,156 chars)
2026-09-27 15:32:19,036 INFO     ┌─ SCRAPED JOB ─────────────────────────────────────────
    │ URL          : https://ar.computrabajo.com/ofertas-de-trabajo/oferta-de-trabajo-de-pastelero-con-experiencia-para-servicio-de-alimentacion-en-recoleta-caba-en-recoleta-B8E7026CB2AD7B6361373E686DCF3405
    │ Title        : Pastelero - con experiencia - Para servicio de alimentación en Recoleta, CABA
    │ Company      : Grupo L
    │ Location     : Recoleta, Capital Federal
    │ Job type     : full-time
    │ Salary       : (not listed)
    │ Industry     : Hostelería / Turismo
    │ Date posted  : 2026-08-10
    │ Deadline     : 2026-10-09
    │ External ID  : FF1F005FDB3ABC51
    │ Description  : Compass Group Argentina es parte de Compass Group PLC, la empresa líder mundial en servicios de alimentación y soporte. Desde hace más de 20 años en Argentina brindamos servicios en sectores claves de…
    └───────────────────────────────────────────────────────
2026-09-27 15:32:19,872 DEBUG https://argentina.mimusjobs.com:443 "GET /wp-json/wp/v2/companies?slug=grupo-l HTTP/1.1" 200 None
2026-09-27 15:32:19,872 INFO ⏭ Company exists: Grupo L
2026-09-27 15:32:21,035 DEBUG https://argentina.mimusjobs.com:443 "GET /wp-json/wp/v2/job-listings?slug=pastelero---con-experiencia---para-servicio-de-alimentaci-n-en-recoleta--caba HTTP/1.1" 200 None
2026-09-27 15:32:21,046 DEBUG https://ii.ct-stc.com:443 "GET /5/logos/empresas/2017/12/01/servicios-compass-de-argentina-FF1F005FDB3ABC51111900thumbnail.png HTTP/1.1" 200 4284
2026-09-27 15:32:23,064 DEBUG https://argentina.mimusjobs.com:443 "POST /wp-json/wp/v2/media HTTP/1.1" 201 None
2026-09-27 15:32:24,632 DEBUG https://argentina.mimusjobs.com:443 "POST /wp-json/wp/v2/job-listings HTTP/1.1" 201 None
2026-09-27 15:32:24,633 INFO ✅ Job posted: 'Pastelero - con experiencia - Para servicio de alimentación en Recoleta, CABA' → WP ID 35091
2026-09-27 15:32:24,633 INFO ✅ SUCCESS — 'Pastelero - con experiencia - Para servicio de alimentación en Recoleta, CABA' → WP ID=35091 🔗 https://argentina.mimusjobs.com/job/pastelero-con-experiencia-para-servicio-de-alimentacion-en-recoleta-caba-6/
2026-09-27 15:32:25,633 INFO ── https://ar.computrabajo.com/empleos-en-capital-federal | page 5 | job 11/20: https://ar.computrabajo.com/ofertas-de-trabajo/oferta-de-trabajo-de-vigilador-cooperativa-de-seguridad-en-san-nicolas-642227A3A1917A1A61373E686DCF3405
2026-09-27 15:32:25,717 DEBUG https://ar.computrabajo.com:443 "GET /ofertas-de-trabajo/oferta-de-trabajo-de-vigilador-cooperativa-de-seguridad-en-san-nicolas-642227A3A1917A1A61373E686DCF3405 HTTP/1.1" 200 None
2026-09-27 15:32:25,720 DEBUG     GET https://ar.computrabajo.com/ofertas-de-trabajo/oferta-de-trabajo-de-vigilador-cooperativa-de-seguridad-en-san-nicolas-642227A3A1917A1A61373E686DCF3405 → HTTP 200 (149,711 chars)
2026-09-27 15:32:25,736 WARNING No JobPosting JSON-LD found, using HTML fallback: https://ar.computrabajo.com/ofertas-de-trabajo/oferta-de-trabajo-de-vigilador-cooperativa-de-seguridad-en-san-nicolas-642227A3A1917A1A61373E686DCF3405
2026-09-27 15:32:25,737 INFO     ┌─ SCRAPED JOB ─────────────────────────────────────────
    │ URL          : https://ar.computrabajo.com/ofertas-de-trabajo/oferta-de-trabajo-de-vigilador-cooperativa-de-seguridad-en-san-nicolas-642227A3A1917A1A61373E686DCF3405
    │ Title        : Vigilador / Cooperativa de Seguridad
    │ Company      : Importante empresa del sector
    │ Location     : San Nicolás, Capital Federal
    │ Job type     : full-time
    │ Salary       : A convenir ARS
    │ Industry     : (none)
    │ Date posted  : (unknown)
    │ Deadline     : (estimated: )
    │ External ID  : (none)
    │ Description  : Somos Cooperativa de Seguridad privada :
Te esperamos si cuentas con :
Disponibilidad horaria.
Edad Mayor 23 años.
Analitico original.
Residencia en CABA.
Si quieres ser parte de nuestro equipo, esper…
    └───────────────────────────────────────────────────────
2026-09-27 15:32:26,691 DEBUG https://argentina.mimusjobs.com:443 "GET /wp-json/wp/v2/companies?slug=importante-empresa-del-sector HTTP/1.1" 200 None
2026-09-27 15:32:26,691 INFO ⏭ Company exists: Importante empresa del sector
2026-09-27 15:32:27,400 DEBUG https://argentina.mimusjobs.com:443 "GET /wp-json/wp/v2/job-listings?slug=vigilador---cooperativa-de-seguridad HTTP/1.1" 200 None
2026-09-27 15:32:27,400 INFO ⏭ Job already on WP: Vigilador / Cooperativa de Seguridad
2026-09-27 15:32:27,400 INFO ✅ SUCCESS — 'Vigilador / Cooperativa de Seguridad' → WP ID=22271 🔗 https://argentina.mimusjobs.com/job/vigilador-cooperativa-de-seguridad/
2026-09-27 15:32:28,400 INFO ── https://ar.computrabajo.com/empleos-en-capital-federal | page 5 | job 12/20: https://ar.computrabajo.com/ofertas-de-trabajo/oferta-de-trabajo-de-operaria-de-maestranza-en-velez-sarsfield-E72799FD8F9584C061373E686DCF3405
2026-09-27 15:32:28,477 DEBUG https://ar.computrabajo.com:443 "GET /ofertas-de-trabajo/oferta-de-trabajo-de-operaria-de-maestranza-en-velez-sarsfield-E72799FD8F9584C061373E686DCF3405 HTTP/1.1" 200 None
2026-09-27 15:32:28,479 DEBUG     GET https://ar.computrabajo.com/ofertas-de-trabajo/oferta-de-trabajo-de-operaria-de-maestranza-en-velez-sarsfield-E72799FD8F9584C061373E686DCF3405 → HTTP 200 (166,782 chars)
2026-09-27 15:32:28,502 INFO     ┌─ SCRAPED JOB ─────────────────────────────────────────
    │ URL          : https://ar.computrabajo.com/ofertas-de-trabajo/oferta-de-trabajo-de-operaria-de-maestranza-en-velez-sarsfield-E72799FD8F9584C061373E686DCF3405
    │ Title        : Operaria de Maestranza
    │ Company      : Murata Sa
    │ Location     : Vélez Sársfield, Capital Federal
    │ Job type     : full-time
    │ Salary       : (not listed)
    │ Industry     : Servicios Profesionales
    │ Date posted  : 2026-08-18
    │ Deadline     : 2026-10-17
    │ External ID  : CBCD3FB28BECFABC
    │ Description  : Operaria de Maestranza Sede Central (CABA)
Nos encontramos en la búsqueda de una Operaria de Maestranza para incorporarse a nuestro equipo, con el objetivo de cubrir una vacante dentro del área.
Respo…
    └───────────────────────────────────────────────────────
2026-09-27 15:32:29,428 DEBUG https://argentina.mimusjobs.com:443 "GET /wp-json/wp/v2/companies?slug=murata-sa HTTP/1.1" 200 None
2026-09-27 15:32:29,428 INFO ⏭ Company exists: Murata Sa
2026-09-27 15:32:30,630 DEBUG https://argentina.mimusjobs.com:443 "GET /wp-json/wp/v2/job-listings?slug=operaria-de-maestranza HTTP/1.1" 200 None
2026-09-27 15:32:30,630 INFO ⏭ Job already on WP: Operaria de Maestranza
2026-09-27 15:32:30,631 INFO ✅ SUCCESS — 'Operaria de Maestranza' → WP ID=22273 🔗 https://argentina.mimusjobs.com/job/operaria-de-maestranza/
2026-09-27 15:32:31,631 INFO ── https://ar.computrabajo.com/empleos-en-capital-federal | page 5 | job 13/20: https://ar.computrabajo.com/ofertas-de-trabajo/oferta-de-trabajo-de-analista-de-marketing-senior-en-villa-crespo-0D72EFDE5862BE0761373E686DCF3405
2026-09-27 15:32:31,667 DEBUG https://ar.computrabajo.com:443 "GET /ofertas-de-trabajo/oferta-de-trabajo-de-analista-de-marketing-senior-en-villa-crespo-0D72EFDE5862BE0761373E686DCF3405 HTTP/1.1" 200 None
2026-09-27 15:32:31,668 DEBUG     GET https://ar.computrabajo.com/ofertas-de-trabajo/oferta-de-trabajo-de-analista-de-marketing-senior-en-villa-crespo-0D72EFDE5862BE0761373E686DCF3405 → HTTP 200 (186,400 chars)
2026-09-27 15:32:31,692 INFO     ┌─ SCRAPED JOB ─────────────────────────────────────────
    │ URL          : https://ar.computrabajo.com/ofertas-de-trabajo/oferta-de-trabajo-de-analista-de-marketing-senior-en-villa-crespo-0D72EFDE5862BE0761373E686DCF3405
    │ Title        : Analista de Marketing Senior
    │ Company      : Suizo Argentina S.A.
    │ Location     : Villa Crespo, Capital Federal
    │ Job type     : full-time
    │ Salary       : (not listed)
    │ Industry     : Salud / Medicina
    │ Date posted  : 2026-08-10
    │ Deadline     : 2026-10-09
    │ External ID  : 7A5B4B72CF04CFC5
    │ Description  : En Suizo Argentina facilitamos el acceso a productos y servicios relacionados con la salud y el bienestar, brindando acompañamiento y soluciones que se ajustan a los más altos estándares de calidad y …
    └───────────────────────────────────────────────────────
2026-09-27 15:32:32,635 DEBUG https://argentina.mimusjobs.com:443 "GET /wp-json/wp/v2/companies?slug=suizo-argentina-s-a- HTTP/1.1" 200 None
2026-09-27 15:32:32,635 INFO ⏭ Company exists: Suizo Argentina S.A.
2026-09-27 15:32:33,598 DEBUG https://argentina.mimusjobs.com:443 "GET /wp-json/wp/v2/job-listings?slug=analista-de-marketing-senior HTTP/1.1" 200 None
2026-09-27 15:32:33,599 INFO ⏭ Job already on WP: Analista de Marketing Senior
2026-09-27 15:32:33,599 INFO ✅ SUCCESS — 'Analista de Marketing Senior' → WP ID=22276 🔗 https://argentina.mimusjobs.com/job/analista-de-marketing-senior/
2026-09-27 15:32:34,599 INFO ── https://ar.computrabajo.com/empleos-en-capital-federal | page 5 | job 14/20: https://ar.computrabajo.com/ofertas-de-trabajo/oferta-de-trabajo-de-vendedor-en-barracas-59E355E945DC62DB61373E686DCF3405
2026-09-27 15:32:34,686 DEBUG https://ar.computrabajo.com:443 "GET /ofertas-de-trabajo/oferta-de-trabajo-de-vendedor-en-barracas-59E355E945DC62DB61373E686DCF3405 HTTP/1.1" 200 None
2026-09-27 15:32:34,688 DEBUG     GET https://ar.computrabajo.com/ofertas-de-trabajo/oferta-de-trabajo-de-vendedor-en-barracas-59E355E945DC62DB61373E686DCF3405 → HTTP 200 (177,835 chars)
2026-09-27 15:32:34,712 INFO     ┌─ SCRAPED JOB ─────────────────────────────────────────
    │ URL          : https://ar.computrabajo.com/ofertas-de-trabajo/oferta-de-trabajo-de-vendedor-en-barracas-59E355E945DC62DB61373E686DCF3405
    │ Title        : Vendedor
    │ Company      : Flecha Bus
    │ Location     : Barracas, Capital Federal
    │ Job type     : full-time
    │ Salary       : (not listed)
    │ Industry     : Transporte
    │ Date posted  : 2026-08-10
    │ Deadline     : 2026-10-09
    │ External ID  : FD3E7A2D76D722B3
    │ Description  : En Grupo Flecha nos encontramos en la búsqueda de Vendedores/as para sumarse a nuestro equipo, siendo responsables de brindar una atención de calidad a los clientes y promover la venta de servicios ta…
    └───────────────────────────────────────────────────────
2026-09-27 15:32:35,331 DEBUG https://argentina.mimusjobs.com:443 "GET /wp-json/wp/v2/companies?slug=flecha-bus HTTP/1.1" 200 None
2026-09-27 15:32:35,331 INFO ⏭ Company exists: Flecha Bus
2026-09-27 15:32:36,341 DEBUG https://argentina.mimusjobs.com:443 "GET /wp-json/wp/v2/job-listings?slug=vendedor HTTP/1.1" 200 None
2026-09-27 15:32:36,341 INFO ⏭ Job already on WP: Vendedor
2026-09-27 15:32:36,341 INFO ✅ SUCCESS — 'Vendedor' → WP ID=2434 🔗 https://argentina.mimusjobs.com/job/vendedor/
2026-09-27 15:32:37,341 INFO ── https://ar.computrabajo.com/empleos-en-capital-federal | page 5 | job 15/20: https://ar.computrabajo.com/ofertas-de-trabajo/oferta-de-trabajo-de-tecnico-de-sala-de-control-bms-caba-en-san-nicolas-D38A73F7F6AD3AB761373E686DCF3405
2026-09-27 15:32:37,419 DEBUG https://ar.computrabajo.com:443 "GET /ofertas-de-trabajo/oferta-de-trabajo-de-tecnico-de-sala-de-control-bms-caba-en-san-nicolas-D38A73F7F6AD3AB761373E686DCF3405 HTTP/1.1" 200 None
2026-09-27 15:32:37,422 DEBUG     GET https://ar.computrabajo.com/ofertas-de-trabajo/oferta-de-trabajo-de-tecnico-de-sala-de-control-bms-caba-en-san-nicolas-D38A73F7F6AD3AB761373E686DCF3405 → HTTP 200 (184,404 chars)
2026-09-27 15:32:37,446 INFO     ┌─ SCRAPED JOB ─────────────────────────────────────────
    │ URL          : https://ar.computrabajo.com/ofertas-de-trabajo/oferta-de-trabajo-de-tecnico-de-sala-de-control-bms-caba-en-san-nicolas-D38A73F7F6AD3AB761373E686DCF3405
    │ Title        : Tecnico de sala de control BMS - Caba
    │ Company      : Limpiolux S.A.
    │ Location     : San Nicolás, Capital Federal
    │ Job type     : full-time
    │ Salary       : 1122000 ARS
    │ Industry     : Servicios Profesionales
    │ Date posted  : 2026-08-18
    │ Deadline     : 2026-10-17
    │ External ID  : F4C3361C8A717866
    │ Description  : Nos encontramos en la búsqueda de un Técnico Operador BMS para desempeñarse en la operación y control de la sala de máquinas e instalaciones de un importante edificio corporativo ubicado en San Nicolá…
    └───────────────────────────────────────────────────────
2026-09-27 15:32:38,704 DEBUG https://argentina.mimusjobs.com:443 "GET /wp-json/wp/v2/companies?slug=limpiolux-s-a- HTTP/1.1" 200 None
2026-09-27 15:32:38,705 INFO ⏭ Company exists: Limpiolux S.A.
2026-09-27 15:32:39,491 DEBUG https://argentina.mimusjobs.com:443 "GET /wp-json/wp/v2/job-listings?slug=tecnico-de-sala-de-control-bms---caba HTTP/1.1" 200 None
2026-09-27 15:32:39,492 INFO ⏭ Job already on WP: Tecnico de sala de control BMS - Caba
2026-09-27 15:32:39,492 INFO ✅ SUCCESS — 'Tecnico de sala de control BMS - Caba' → WP ID=22270 🔗 https://argentina.mimusjobs.com/job/tecnico-de-sala-de-control-bms-caba/
2026-09-27 15:32:40,492 INFO ── https://ar.computrabajo.com/empleos-en-capital-federal | page 5 | job 16/20: https://ar.computrabajo.com/ofertas-de-trabajo/oferta-de-trabajo-de-oeprario-de-empaque-alimenticio-en-palermo-C8F64C44E69E780661373E686DCF3405
2026-09-27 15:32:40,567 DEBUG https://ar.computrabajo.com:443 "GET /ofertas-de-trabajo/oferta-de-trabajo-de-oeprario-de-empaque-alimenticio-en-palermo-C8F64C44E69E780661373E686DCF3405 HTTP/1.1" 200 None
2026-09-27 15:32:40,570 DEBUG     GET https://ar.computrabajo.com/ofertas-de-trabajo/oferta-de-trabajo-de-oeprario-de-empaque-alimenticio-en-palermo-C8F64C44E69E780661373E686DCF3405 → HTTP 200 (163,993 chars)
2026-09-27 15:32:40,591 INFO     ┌─ SCRAPED JOB ─────────────────────────────────────────
    │ URL          : https://ar.computrabajo.com/ofertas-de-trabajo/oferta-de-trabajo-de-oeprario-de-empaque-alimenticio-en-palermo-C8F64C44E69E780661373E686DCF3405
    │ Title        : Oeprario de Empaque - Alimenticio
    │ Company      : ETT Faster Argentina SA
    │ Location     : Palermo, Capital Federal
    │ Job type     : full-time
    │ Salary       : (not listed)
    │ Industry     : RRHH / Personal
    │ Date posted  : 2026-08-18
    │ Deadline     : 2026-10-17
    │ External ID  : A5C885307F8746A7
    │ Description  : Importante empresa Alimenticia ubicada en Capital Federal, se encuentra en la búsqueda de un operario con experiencia en empaque en Industrias de dicho rubro.-Requerimientos- Educación mínima: Secunda…
    └───────────────────────────────────────────────────────
2026-09-27 15:32:41,615 DEBUG https://argentina.mimusjobs.com:443 "GET /wp-json/wp/v2/companies?slug=ett-faster-argentina-sa HTTP/1.1" 200 None
2026-09-27 15:32:41,615 INFO ⏭ Company exists: ETT Faster Argentina SA
2026-09-27 15:32:42,372 DEBUG https://argentina.mimusjobs.com:443 "GET /wp-json/wp/v2/job-listings?slug=oeprario-de-empaque---alimenticio HTTP/1.1" 200 None
2026-09-27 15:32:42,372 INFO ⏭ Job already on WP: Oeprario de Empaque - Alimenticio
2026-09-27 15:32:42,372 INFO ✅ SUCCESS — 'Oeprario de Empaque - Alimenticio' → WP ID=22285 🔗 https://argentina.mimusjobs.com/job/oeprario-de-empaque-alimenticio/
2026-09-27 15:32:43,372 INFO ── https://ar.computrabajo.com/empleos-en-capital-federal | page 5 | job 17/20: https://ar.computrabajo.com/ofertas-de-trabajo/oferta-de-trabajo-de-soporte-tecnico-jr-11-a-20-hs-en-monserrat-3E925482399E303861373E686DCF3405
2026-09-27 15:32:43,441 DEBUG https://ar.computrabajo.com:443 "GET /ofertas-de-trabajo/oferta-de-trabajo-de-soporte-tecnico-jr-11-a-20-hs-en-monserrat-3E925482399E303861373E686DCF3405 HTTP/1.1" 200 None
2026-09-27 15:32:43,443 DEBUG     GET https://ar.computrabajo.com/ofertas-de-trabajo/oferta-de-trabajo-de-soporte-tecnico-jr-11-a-20-hs-en-monserrat-3E925482399E303861373E686DCF3405 → HTTP 200 (169,741 chars)
2026-09-27 15:32:43,465 INFO     ┌─ SCRAPED JOB ─────────────────────────────────────────
    │ URL          : https://ar.computrabajo.com/ofertas-de-trabajo/oferta-de-trabajo-de-soporte-tecnico-jr-11-a-20-hs-en-monserrat-3E925482399E303861373E686DCF3405
    │ Title        : Soporte Técnico Jr 11 a 20 hs
    │ Company      : Ecosistemas
    │ Location     : Monserrat, Capital Federal
    │ Job type     : full-time
    │ Salary       : (not listed)
    │ Industry     : Informática / Software
    │ Date posted  : 2026-08-26
    │ Deadline     : 2026-10-25
    │ External ID  : 0E89F12838CBBF30
    │ Description  : Somos Ecosistemas Global, una compañía de tecnología que conecta a nuestros clientes con soluciones a medida, integrales e innovadoras. Operamos en más de 15 países, incluyendo Argentina, Chile, Brasi…
    └───────────────────────────────────────────────────────
2026-09-27 15:32:44,834 DEBUG https://argentina.mimusjobs.com:443 "GET /wp-json/wp/v2/companies?slug=ecosistemas HTTP/1.1" 200 None
2026-09-27 15:32:44,834 INFO ⏭ Company exists: Ecosistemas
2026-09-27 15:32:45,893 DEBUG https://argentina.mimusjobs.com:443 "GET /wp-json/wp/v2/job-listings?slug=soporte-t-cnico-jr-11-a-20-hs HTTP/1.1" 200 None
2026-09-27 15:32:45,904 DEBUG https://ii.ct-stc.com:443 "GET /5/logos/empresas/2025/08/21//ecosistemas144638thumbnail.jpeg HTTP/1.1" 200 22807
2026-09-27 15:32:48,173 DEBUG https://argentina.mimusjobs.com:443 "POST /wp-json/wp/v2/media HTTP/1.1" 201 None
2026-09-27 15:32:49,315 DEBUG https://argentina.mimusjobs.com:443 "POST /wp-json/wp/v2/job-listings HTTP/1.1" 201 None
2026-09-27 15:32:49,315 INFO ✅ Job posted: 'Soporte Técnico Jr 11 a 20 hs' → WP ID 35093
2026-09-27 15:32:49,315 INFO ✅ SUCCESS — 'Soporte Técnico Jr 11 a 20 hs' → WP ID=35093 🔗 https://argentina.mimusjobs.com/job/soporte-tecnico-jr-11-a-20-hs-7/
2026-09-27 15:32:50,315 INFO ── https://ar.computrabajo.com/empleos-en-capital-federal | page 5 | job 18/20: https://ar.computrabajo.com/ofertas-de-trabajo/oferta-de-trabajo-de-cuidadoras-con-tecnicas-de-movilizacion-en-belgrano-8A1D82F5AC045C1461373E686DCF3405
2026-09-27 15:32:50,406 DEBUG https://ar.computrabajo.com:443 "GET /ofertas-de-trabajo/oferta-de-trabajo-de-cuidadoras-con-tecnicas-de-movilizacion-en-belgrano-8A1D82F5AC045C1461373E686DCF3405 HTTP/1.1" 200 None
2026-09-27 15:32:50,409 DEBUG     GET https://ar.computrabajo.com/ofertas-de-trabajo/oferta-de-trabajo-de-cuidadoras-con-tecnicas-de-movilizacion-en-belgrano-8A1D82F5AC045C1461373E686DCF3405 → HTTP 200 (150,483 chars)
2026-09-27 15:32:50,426 WARNING No JobPosting JSON-LD found, using HTML fallback: https://ar.computrabajo.com/ofertas-de-trabajo/oferta-de-trabajo-de-cuidadoras-con-tecnicas-de-movilizacion-en-belgrano-8A1D82F5AC045C1461373E686DCF3405
2026-09-27 15:32:50,428 INFO     ┌─ SCRAPED JOB ─────────────────────────────────────────
    │ URL          : https://ar.computrabajo.com/ofertas-de-trabajo/oferta-de-trabajo-de-cuidadoras-con-tecnicas-de-movilizacion-en-belgrano-8A1D82F5AC045C1461373E686DCF3405
    │ Title        : Cuidadoras con Técnicas de Movilización
    │ Company      : Importante empresa del sector
    │ Location     : Belgrano, Capital Federal
    │ Job type     : full-time
    │ Salary       : A convenir ARS
    │ Industry     : (none)
    │ Date posted  : (unknown)
    │ Deadline     : (estimated: )
    │ External ID  : (none)
    │ Description  : Importante empresa líder del Sector Salud, busca cuidadoras con técnicas de movilización para el cuidado de pacientes con diferentes patologías en domicilio. 

Turnos: 
12 hs. Lunes a Viernes (De 8 a …
    └───────────────────────────────────────────────────────
2026-09-27 15:32:51,583 DEBUG https://argentina.mimusjobs.com:443 "GET /wp-json/wp/v2/companies?slug=importante-empresa-del-sector HTTP/1.1" 200 None
2026-09-27 15:32:51,583 INFO ⏭ Company exists: Importante empresa del sector
2026-09-27 15:32:52,746 DEBUG https://argentina.mimusjobs.com:443 "GET /wp-json/wp/v2/job-listings?slug=cuidadoras-con-t-cnicas-de-movilizaci-n HTTP/1.1" 200 None
2026-09-27 15:32:55,135 DEBUG https://argentina.mimusjobs.com:443 "POST /wp-json/wp/v2/job-listings HTTP/1.1" 201 None
2026-09-27 15:32:55,135 INFO ✅ Job posted: 'Cuidadoras con Técnicas de Movilización' → WP ID 35094
2026-09-27 15:32:55,135 INFO ✅ SUCCESS — 'Cuidadoras con Técnicas de Movilización' → WP ID=35094 🔗 https://argentina.mimusjobs.com/job/cuidadoras-con-tecnicas-de-movilizacion-6/
2026-09-27 15:32:56,135 INFO ── https://ar.computrabajo.com/empleos-en-capital-federal | page 5 | job 19/20: https://ar.computrabajo.com/ofertas-de-trabajo/oferta-de-trabajo-de-tecnico-especialista-en-alarmas-y-camaras-de-seguridad-en-floresta-9A09F34BF548D57561373E686DCF3405
2026-09-27 15:32:56,194 DEBUG https://ar.computrabajo.com:443 "GET /ofertas-de-trabajo/oferta-de-trabajo-de-tecnico-especialista-en-alarmas-y-camaras-de-seguridad-en-floresta-9A09F34BF548D57561373E686DCF3405 HTTP/1.1" 200 None
2026-09-27 15:32:56,197 DEBUG     GET https://ar.computrabajo.com/ofertas-de-trabajo/oferta-de-trabajo-de-tecnico-especialista-en-alarmas-y-camaras-de-seguridad-en-floresta-9A09F34BF548D57561373E686DCF3405 → HTTP 200 (159,515 chars)
2026-09-27 15:32:56,242 INFO     ┌─ SCRAPED JOB ─────────────────────────────────────────
    │ URL          : https://ar.computrabajo.com/ofertas-de-trabajo/oferta-de-trabajo-de-tecnico-especialista-en-alarmas-y-camaras-de-seguridad-en-floresta-9A09F34BF548D57561373E686DCF3405
    │ Title        : Técnico Especialista en Alarmas y Cámaras de Seguridad
    │ Company      : Ayax
    │ Location     : Floresta, Capital Federal
    │ Job type     : full-time
    │ Salary       : (not listed)
    │ Industry     : Venta al consumidor
    │ Date posted  : 2026-09-03
    │ Deadline     : 2026-11-02
    │ External ID  : 493F28317442BC40
    │ Description  : ¡Queremos que formes parte de nuestro equipo!
Actualmente nos encontramos en la búsqueda de un Técnico Especialista en Alarmas y Cámaras de Seguridad para sumarse a un equipo dinámico, profesional y e…
    └───────────────────────────────────────────────────────
2026-09-27 15:32:56,936 DEBUG https://argentina.mimusjobs.com:443 "GET /wp-json/wp/v2/companies?slug=ayax HTTP/1.1" 200 None
2026-09-27 15:32:56,936 INFO ⏭ Company exists: Ayax
2026-09-27 15:32:57,766 DEBUG https://argentina.mimusjobs.com:443 "GET /wp-json/wp/v2/job-listings?slug=t-cnico-especialista-en-alarmas-y-c-maras-de-seguridad HTTP/1.1" 200 None
2026-09-27 15:32:58,927 DEBUG https://argentina.mimusjobs.com:443 "GET /wp-json/wp/v2/job_listing_region?slug=floresta--capital-federal HTTP/1.1" 200 None
2026-09-27 15:33:00,193 DEBUG https://argentina.mimusjobs.com:443 "POST /wp-json/wp/v2/job-listings HTTP/1.1" 201 None
2026-09-27 15:33:00,193 INFO ✅ Job posted: 'Técnico Especialista en Alarmas y Cámaras de Seguridad' → WP ID 35095
2026-09-27 15:33:00,194 INFO ✅ SUCCESS — 'Técnico Especialista en Alarmas y Cámaras de Seguridad' → WP ID=35095 🔗 https://argentina.mimusjobs.com/job/tecnico-especialista-en-alarmas-y-camaras-de-seguridad-6/
2026-09-27 15:33:01,194 INFO ── https://ar.computrabajo.com/empleos-en-capital-federal | page 5 | job 20/20: https://ar.computrabajo.com/ofertas-de-trabajo/oferta-de-trabajo-de-ref-21497-business-analystsbanca-nunez-caba-en-nunez-1BED4CDD2191273361373E686DCF3405
2026-09-27 15:33:01,255 DEBUG https://ar.computrabajo.com:443 "GET /ofertas-de-trabajo/oferta-de-trabajo-de-ref-21497-business-analystsbanca-nunez-caba-en-nunez-1BED4CDD2191273361373E686DCF3405 HTTP/1.1" 200 None
2026-09-27 15:33:01,258 DEBUG     GET https://ar.computrabajo.com/ofertas-de-trabajo/oferta-de-trabajo-de-ref-21497-business-analystsbanca-nunez-caba-en-nunez-1BED4CDD2191273361373E686DCF3405 → HTTP 200 (176,083 chars)
2026-09-27 15:33:01,281 INFO     ┌─ SCRAPED JOB ─────────────────────────────────────────
    │ URL          : https://ar.computrabajo.com/ofertas-de-trabajo/oferta-de-trabajo-de-ref-21497-business-analystsbanca-nunez-caba-en-nunez-1BED4CDD2191273361373E686DCF3405
    │ Title        : Ref. 21497: Business Analysts/Banca - Nuñez CABA
    │ Company      : ADN - Recursos Humanos
    │ Location     : Núñez, Capital Federal
    │ Job type     : full-time
    │ Salary       : 11111 ARS
    │ Industry     : RRHH / Personal
    │ Date posted  : 2026-09-11
    │ Deadline     : 2026-11-10
    │ External ID  : 83C9514433EC04CD
    │ Description  : En ADN – Recursos Humanos estamos en la búsqueda de Sr Solution Analyst / Híbrido Núñez CABA / 100% Presencial para Importante Empresa. Requerimientos: -Entre diez y trece años de experiencia profesio…
    └───────────────────────────────────────────────────────
2026-09-27 15:33:01,975 DEBUG https://argentina.mimusjobs.com:443 "GET /wp-json/wp/v2/companies?slug=adn---recursos-humanos HTTP/1.1" 200 None
2026-09-27 15:33:01,976 INFO ⏭ Company exists: ADN - Recursos Humanos
2026-09-27 15:33:02,820 DEBUG https://argentina.mimusjobs.com:443 "GET /wp-json/wp/v2/job-listings?slug=ref--21497--business-analysts-banca---nu-ez-caba HTTP/1.1" 200 None
2026-09-27 15:33:02,830 DEBUG https://ii.ct-stc.com:443 "GET /5/logos/empresas/2018/03/19//adn202047thumbnail.jpeg HTTP/1.1" 200 5285
2026-09-27 15:33:03,841 DEBUG https://argentina.mimusjobs.com:443 "POST /wp-json/wp/v2/media HTTP/1.1" 201 None
2026-09-27 15:33:04,452 DEBUG https://argentina.mimusjobs.com:443 "GET /wp-json/wp/v2/job_listing_region?slug=n--ez--capital-federal HTTP/1.1" 200 None
2026-09-27 15:33:05,807 DEBUG https://argentina.mimusjobs.com:443 "POST /wp-json/wp/v2/job-listings HTTP/1.1" 201 None
2026-09-27 15:33:05,808 INFO ✅ Job posted: 'Ref. 21497: Business Analysts/Banca - Nuñez CABA' → WP ID 35097
2026-09-27 15:33:05,808 INFO ✅ SUCCESS — 'Ref. 21497: Business Analysts/Banca - Nuñez CABA' → WP ID=35097 🔗 https://argentina.mimusjobs.com/job/ref-21497-business-analysts-banca-nunez-caba-6/
2026-09-27 15:33:06,808 INFO 📊 Running totals — posted: 99 | skipped: 1 | failed: 0
2026-09-27 15:33:06,808 INFO Fetching listing page 6: https://ar.computrabajo.com/empleos-en-capital-federal?p=6
2026-09-27 15:33:06,895 DEBUG https://ar.computrabajo.com:443 "GET /empleos-en-capital-federal?p=6 HTTP/1.1" 200 None
2026-09-27 15:33:06,900 DEBUG     GET https://ar.computrabajo.com/empleos-en-capital-federal?p=6 → HTTP 200 (329,888 chars)
2026-09-27 15:33:06,943 INFO Found 20 job URLs on page 6
2026-09-27 15:33:06,943 DEBUG     job 1: https://ar.computrabajo.com/ofertas-de-trabajo/oferta-de-trabajo-de-auxiliar-de-montaje-para-hotel-5-estrellas-caba-en-retiro-45F5A12B3995C28161373E686DCF3405
2026-09-27 15:33:06,943 DEBUG     job 2: https://ar.computrabajo.com/ofertas-de-trabajo/oferta-de-trabajo-de-analista-de-capacitacion-y-comunicacion-interna-transitorio-en-barracas-D4059C0A36ED0E3761373E686DCF3405
2026-09-27 15:33:06,943 DEBUG     job 3: https://ar.computrabajo.com/ofertas-de-trabajo/oferta-de-trabajo-de-lideres-de-sucursal-gerente-encargados-y-referentes-de-turno-en-villa-devoto-F2C3450CC650E56961373E686DCF3405
2026-09-27 15:33:06,943 DEBUG     job 4: https://ar.computrabajo.com/ofertas-de-trabajo/oferta-de-trabajo-de-chofer-enfermero-de-ambulancia-eventual-en-recoleta-C3F7C7E7647A309D61373E686DCF3405
2026-09-27 15:33:06,943 DEBUG     job 5: https://ar.computrabajo.com/ofertas-de-trabajo/oferta-de-trabajo-de-agente-inmobiliario-con-altas-comisiones-en-san-nicolas-098A5560909C33B661373E686DCF3405
2026-09-27 15:33:06,943 DEBUG     job 6: https://ar.computrabajo.com/ofertas-de-trabajo/oferta-de-trabajo-de-gerente-de-tienda-en-palermo-C5B9DEFF1586B36061373E686DCF3405
2026-09-27 15:33:06,943 DEBUG     job 7: https://ar.computrabajo.com/ofertas-de-trabajo/oferta-de-trabajo-de-maestro-factureroa-panaderoa-maestro-factureropanadero-para-planta-en-jose-l-suarez-3-a-5-anos-de-experiencia-en-palermo-C8494D51C09227E261373E686DCF3405
2026-09-27 15:33:06,943 DEBUG     job 8: https://ar.computrabajo.com/ofertas-de-trabajo/oferta-de-trabajo-de-encargadoa-gastronomicoa-en-palermo-5528E200116AFEAD61373E686DCF3405
2026-09-27 15:33:06,943 DEBUG     job 9: https://ar.computrabajo.com/ofertas-de-trabajo/oferta-de-trabajo-de-medicina-domiciliaria-en-nunez-2048E52E02B35E1961373E686DCF3405
2026-09-27 15:33:06,943 DEBUG     job 10: https://ar.computrabajo.com/ofertas-de-trabajo/oferta-de-trabajo-de-responsable-de-personal-con-conocimientos-contables-en-recoleta-F1C77F667B5F66CE61373E686DCF3405
2026-09-27 15:33:06,943 DEBUG     job 11: https://ar.computrabajo.com/ofertas-de-trabajo/oferta-de-trabajo-de-asesor-comercial-full-time-en-nunez-031C9EC8DC1C7E7C61373E686DCF3405
2026-09-27 15:33:06,943 DEBUG     job 12: https://ar.computrabajo.com/ofertas-de-trabajo/oferta-de-trabajo-de-barista-turno-tarde-en-belgrano-AC33800AA8F1834061373E686DCF3405
2026-09-27 15:33:06,943 DEBUG     job 13: https://ar.computrabajo.com/ofertas-de-trabajo/oferta-de-trabajo-de-analista-de-seguridad-operativa-redes-presencial-en-san-nicolas-D4FC45A899701EDD61373E686DCF3405
2026-09-27 15:33:06,943 DEBUG     job 14: https://ar.computrabajo.com/ofertas-de-trabajo/oferta-de-trabajo-de-barista-en-caballito-01A7025873479A1E61373E686DCF3405
2026-09-27 15:33:06,943 DEBUG     job 15: https://ar.computrabajo.com/ofertas-de-trabajo/oferta-de-trabajo-de-ayudante-de-cocina-en-palermo-92BCE55AE4A3105B61373E686DCF3405
2026-09-27 15:33:06,944 DEBUG     job 16: https://ar.computrabajo.com/ofertas-de-trabajo/oferta-de-trabajo-de-pasteleroa-produccion-y-eventos-en-puerto-madero-C8EE42FADD24FBD561373E686DCF3405
2026-09-27 15:33:06,944 DEBUG     job 17: https://ar.computrabajo.com/ofertas-de-trabajo/oferta-de-trabajo-de-personal-de-limpieza-con-experiencia-en-san-cristobal-3F58252B651A872F61373E686DCF3405
2026-09-27 15:33:06,944 DEBUG     job 18: https://ar.computrabajo.com/ofertas-de-trabajo/oferta-de-trabajo-de-enfermera-auxiliar-de-enfenfermera-para-geriatrico-en-floresta-B96350324702B4DF61373E686DCF3405
2026-09-27 15:33:06,944 DEBUG     job 19: https://ar.computrabajo.com/ofertas-de-trabajo/oferta-de-trabajo-de-pizzero-experiencia-comprobable-en-caballito-D762C1F5E52771C861373E686DCF3405
2026-09-27 15:33:06,944 DEBUG     job 20: https://ar.computrabajo.com/ofertas-de-trabajo/oferta-de-trabajo-de-chofer-en-barracas-BBACBF79D250806061373E686DCF3405
2026-09-27 15:33:06,944 INFO ── https://ar.computrabajo.com/empleos-en-capital-federal | page 6 | job 1/20: https://ar.computrabajo.com/ofertas-de-trabajo/oferta-de-trabajo-de-auxiliar-de-montaje-para-hotel-5-estrellas-caba-en-retiro-45F5A12B3995C28161373E686DCF3405
2026-09-27 15:33:07,063 DEBUG https://ar.computrabajo.com:443 "GET /ofertas-de-trabajo/oferta-de-trabajo-de-auxiliar-de-montaje-para-hotel-5-estrellas-caba-en-retiro-45F5A12B3995C28161373E686DCF3405 HTTP/1.1" 200 None
2026-09-27 15:33:07,066 DEBUG     GET https://ar.computrabajo.com/ofertas-de-trabajo/oferta-de-trabajo-de-auxiliar-de-montaje-para-hotel-5-estrellas-caba-en-retiro-45F5A12B3995C28161373E686DCF3405 → HTTP 200 (173,677 chars)
2026-09-27 15:33:07,090 INFO     ┌─ SCRAPED JOB ─────────────────────────────────────────
    │ URL          : https://ar.computrabajo.com/ofertas-de-trabajo/oferta-de-trabajo-de-auxiliar-de-montaje-para-hotel-5-estrellas-caba-en-retiro-45F5A12B3995C28161373E686DCF3405
    │ Title        : Auxiliar de Montaje para Hotel 5 Estrellas, CABA
    │ Company      : Adecco Argentina S.A.
    │ Location     : Retiro, Capital Federal
    │ Job type     : full-time
    │ Salary       : (not listed)
    │ Industry     : RRHH / Personal
    │ Date posted  : 2026-09-19
    │ Deadline     : 2026-11-18
    │ External ID  : 206BA0109DAA5C4A
    │ Description  : Adecco Hoteles y Catering es la división especializada en el reclutamiento, selección, evaluación, formación y puesta a disposición de profesionales para empresas del sector hotelería.
Si te gustan lo…
    └───────────────────────────────────────────────────────
2026-09-27 15:33:07,861 DEBUG https://argentina.mimusjobs.com:443 "GET /wp-json/wp/v2/companies?slug=adecco-argentina-s-a- HTTP/1.1" 200 None
2026-09-27 15:33:07,862 INFO ⏭ Company exists: Adecco Argentina S.A.
2026-09-27 15:33:08,636 DEBUG https://argentina.mimusjobs.com:443 "GET /wp-json/wp/v2/job-listings?slug=auxiliar-de-montaje-para-hotel-5-estrellas--caba HTTP/1.1" 200 None
2026-09-27 15:33:08,637 INFO ⏭ Job already on WP: Auxiliar de Montaje para Hotel 5 Estrellas, CABA
2026-09-27 15:33:08,637 INFO ✅ SUCCESS — 'Auxiliar de Montaje para Hotel 5 Estrellas, CABA' → WP ID=21350 🔗 https://argentina.mimusjobs.com/job/auxiliar-de-montaje-para-hotel-5-estrellas-caba/
2026-09-27 15:33:09,637 INFO ── https://ar.computrabajo.com/empleos-en-capital-federal | page 6 | job 2/20: https://ar.computrabajo.com/ofertas-de-trabajo/oferta-de-trabajo-de-analista-de-capacitacion-y-comunicacion-interna-transitorio-en-barracas-D4059C0A36ED0E3761373E686DCF3405
2026-09-27 15:33:09,696 DEBUG https://ar.computrabajo.com:443 "GET /ofertas-de-trabajo/oferta-de-trabajo-de-analista-de-capacitacion-y-comunicacion-interna-transitorio-en-barracas-D4059C0A36ED0E3761373E686DCF3405 HTTP/1.1" 200 None
2026-09-27 15:33:09,699 DEBUG     GET https://ar.computrabajo.com/ofertas-de-trabajo/oferta-de-trabajo-de-analista-de-capacitacion-y-comunicacion-interna-transitorio-en-barracas-D4059C0A36ED0E3761373E686DCF3405 → HTTP 200 (170,468 chars)
2026-09-27 15:33:09,721 INFO     ┌─ SCRAPED JOB ─────────────────────────────────────────
    │ URL          : https://ar.computrabajo.com/ofertas-de-trabajo/oferta-de-trabajo-de-analista-de-capacitacion-y-comunicacion-interna-transitorio-en-barracas-D4059C0A36ED0E3761373E686DCF3405
    │ Title        : Analista de Capacitación y Comunicación Interna - Transitorio
    │ Company      : Hospital Britanico
    │ Location     : Barracas, Capital Federal
    │ Job type     : full-time
    │ Salary       : (not listed)
    │ Industry     : Salud / Medicina
    │ Date posted  : 2026-08-26
    │ Deadline     : 2026-10-25
    │ External ID  : BBC90B76520812D6
    │ Description  : En el Hospital Británico estamos buscando incorporar un/a Analista de Capacitación y Comunicación Interna de manera transitoria para sumarse a nuestro equipo de Capital Humano.
Buscamos una persona or…
    └───────────────────────────────────────────────────────
2026-09-27 15:33:10,939 DEBUG https://argentina.mimusjobs.com:443 "GET /wp-json/wp/v2/companies?slug=hospital-britanico HTTP/1.1" 200 None
2026-09-27 15:33:10,940 INFO ⏭ Company exists: Hospital Britanico
2026-09-27 15:33:11,684 DEBUG https://argentina.mimusjobs.com:443 "GET /wp-json/wp/v2/job-listings?slug=analista-de-capacitaci-n-y-comunicaci-n-interna---transitorio HTTP/1.1" 200 None
2026-09-27 15:33:11,696 DEBUG https://ii.ct-stc.com:443 "GET /5/logos/empresas/2017/12/14/hospital-britanico-BBC90B76520812D6163502thumbnail.png HTTP/1.1" 200 2368
2026-09-27 15:33:12,410 DEBUG https://argentina.mimusjobs.com:443 "POST /wp-json/wp/v2/media HTTP/1.1" 201 None
2026-09-27 15:33:13,395 DEBUG https://argentina.mimusjobs.com:443 "POST /wp-json/wp/v2/job-listings HTTP/1.1" 201 None
2026-09-27 15:33:13,396 INFO ✅ Job posted: 'Analista de Capacitación y Comunicación Interna - Transitorio' → WP ID 35099
2026-09-27 15:33:13,396 INFO ✅ SUCCESS — 'Analista de Capacitación y Comunicación Interna - Transitorio' → WP ID=35099 🔗 https://argentina.mimusjobs.com/job/analista-de-capacitacion-y-comunicacion-interna-transitorio-6/
2026-09-27 15:33:14,396 INFO ── https://ar.computrabajo.com/empleos-en-capital-federal | page 6 | job 3/20: https://ar.computrabajo.com/ofertas-de-trabajo/oferta-de-trabajo-de-lideres-de-sucursal-gerente-encargados-y-referentes-de-turno-en-villa-devoto-F2C3450CC650E56961373E686DCF3405
2026-09-27 15:33:14,451 DEBUG https://ar.computrabajo.com:443 "GET /ofertas-de-trabajo/oferta-de-trabajo-de-lideres-de-sucursal-gerente-encargados-y-referentes-de-turno-en-villa-devoto-F2C3450CC650E56961373E686DCF3405 HTTP/1.1" 200 None
2026-09-27 15:33:14,454 DEBUG     GET https://ar.computrabajo.com/ofertas-de-trabajo/oferta-de-trabajo-de-lideres-de-sucursal-gerente-encargados-y-referentes-de-turno-en-villa-devoto-F2C3450CC650E56961373E686DCF3405 → HTTP 200 (150,051 chars)
2026-09-27 15:33:14,470 WARNING No JobPosting JSON-LD found, using HTML fallback: https://ar.computrabajo.com/ofertas-de-trabajo/oferta-de-trabajo-de-lideres-de-sucursal-gerente-encargados-y-referentes-de-turno-en-villa-devoto-F2C3450CC650E56961373E686DCF3405
2026-09-27 15:33:14,471 INFO     ┌─ SCRAPED JOB ─────────────────────────────────────────
    │ URL          : https://ar.computrabajo.com/ofertas-de-trabajo/oferta-de-trabajo-de-lideres-de-sucursal-gerente-encargados-y-referentes-de-turno-en-villa-devoto-F2C3450CC650E56961373E686DCF3405
    │ Title        : Líderes de Sucursal: Gerente, Encargados y Referentes de Turno
    │ Company      : Importante empresa del sector
    │ Location     : Villa Devoto, Capital Federal
    │ Job type     : full-time
    │ Salary       : A convenir ARS
    │ Industry     : (none)
    │ Date posted  : (unknown)
    │ Deadline     : (estimated: )
    │ External ID  : (none)
    │ Description  : En nuestra visión, una experiencia de cliente excepcional comienza con un equipo bien gestionado. No buscamos solo administradores de locales; buscamos líderes operativos capaces de elevar los estánda…
    └───────────────────────────────────────────────────────
2026-09-27 15:33:15,194 DEBUG https://argentina.mimusjobs.com:443 "GET /wp-json/wp/v2/companies?slug=importante-empresa-del-sector HTTP/1.1" 200 None
2026-09-27 15:33:15,194 INFO ⏭ Company exists: Importante empresa del sector
2026-09-27 15:33:16,126 DEBUG https://argentina.mimusjobs.com:443 "GET /wp-json/wp/v2/job-listings?slug=l-deres-de-sucursal--gerente--encargados-y-referentes-de-turno HTTP/1.1" 200 None
2026-09-27 15:33:17,220 DEBUG https://argentina.mimusjobs.com:443 "POST /wp-json/wp/v2/job-listings HTTP/1.1" 201 None
2026-09-27 15:33:17,220 INFO ✅ Job posted: 'Líderes de Sucursal: Gerente, Encargados y Referentes de Turno' → WP ID 35100
2026-09-27 15:33:17,220 INFO ✅ SUCCESS — 'Líderes de Sucursal: Gerente, Encargados y Referentes de Turno' → WP ID=35100 🔗 https://argentina.mimusjobs.com/job/lideres-de-sucursal-gerente-encargados-y-referentes-de-turno-6/
2026-09-27 15:33:18,220 INFO ── https://ar.computrabajo.com/empleos-en-capital-federal | page 6 | job 4/20: https://ar.computrabajo.com/ofertas-de-trabajo/oferta-de-trabajo-de-chofer-enfermero-de-ambulancia-eventual-en-recoleta-C3F7C7E7647A309D61373E686DCF3405
2026-09-27 15:33:18,314 DEBUG https://ar.computrabajo.com:443 "GET /ofertas-de-trabajo/oferta-de-trabajo-de-chofer-enfermero-de-ambulancia-eventual-en-recoleta-C3F7C7E7647A309D61373E686DCF3405 HTTP/1.1" 200 None
2026-09-27 15:33:18,317 DEBUG     GET https://ar.computrabajo.com/ofertas-de-trabajo/oferta-de-trabajo-de-chofer-enfermero-de-ambulancia-eventual-en-recoleta-C3F7C7E7647A309D61373E686DCF3405 → HTTP 200 (166,866 chars)
2026-09-27 15:33:18,339 INFO     ┌─ SCRAPED JOB ─────────────────────────────────────────
    │ URL          : https://ar.computrabajo.com/ofertas-de-trabajo/oferta-de-trabajo-de-chofer-enfermero-de-ambulancia-eventual-en-recoleta-C3F7C7E7647A309D61373E686DCF3405
    │ Title        : Chofer / Enfermero de Ambulancia - Eventual
    │ Company      : Medicus S.A.
    │ Location     : Recoleta, Capital Federal
    │ Job type     : full-time
    │ Salary       : (not listed)
    │ Industry     : Salud / Medicina
    │ Date posted  : 2026-09-11
    │ Deadline     : 2026-11-10
    │ External ID  : C10D474E32D85863
    │ Description  : En Medicus nos encontramos en la búsqueda de Enfermeros Profesionales/ Licenciados en Enfermería para desempeñarse en la función de Choferes Enfermeros eventuales para brindar servicio en ambulancias …
    └───────────────────────────────────────────────────────
2026-09-27 15:33:19,633 DEBUG https://argentina.mimusjobs.com:443 "GET /wp-json/wp/v2/companies?slug=medicus-s-a- HTTP/1.1" 200 None
2026-09-27 15:33:19,633 INFO ⏭ Company exists: Medicus S.A.
2026-09-27 15:33:20,318 DEBUG https://argentina.mimusjobs.com:443 "GET /wp-json/wp/v2/job-listings?slug=chofer---enfermero-de-ambulancia---eventual HTTP/1.1" 200 None
2026-09-27 15:33:20,319 INFO ⏭ Job already on WP: Chofer / Enfermero de Ambulancia - Eventual
2026-09-27 15:33:20,319 INFO ✅ SUCCESS — 'Chofer / Enfermero de Ambulancia - Eventual' → WP ID=22278 🔗 https://argentina.mimusjobs.com/job/chofer-enfermero-de-ambulancia-eventual/
2026-09-27 15:33:21,319 INFO ── https://ar.computrabajo.com/empleos-en-capital-federal | page 6 | job 5/20: https://ar.computrabajo.com/ofertas-de-trabajo/oferta-de-trabajo-de-agente-inmobiliario-con-altas-comisiones-en-san-nicolas-098A5560909C33B661373E686DCF3405
2026-09-27 15:33:21,411 DEBUG https://ar.computrabajo.com:443 "GET /ofertas-de-trabajo/oferta-de-trabajo-de-agente-inmobiliario-con-altas-comisiones-en-san-nicolas-098A5560909C33B661373E686DCF3405 HTTP/1.1" 200 None
2026-09-27 15:33:21,413 DEBUG     GET https://ar.computrabajo.com/ofertas-de-trabajo/oferta-de-trabajo-de-agente-inmobiliario-con-altas-comisiones-en-san-nicolas-098A5560909C33B661373E686DCF3405 → HTTP 200 (164,039 chars)
2026-09-27 15:33:21,433 INFO     ┌─ SCRAPED JOB ─────────────────────────────────────────
    │ URL          : https://ar.computrabajo.com/ofertas-de-trabajo/oferta-de-trabajo-de-agente-inmobiliario-con-altas-comisiones-en-san-nicolas-098A5560909C33B661373E686DCF3405
    │ Title        : agente inmobiliario - Con altas comisiones.
    │ Company      : BRANCAPROP
    │ Location     : San Nicolás, Capital Federal
    │ Job type     : full-time
    │ Salary       : (not listed)
    │ Industry     : Venta al consumidor
    │ Date posted  : 2026-08-10
    │ Deadline     : 2026-10-09
    │ External ID  : 01763DBAAF5B7D8A
    │ Description  : Sumate a nuestro equipo comercial Nos encontramos en la búsqueda de perfiles comerciales dinámicos, proactivos y con ganas de crecer económicamente. Buscamos personas con actitud, ambición y excelente…
    └───────────────────────────────────────────────────────
2026-09-27 15:33:22,305 DEBUG https://argentina.mimusjobs.com:443 "GET /wp-json/wp/v2/companies?slug=brancaprop HTTP/1.1" 200 None
2026-09-27 15:33:22,306 INFO ⏭ Company exists: BRANCAPROP
2026-09-27 15:33:23,125 DEBUG https://argentina.mimusjobs.com:443 "GET /wp-json/wp/v2/job-listings?slug=agente-inmobiliario---con-altas-comisiones- HTTP/1.1" 200 None
2026-09-27 15:33:23,126 INFO ⏭ Job already on WP: agente inmobiliario - Con altas comisiones.
2026-09-27 15:33:23,126 INFO ✅ SUCCESS — 'agente inmobiliario - Con altas comisiones.' → WP ID=22294 🔗 https://argentina.mimusjobs.com/job/agente-inmobiliario-con-altas-comisiones/
2026-09-27 15:33:24,126 INFO ── https://ar.computrabajo.com/empleos-en-capital-federal | page 6 | job 6/20: https://ar.computrabajo.com/ofertas-de-trabajo/oferta-de-trabajo-de-gerente-de-tienda-en-palermo-C5B9DEFF1586B36061373E686DCF3405
2026-09-27 15:33:24,197 DEBUG https://ar.computrabajo.com:443 "GET /ofertas-de-trabajo/oferta-de-trabajo-de-gerente-de-tienda-en-palermo-C5B9DEFF1586B36061373E686DCF3405 HTTP/1.1" 200 None
2026-09-27 15:33:24,200 DEBUG     GET https://ar.computrabajo.com/ofertas-de-trabajo/oferta-de-trabajo-de-gerente-de-tienda-en-palermo-C5B9DEFF1586B36061373E686DCF3405 → HTTP 200 (159,066 chars)
2026-09-27 15:33:24,218 INFO     ┌─ SCRAPED JOB ─────────────────────────────────────────
    │ URL          : https://ar.computrabajo.com/ofertas-de-trabajo/oferta-de-trabajo-de-gerente-de-tienda-en-palermo-C5B9DEFF1586B36061373E686DCF3405
    │ Title        : Gerente de tienda
    │ Company      : RITA CAFFEE
    │ Location     : Palermo, Capital Federal
    │ Job type     : full-time
    │ Salary       : 2500000 ARS
    │ Industry     : Hostelería / Turismo
    │ Date posted  : 2026-08-10
    │ Deadline     : 2026-10-09
    │ External ID  : 50116E362CD1E9B5
    │ Description  : ¡En Rita seguimos creciendo! Por apertura de nueva tienda estaremos incorporando un Gerente de Tienda con sólida experiencia.
Serán tus principales funciones:
Liderar la operación diaria de la tienda,…
    └───────────────────────────────────────────────────────
2026-09-27 15:33:25,347 DEBUG https://argentina.mimusjobs.com:443 "GET /wp-json/wp/v2/companies?slug=rita-caffee HTTP/1.1" 200 None
2026-09-27 15:33:25,347 INFO ⏭ Company exists: RITA CAFFEE
2026-09-27 15:33:26,580 DEBUG https://argentina.mimusjobs.com:443 "GET /wp-json/wp/v2/job-listings?slug=gerente-de-tienda HTTP/1.1" 200 None
2026-09-27 15:33:26,580 INFO ⏭ Job already on WP: Gerente de tienda
2026-09-27 15:33:26,581 INFO ✅ SUCCESS — 'Gerente de tienda' → WP ID=10522 🔗 https://argentina.mimusjobs.com/job/gerente-de-tienda/
2026-09-27 15:33:27,581 INFO ── https://ar.computrabajo.com/empleos-en-capital-federal | page 6 | job 7/20: https://ar.computrabajo.com/ofertas-de-trabajo/oferta-de-trabajo-de-maestro-factureroa-panaderoa-maestro-factureropanadero-para-planta-en-jose-l-suarez-3-a-5-anos-de-experiencia-en-palermo-C8494D51C09227E261373E686DCF3405
2026-09-27 15:33:27,669 DEBUG https://ar.computrabajo.com:443 "GET /ofertas-de-trabajo/oferta-de-trabajo-de-maestro-factureroa-panaderoa-maestro-factureropanadero-para-planta-en-jose-l-suarez-3-a-5-anos-de-experiencia-en-palermo-C8494D51C09227E261373E686DCF3405 HTTP/1.1" 200 None
2026-09-27 15:33:27,672 DEBUG     GET https://ar.computrabajo.com/ofertas-de-trabajo/oferta-de-trabajo-de-maestro-factureroa-panaderoa-maestro-factureropanadero-para-planta-en-jose-l-suarez-3-a-5-anos-de-experiencia-en-palermo-C8494D51C09227E261373E686DCF3405 → HTTP 200 (158,070 chars)
2026-09-27 15:33:27,691 INFO     ┌─ SCRAPED JOB ─────────────────────────────────────────
    │ URL          : https://ar.computrabajo.com/ofertas-de-trabajo/oferta-de-trabajo-de-maestro-factureroa-panaderoa-maestro-factureropanadero-para-planta-en-jose-l-suarez-3-a-5-anos-de-experiencia-en-palermo-C8494D51C09227E261373E686DCF3405
    │ Title        : Maestro Facturero/a Panadero/a - maestro facturero/panadero para planta en Jose l Suarez, 3 a 5 años de experiencia
    │ Company      : PANEXA
    │ Location     : Palermo, Capital Federal
    │ Job type     : full-time
    │ Salary       : (not listed)
    │ Industry     : Hostelería / Turismo
    │ Date posted  : 2026-08-18
    │ Deadline     : 2026-10-17
    │ External ID  : 7270BF9E4EFBF405
    │ Description  : Se busca Maestro facturero/panadero , con 3 años apro de experiencia en el rubro y en con armado de facturas y medialunas, panaderia y bolleria. Contratacion e incoporacion inmediata.-Requerimientos- …
    └───────────────────────────────────────────────────────
2026-09-27 15:33:28,580 DEBUG https://argentina.mimusjobs.com:443 "GET /wp-json/wp/v2/companies?slug=panexa HTTP/1.1" 200 None
2026-09-27 15:33:28,581 INFO ⏭ Company exists: PANEXA
2026-09-27 15:33:29,623 DEBUG https://argentina.mimusjobs.com:443 "GET /wp-json/wp/v2/job-listings?slug=maestro-facturero-a-panadero-a---maestro-facturero-panadero-para-planta-en-jose- HTTP/1.1" 200 None
2026-09-27 15:33:31,737 DEBUG https://argentina.mimusjobs.com:443 "POST /wp-json/wp/v2/job-listings HTTP/1.1" 201 None
2026-09-27 15:33:31,737 INFO ✅ Job posted: 'Maestro Facturero/a Panadero/a - maestro facturero/panadero para planta en Jose l Suarez, 3 a 5 años de experiencia' → WP ID 35101
2026-09-27 15:33:31,738 INFO ✅ SUCCESS — 'Maestro Facturero/a Panadero/a - maestro facturero/panadero para planta en Jose l Suarez, 3 a 5 años de experiencia' → WP ID=35101 🔗 https://argentina.mimusjobs.com/job/maestro-facturero-a-panadero-a-maestro-facturero-panadero-para-planta-en-jose-l-suarez-3-a-5-anos-de-experiencia-7/
2026-09-27 15:33:32,738 INFO ── https://ar.computrabajo.com/empleos-en-capital-federal | page 6 | job 8/20: https://ar.computrabajo.com/ofertas-de-trabajo/oferta-de-trabajo-de-encargadoa-gastronomicoa-en-palermo-5528E200116AFEAD61373E686DCF3405
2026-09-27 15:33:32,795 DEBUG https://ar.computrabajo.com:443 "GET /ofertas-de-trabajo/oferta-de-trabajo-de-encargadoa-gastronomicoa-en-palermo-5528E200116AFEAD61373E686DCF3405 HTTP/1.1" 200 None
2026-09-27 15:33:32,798 DEBUG     GET https://ar.computrabajo.com/ofertas-de-trabajo/oferta-de-trabajo-de-encargadoa-gastronomicoa-en-palermo-5528E200116AFEAD61373E686DCF3405 → HTTP 200 (150,663 chars)
2026-09-27 15:33:32,815 WARNING No JobPosting JSON-LD found, using HTML fallback: https://ar.computrabajo.com/ofertas-de-trabajo/oferta-de-trabajo-de-encargadoa-gastronomicoa-en-palermo-5528E200116AFEAD61373E686DCF3405
2026-09-27 15:33:32,816 INFO     ┌─ SCRAPED JOB ─────────────────────────────────────────
    │ URL          : https://ar.computrabajo.com/ofertas-de-trabajo/oferta-de-trabajo-de-encargadoa-gastronomicoa-en-palermo-5528E200116AFEAD61373E686DCF3405
    │ Title        : Encargado/a Gastronómico/a
    │ Company      : Importante empresa del sector
    │ Location     : Palermo, Capital Federal
    │ Job type     : full-time
    │ Salary       : A convenir ARS
    │ Industry     : (none)
    │ Date posted  : (unknown)
    │ Deadline     : (estimated: )
    │ External ID  : (none)
    │ Description  : Buscamos un Encargado/a para nuestro Restaurante Tareas: -Fichar -Proveedores -Manejo del Personal -Compras -Stock -Entre otras Requisitos: -Edad a partir de 30 años -Mínimo 3 años de experiencia -Sec…
    └───────────────────────────────────────────────────────
2026-09-27 15:33:33,455 DEBUG https://argentina.mimusjobs.com:443 "GET /wp-json/wp/v2/companies?slug=importante-empresa-del-sector HTTP/1.1" 200 None
2026-09-27 15:33:33,456 INFO ⏭ Company exists: Importante empresa del sector
2026-09-27 15:33:34,334 DEBUG https://argentina.mimusjobs.com:443 "GET /wp-json/wp/v2/job-listings?slug=encargado-a-gastron-mico-a HTTP/1.1" 200 None
2026-09-27 15:33:36,492 DEBUG https://argentina.mimusjobs.com:443 "POST /wp-json/wp/v2/job-listings HTTP/1.1" 201 None
2026-09-27 15:33:36,492 INFO ✅ Job posted: 'Encargado/a Gastronómico/a' → WP ID 35102
2026-09-27 15:33:36,492 INFO ✅ SUCCESS — 'Encargado/a Gastronómico/a' → WP ID=35102 🔗 https://argentina.mimusjobs.com/job/encargado-a-gastronomico-a-7/
2026-09-27 15:33:37,493 INFO ── https://ar.computrabajo.com/empleos-en-capital-federal | page 6 | job 9/20: https://ar.computrabajo.com/ofertas-de-trabajo/oferta-de-trabajo-de-medicina-domiciliaria-en-nunez-2048E52E02B35E1961373E686DCF3405
2026-09-27 15:33:37,580 DEBUG https://ar.computrabajo.com:443 "GET /ofertas-de-trabajo/oferta-de-trabajo-de-medicina-domiciliaria-en-nunez-2048E52E02B35E1961373E686DCF3405 HTTP/1.1" 200 None
2026-09-27 15:33:37,582 DEBUG     GET https://ar.computrabajo.com/ofertas-de-trabajo/oferta-de-trabajo-de-medicina-domiciliaria-en-nunez-2048E52E02B35E1961373E686DCF3405 → HTTP 200 (160,133 chars)
2026-09-27 15:33:37,601 INFO     ┌─ SCRAPED JOB ─────────────────────────────────────────
    │ URL          : https://ar.computrabajo.com/ofertas-de-trabajo/oferta-de-trabajo-de-medicina-domiciliaria-en-nunez-2048E52E02B35E1961373E686DCF3405
    │ Title        : Medicina domiciliaria
    │ Company      : WEDOC S. A
    │ Location     : Núñez, Capital Federal
    │ Job type     : part-time
    │ Salary       : 11111 ARS
    │ Industry     : Salud / Medicina
    │ Date posted  : 2026-08-26
    │ Deadline     : 2026-10-25
    │ External ID  : 05F11572409BE2B1
    │ Description  : En WEDOC Medical Solutions estamos incorporando personal de la salud para la atencion domiciliaria de nuestra cartera de clientes. Nuestra busqueda activa esta orientada a medicos, kinesiologos, fonoa…
    └───────────────────────────────────────────────────────
2026-09-27 15:33:38,692 DEBUG https://argentina.mimusjobs.com:443 "GET /wp-json/wp/v2/companies?slug=wedoc-s--a HTTP/1.1" 200 None
2026-09-27 15:33:38,692 INFO ⏭ Company exists: WEDOC S. A
2026-09-27 15:33:39,625 DEBUG https://argentina.mimusjobs.com:443 "GET /wp-json/wp/v2/job-listings?slug=medicina-domiciliaria HTTP/1.1" 200 None
2026-09-27 15:33:39,625 INFO ⏭ Job already on WP: Medicina domiciliaria
2026-09-27 15:33:39,625 INFO ✅ SUCCESS — 'Medicina domiciliaria' → WP ID=22290 🔗 https://argentina.mimusjobs.com/job/medicina-domiciliaria/
2026-09-27 15:33:40,626 INFO ── https://ar.computrabajo.com/empleos-en-capital-federal | page 6 | job 10/20: https://ar.computrabajo.com/ofertas-de-trabajo/oferta-de-trabajo-de-responsable-de-personal-con-conocimientos-contables-en-recoleta-F1C77F667B5F66CE61373E686DCF3405
2026-09-27 15:33:40,681 DEBUG https://ar.computrabajo.com:443 "GET /ofertas-de-trabajo/oferta-de-trabajo-de-responsable-de-personal-con-conocimientos-contables-en-recoleta-F1C77F667B5F66CE61373E686DCF3405 HTTP/1.1" 200 None
2026-09-27 15:33:40,683 DEBUG     GET https://ar.computrabajo.com/ofertas-de-trabajo/oferta-de-trabajo-de-responsable-de-personal-con-conocimientos-contables-en-recoleta-F1C77F667B5F66CE61373E686DCF3405 → HTTP 200 (148,555 chars)
2026-09-27 15:33:40,701 WARNING No JobPosting JSON-LD found, using HTML fallback: https://ar.computrabajo.com/ofertas-de-trabajo/oferta-de-trabajo-de-responsable-de-personal-con-conocimientos-contables-en-recoleta-F1C77F667B5F66CE61373E686DCF3405
2026-09-27 15:33:40,702 INFO     ┌─ SCRAPED JOB ─────────────────────────────────────────
    │ URL          : https://ar.computrabajo.com/ofertas-de-trabajo/oferta-de-trabajo-de-responsable-de-personal-con-conocimientos-contables-en-recoleta-F1C77F667B5F66CE61373E686DCF3405
    │ Title        : Responsable de Personal - con conocimientos contables
    │ Company      : Importante empresa del sector
    │ Location     : Recoleta, Capital Federal
    │ Job type     : full-time
    │ Salary       : $ 2.000.000,00 (Mensual) ARS
    │ Industry     : (none)
    │ Date posted  : (unknown)
    │ Deadline     : (estimated: )
    │ External ID  : (none)
    │ Description  : RESPONSABLE DE PERSONAL Con conocimientos administrativos y contables Buscamos una persona con experiencia en: Gestión y conducción de personal. Resolución de situaciones y conflictos laborales. Liqui…
    └───────────────────────────────────────────────────────
2026-09-27 15:33:41,467 DEBUG https://argentina.mimusjobs.com:443 "GET /wp-json/wp/v2/companies?slug=importante-empresa-del-sector HTTP/1.1" 200 None
2026-09-27 15:33:41,467 INFO ⏭ Company exists: Importante empresa del sector
2026-09-27 15:33:42,277 DEBUG https://argentina.mimusjobs.com:443 "GET /wp-json/wp/v2/job-listings?slug=responsable-de-personal---con-conocimientos-contables HTTP/1.1" 200 None
2026-09-27 15:33:42,278 INFO ⏭ Job already on WP: Responsable de Personal - con conocimientos contables
2026-09-27 15:33:42,278 INFO ✅ SUCCESS — 'Responsable de Personal - con conocimientos contables' → WP ID=22291 🔗 https://argentina.mimusjobs.com/job/responsable-de-personal-con-conocimientos-contables/
2026-09-27 15:33:43,278 INFO ── https://ar.computrabajo.com/empleos-en-capital-federal | page 6 | job 11/20: https://ar.computrabajo.com/ofertas-de-trabajo/oferta-de-trabajo-de-asesor-comercial-full-time-en-nunez-031C9EC8DC1C7E7C61373E686DCF3405
2026-09-27 15:33:43,369 DEBUG https://ar.computrabajo.com:443 "GET /ofertas-de-trabajo/oferta-de-trabajo-de-asesor-comercial-full-time-en-nunez-031C9EC8DC1C7E7C61373E686DCF3405 HTTP/1.1" 200 None
2026-09-27 15:33:43,372 DEBUG     GET https://ar.computrabajo.com/ofertas-de-trabajo/oferta-de-trabajo-de-asesor-comercial-full-time-en-nunez-031C9EC8DC1C7E7C61373E686DCF3405 → HTTP 200 (164,688 chars)
2026-09-27 15:33:43,392 INFO     ┌─ SCRAPED JOB ─────────────────────────────────────────
    │ URL          : https://ar.computrabajo.com/ofertas-de-trabajo/oferta-de-trabajo-de-asesor-comercial-full-time-en-nunez-031C9EC8DC1C7E7C61373E686DCF3405
    │ Title        : Asesor Comercial - Full Time
    │ Company      : AS FLOORING S.A.
    │ Location     : Núñez, Capital Federal
    │ Job type     : full-time
    │ Salary       : 1200000 ARS
    │ Industry     : Venta al por mayor
    │ Date posted  : 2026-08-10
    │ Deadline     : 2026-10-09
    │ External ID  : 57C693FBC5F647D2
    │ Description  : -Atender consultas de clientes en showroom, telefónicamente o vía digital. -Detectar necesidades específicas y asesorar sobre tipos de madera, terminaciones, instalación, mantenimiento y alternativas …
    └───────────────────────────────────────────────────────
2026-09-27 15:33:45,012 DEBUG https://argentina.mimusjobs.com:443 "GET /wp-json/wp/v2/companies?slug=as-flooring-s-a- HTTP/1.1" 200 None
2026-09-27 15:33:45,012 INFO ⏭ Company exists: AS FLOORING S.A.
2026-09-27 15:33:45,694 DEBUG https://argentina.mimusjobs.com:443 "GET /wp-json/wp/v2/job-listings?slug=asesor-comercial---full-time HTTP/1.1" 200 None
2026-09-27 15:33:45,742 INFO ⏭ Job already on WP: Asesor Comercial - Full Time
2026-09-27 15:33:45,742 INFO ✅ SUCCESS — 'Asesor Comercial - Full Time' → WP ID=22329 🔗 https://argentina.mimusjobs.com/job/asesor-comercial-full-time/
2026-09-27 15:33:46,742 INFO ── https://ar.computrabajo.com/empleos-en-capital-federal | page 6 | job 12/20: https://ar.computrabajo.com/ofertas-de-trabajo/oferta-de-trabajo-de-barista-turno-tarde-en-belgrano-AC33800AA8F1834061373E686DCF3405
2026-09-27 15:33:46,832 DEBUG https://ar.computrabajo.com:443 "GET /ofertas-de-trabajo/oferta-de-trabajo-de-barista-turno-tarde-en-belgrano-AC33800AA8F1834061373E686DCF3405 HTTP/1.1" 200 None
2026-09-27 15:33:46,834 DEBUG     GET https://ar.computrabajo.com/ofertas-de-trabajo/oferta-de-trabajo-de-barista-turno-tarde-en-belgrano-AC33800AA8F1834061373E686DCF3405 → HTTP 200 (160,579 chars)
2026-09-27 15:33:46,853 INFO     ┌─ SCRAPED JOB ─────────────────────────────────────────
    │ URL          : https://ar.computrabajo.com/ofertas-de-trabajo/oferta-de-trabajo-de-barista-turno-tarde-en-belgrano-AC33800AA8F1834061373E686DCF3405
    │ Title        : Barista - Turno Tarde
    │ Company      : GRANADOS FRUTOS SEBASTIAN ALBERTO
    │ Location     : Belgrano, Capital Federal
    │ Job type     : full-time
    │ Salary       : (not listed)
    │ Industry     : Hostelería / Turismo
    │ Date posted  : 2026-08-10
    │ Deadline     : 2026-10-09
    │ External ID  : 001FB57B471CC09D
    │ Description  : Somos una cafetería de especialidad en Belgrano enfocada en calidad de producto y experiencia de cliente. Responsabilidades: Responsable de barra en turno tarde: preparación de café de especialidad y …
    └───────────────────────────────────────────────────────
2026-09-27 15:33:47,542 DEBUG https://argentina.mimusjobs.com:443 "GET /wp-json/wp/v2/companies?slug=granados-frutos-sebastian-alberto HTTP/1.1" 200 None
2026-09-27 15:33:47,542 INFO ⏭ Company exists: GRANADOS FRUTOS SEBASTIAN ALBERTO
2026-09-27 15:33:48,123 DEBUG https://argentina.mimusjobs.com:443 "GET /wp-json/wp/v2/job-listings?slug=barista---turno-tarde HTTP/1.1" 200 None
2026-09-27 15:33:48,123 INFO ⏭ Job already on WP: Barista - Turno Tarde
2026-09-27 15:33:48,123 INFO ✅ SUCCESS — 'Barista - Turno Tarde' → WP ID=22298 🔗 https://argentina.mimusjobs.com/job/barista-turno-tarde/
2026-09-27 15:33:49,124 INFO ── https://ar.computrabajo.com/empleos-en-capital-federal | page 6 | job 13/20: https://ar.computrabajo.com/ofertas-de-trabajo/oferta-de-trabajo-de-analista-de-seguridad-operativa-redes-presencial-en-san-nicolas-D4FC45A899701EDD61373E686DCF3405
2026-09-27 15:33:49,194 DEBUG https://ar.computrabajo.com:443 "GET /ofertas-de-trabajo/oferta-de-trabajo-de-analista-de-seguridad-operativa-redes-presencial-en-san-nicolas-D4FC45A899701EDD61373E686DCF3405 HTTP/1.1" 200 None
2026-09-27 15:33:49,197 DEBUG     GET https://ar.computrabajo.com/ofertas-de-trabajo/oferta-de-trabajo-de-analista-de-seguridad-operativa-redes-presencial-en-san-nicolas-D4FC45A899701EDD61373E686DCF3405 → HTTP 200 (150,486 chars)
2026-09-27 15:33:49,237 WARNING No JobPosting JSON-LD found, using HTML fallback: https://ar.computrabajo.com/ofertas-de-trabajo/oferta-de-trabajo-de-analista-de-seguridad-operativa-redes-presencial-en-san-nicolas-D4FC45A899701EDD61373E686DCF3405
2026-09-27 15:33:49,238 INFO     ┌─ SCRAPED JOB ─────────────────────────────────────────
    │ URL          : https://ar.computrabajo.com/ofertas-de-trabajo/oferta-de-trabajo-de-analista-de-seguridad-operativa-redes-presencial-en-san-nicolas-D4FC45A899701EDD61373E686DCF3405
    │ Title        : Analista de Seguridad Operativa / Redes - Presencial
    │ Company      : Importante empresa del sector
    │ Location     : San Nicolás, Capital Federal
    │ Job type     : full-time
    │ Salary       : A convenir ARS
    │ Industry     : (none)
    │ Date posted  : (unknown)
    │ Deadline     : (estimated: )
    │ External ID  : (none)
    │ Description  : ¿Querés llevar tus conocimientos de Redes y Ciberseguridad al siguiente nivel? Estamos sumando al equipo de Infraestructura un/a Analista de Seguridad Operativa / Redes con perfil técnico y foco en se…
    └───────────────────────────────────────────────────────
2026-09-27 15:33:50,162 DEBUG https://argentina.mimusjobs.com:443 "GET /wp-json/wp/v2/companies?slug=importante-empresa-del-sector HTTP/1.1" 200 None
2026-09-27 15:33:50,162 INFO ⏭ Company exists: Importante empresa del sector
2026-09-27 15:33:51,202 DEBUG https://argentina.mimusjobs.com:443 "GET /wp-json/wp/v2/job-listings?slug=analista-de-seguridad-operativa---redes---presencial HTTP/1.1" 200 None
2026-09-27 15:33:51,203 INFO ⏭ Job already on WP: Analista de Seguridad Operativa / Redes - Presencial
2026-09-27 15:33:51,203 INFO ✅ SUCCESS — 'Analista de Seguridad Operativa / Redes - Presencial' → WP ID=22327 🔗 https://argentina.mimusjobs.com/job/analista-de-seguridad-operativa-redes-presencial/
2026-09-27 15:33:52,203 INFO ── https://ar.computrabajo.com/empleos-en-capital-federal | page 6 | job 14/20: https://ar.computrabajo.com/ofertas-de-trabajo/oferta-de-trabajo-de-barista-en-caballito-01A7025873479A1E61373E686DCF3405
2026-09-27 15:33:52,370 DEBUG https://ar.computrabajo.com:443 "GET /ofertas-de-trabajo/oferta-de-trabajo-de-barista-en-caballito-01A7025873479A1E61373E686DCF3405 HTTP/1.1" 200 None
2026-09-27 15:33:52,372 DEBUG     GET https://ar.computrabajo.com/ofertas-de-trabajo/oferta-de-trabajo-de-barista-en-caballito-01A7025873479A1E61373E686DCF3405 → HTTP 200 (159,885 chars)
2026-09-27 15:33:52,392 INFO     ┌─ SCRAPED JOB ─────────────────────────────────────────
    │ URL          : https://ar.computrabajo.com/ofertas-de-trabajo/oferta-de-trabajo-de-barista-en-caballito-01A7025873479A1E61373E686DCF3405
    │ Title        : Barista
    │ Company      : Chill Garden
    │ Location     : Caballito, Capital Federal
    │ Job type     : full-time
    │ Salary       : (not listed)
    │ Industry     : Venta al consumidor
    │ Date posted  : 2026-09-11
    │ Deadline     : 2026-11-10
    │ External ID  : D2E2C4A3941CC06A
    │ Description  : Restaurante ubicado en Caballito se encuentra en la búsqueda de un/a Barista/Bartender para unirse a nuestro equipo de barra. Jornada de trabajo: Martes a Domingos. Horario: 16 hs al cierre (01am apro…
    └───────────────────────────────────────────────────────
2026-09-27 15:33:53,016 DEBUG https://argentina.mimusjobs.com:443 "GET /wp-json/wp/v2/companies?slug=chill-garden HTTP/1.1" 200 None
2026-09-27 15:33:53,016 INFO ⏭ Company exists: Chill Garden
2026-09-27 15:33:53,699 DEBUG https://argentina.mimusjobs.com:443 "GET /wp-json/wp/v2/job-listings?slug=barista HTTP/1.1" 200 None
2026-09-27 15:33:53,699 INFO ⏭ Job already on WP: Barista
2026-09-27 15:33:53,699 INFO ✅ SUCCESS — 'Barista' → WP ID=13746 🔗 https://argentina.mimusjobs.com/job/barista/
2026-09-27 15:33:54,699 INFO ── https://ar.computrabajo.com/empleos-en-capital-federal | page 6 | job 15/20: https://ar.computrabajo.com/ofertas-de-trabajo/oferta-de-trabajo-de-ayudante-de-cocina-en-palermo-92BCE55AE4A3105B61373E686DCF3405
2026-09-27 15:33:54,791 DEBUG https://ar.computrabajo.com:443 "GET /ofertas-de-trabajo/oferta-de-trabajo-de-ayudante-de-cocina-en-palermo-92BCE55AE4A3105B61373E686DCF3405 HTTP/1.1" 200 None
2026-09-27 15:33:54,793 DEBUG     GET https://ar.computrabajo.com/ofertas-de-trabajo/oferta-de-trabajo-de-ayudante-de-cocina-en-palermo-92BCE55AE4A3105B61373E686DCF3405 → HTTP 200 (158,540 chars)
2026-09-27 15:33:54,811 INFO     ┌─ SCRAPED JOB ─────────────────────────────────────────
    │ URL          : https://ar.computrabajo.com/ofertas-de-trabajo/oferta-de-trabajo-de-ayudante-de-cocina-en-palermo-92BCE55AE4A3105B61373E686DCF3405
    │ Title        : Ayudante de cocina
    │ Company      : LO DE JESUS
    │ Location     : Palermo, Capital Federal
    │ Job type     : full-time
    │ Salary       : (not listed)
    │ Industry     : Hostelería / Turismo
    │ Date posted  : 2026-08-10
    │ Deadline     : 2026-10-09
    │ External ID  : BD467A512355D3DB
    │ Description  : ¡LO DE JESÚS incorpora Ayudantes de Cocina!
Nos encontramos en la búsqueda de personas proactivas, responsables y con ganas de crecer, para sumarse a nuestros equipos de trabajo en las distintas áreas…
    └───────────────────────────────────────────────────────
2026-09-27 15:33:56,055 DEBUG https://argentina.mimusjobs.com:443 "GET /wp-json/wp/v2/companies?slug=lo-de-jesus HTTP/1.1" 200 None
2026-09-27 15:33:56,055 INFO ⏭ Company exists: LO DE JESUS
2026-09-27 15:33:56,813 DEBUG https://argentina.mimusjobs.com:443 "GET /wp-json/wp/v2/job-listings?slug=ayudante-de-cocina HTTP/1.1" 200 None
2026-09-27 15:33:56,813 INFO ⏭ Job already on WP: Ayudante de cocina
2026-09-27 15:33:56,813 INFO ✅ SUCCESS — 'Ayudante de cocina' → WP ID=8130 🔗 https://argentina.mimusjobs.com/job/ayudante-de-cocina/
2026-09-27 15:33:57,813 INFO ── https://ar.computrabajo.com/empleos-en-capital-federal | page 6 | job 16/20: https://ar.computrabajo.com/ofertas-de-trabajo/oferta-de-trabajo-de-pasteleroa-produccion-y-eventos-en-puerto-madero-C8EE42FADD24FBD561373E686DCF3405
2026-09-27 15:33:57,892 DEBUG https://ar.computrabajo.com:443 "GET /ofertas-de-trabajo/oferta-de-trabajo-de-pasteleroa-produccion-y-eventos-en-puerto-madero-C8EE42FADD24FBD561373E686DCF3405 HTTP/1.1" 200 None
2026-09-27 15:33:57,895 DEBUG     GET https://ar.computrabajo.com/ofertas-de-trabajo/oferta-de-trabajo-de-pasteleroa-produccion-y-eventos-en-puerto-madero-C8EE42FADD24FBD561373E686DCF3405 → HTTP 200 (161,021 chars)
2026-09-27 15:33:57,914 INFO     ┌─ SCRAPED JOB ─────────────────────────────────────────
    │ URL          : https://ar.computrabajo.com/ofertas-de-trabajo/oferta-de-trabajo-de-pasteleroa-produccion-y-eventos-en-puerto-madero-C8EE42FADD24FBD561373E686DCF3405
    │ Title        : Pastelero/a - Producción y eventos
    │ Company      : MADERO TANGO
    │ Location     : Puerto Madero, Capital Federal
    │ Job type     : full-time
    │ Salary       : (not listed)
    │ Industry     : Hostelería / Turismo
    │ Date posted  : 2026-08-26
    │ Deadline     : 2026-10-25
    │ External ID  : 8D98C1208BB86D8B
    │ Description  : En Madero Tango estamos buscando incorporar un/a Pastelero/a con sólida experiencia en producción  de eventos, que disfrute trabajar en un entorno dinámico, con altos estándares de calidad y presentac…
    └───────────────────────────────────────────────────────
2026-09-27 15:33:59,389 DEBUG https://argentina.mimusjobs.com:443 "GET /wp-json/wp/v2/companies?slug=madero-tango HTTP/1.1" 200 None
2026-09-27 15:33:59,389 INFO ⏭ Company exists: MADERO TANGO
2026-09-27 15:34:00,451 DEBUG https://argentina.mimusjobs.com:443 "GET /wp-json/wp/v2/job-listings?slug=pastelero-a---producci-n-y-eventos HTTP/1.1" 200 None
2026-09-27 15:34:00,463 DEBUG https://ii.ct-stc.com:443 "GET /5/logos/empresas/2025/10/07/a2e74e8be11c4ac5b619181237315thumbnail.png HTTP/1.1" 200 7039
2026-09-27 15:34:02,035 DEBUG https://argentina.mimusjobs.com:443 "POST /wp-json/wp/v2/media HTTP/1.1" 201 None
2026-09-27 15:34:02,903 DEBUG https://argentina.mimusjobs.com:443 "GET /wp-json/wp/v2/job_listing_region?slug=puerto-madero--capital-federal HTTP/1.1" 200 None
2026-09-27 15:34:04,252 DEBUG https://argentina.mimusjobs.com:443 "POST /wp-json/wp/v2/job-listings HTTP/1.1" 201 None
2026-09-27 15:34:04,358 INFO ✅ Job posted: 'Pastelero/a - Producción y eventos' → WP ID 35104
2026-09-27 15:34:04,358 INFO ✅ SUCCESS — 'Pastelero/a - Producción y eventos' → WP ID=35104 🔗 https://argentina.mimusjobs.com/job/pastelero-a-produccion-y-eventos-6/
2026-09-27 15:34:05,358 INFO ── https://ar.computrabajo.com/empleos-en-capital-federal | page 6 | job 17/20: https://ar.computrabajo.com/ofertas-de-trabajo/oferta-de-trabajo-de-personal-de-limpieza-con-experiencia-en-san-cristobal-3F58252B651A872F61373E686DCF3405
2026-09-27 15:34:05,433 DEBUG https://ar.computrabajo.com:443 "GET /ofertas-de-trabajo/oferta-de-trabajo-de-personal-de-limpieza-con-experiencia-en-san-cristobal-3F58252B651A872F61373E686DCF3405 HTTP/1.1" 200 None
2026-09-27 15:34:05,436 DEBUG     GET https://ar.computrabajo.com/ofertas-de-trabajo/oferta-de-trabajo-de-personal-de-limpieza-con-experiencia-en-san-cristobal-3F58252B651A872F61373E686DCF3405 → HTTP 200 (158,130 chars)
2026-09-27 15:34:05,454 INFO     ┌─ SCRAPED JOB ─────────────────────────────────────────
    │ URL          : https://ar.computrabajo.com/ofertas-de-trabajo/oferta-de-trabajo-de-personal-de-limpieza-con-experiencia-en-san-cristobal-3F58252B651A872F61373E686DCF3405
    │ Title        : Personal de limpieza - con experiencia
    │ Company      : El Bodegón de Benito
    │ Location     : San Cristóbal, Capital Federal
    │ Job type     : full-time
    │ Salary       : (not listed)
    │ Industry     : Venta al consumidor
    │ Date posted  : 2026-08-26
    │ Deadline     : 2026-10-25
    │ External ID  : 84267DE5BBCED73E
    │ Description  : Se busca incorporar a un/a personal de limpieza en Viraro brasas.
Funciones
Mantener el área de trabajo limpia y ordenada.
Realizar tareas de limpieza general y mantenimiento.
Colaborar con el equipo …
    └───────────────────────────────────────────────────────
2026-09-27 15:34:06,684 DEBUG https://argentina.mimusjobs.com:443 "GET /wp-json/wp/v2/companies?slug=el-bodeg-n-de-benito HTTP/1.1" 200 None
2026-09-27 15:34:07,721 DEBUG https://argentina.mimusjobs.com:443 "POST /wp-json/wp/v2/companies HTTP/1.1" 201 None
2026-09-27 15:34:07,804 INFO ✅ Company posted: El Bodegón de Benito → ID 35105
2026-09-27 15:34:09,020 DEBUG https://argentina.mimusjobs.com:443 "GET /wp-json/wp/v2/job-listings?slug=personal-de-limpieza---con-experiencia HTTP/1.1" 200 None
2026-09-27 15:34:09,020 INFO ⏭ Job already on WP: Personal de limpieza - con experiencia
2026-09-27 15:34:09,020 INFO ✅ SUCCESS — 'Personal de limpieza - con experiencia' → WP ID=22304 🔗 https://argentina.mimusjobs.com/job/personal-de-limpieza-con-experiencia/
2026-09-27 15:34:10,020 INFO ── https://ar.computrabajo.com/empleos-en-capital-federal | page 6 | job 18/20: https://ar.computrabajo.com/ofertas-de-trabajo/oferta-de-trabajo-de-enfermera-auxiliar-de-enfenfermera-para-geriatrico-en-floresta-B96350324702B4DF61373E686DCF3405
2026-09-27 15:34:10,101 DEBUG https://ar.computrabajo.com:443 "GET /ofertas-de-trabajo/oferta-de-trabajo-de-enfermera-auxiliar-de-enfenfermera-para-geriatrico-en-floresta-B96350324702B4DF61373E686DCF3405 HTTP/1.1" 200 None
2026-09-27 15:34:10,104 DEBUG     GET https://ar.computrabajo.com/ofertas-de-trabajo/oferta-de-trabajo-de-enfermera-auxiliar-de-enfenfermera-para-geriatrico-en-floresta-B96350324702B4DF61373E686DCF3405 → HTTP 200 (152,104 chars)
2026-09-27 15:34:10,121 WARNING No JobPosting JSON-LD found, using HTML fallback: https://ar.computrabajo.com/ofertas-de-trabajo/oferta-de-trabajo-de-enfermera-auxiliar-de-enfenfermera-para-geriatrico-en-floresta-B96350324702B4DF61373E686DCF3405
2026-09-27 15:34:10,122 INFO     ┌─ SCRAPED JOB ─────────────────────────────────────────
    │ URL          : https://ar.computrabajo.com/ofertas-de-trabajo/oferta-de-trabajo-de-enfermera-auxiliar-de-enfenfermera-para-geriatrico-en-floresta-B96350324702B4DF61373E686DCF3405
    │ Title        : enfermera - auxiliar de enf/enfermera para geriatrico
    │ Company      : Importante empresa del sector
    │ Location     : Floresta, Capital Federal
    │ Job type     : full-time
    │ Salary       : $ 1.100.000,00 (Mensual) ARS
    │ Industry     : (none)
    │ Date posted  : (unknown)
    │ Deadline     : (estimated: )
    │ External ID  : (none)
    │ Description  : enfermera o auxiliar de enfermeria para geriátrico en capital. Medicacion, curaciones, controles vitales, emergencias, alimentacion por sonda etc. manejo de personal
    └───────────────────────────────────────────────────────
2026-09-27 15:34:11,306 DEBUG https://argentina.mimusjobs.com:443 "GET /wp-json/wp/v2/companies?slug=importante-empresa-del-sector HTTP/1.1" 200 None
2026-09-27 15:34:11,307 INFO ⏭ Company exists: Importante empresa del sector
2026-09-27 15:34:12,156 DEBUG https://argentina.mimusjobs.com:443 "GET /wp-json/wp/v2/job-listings?slug=enfermera---auxiliar-de-enf-enfermera-para-geriatrico HTTP/1.1" 200 None
2026-09-27 15:34:12,156 INFO ⏭ Job already on WP: enfermera - auxiliar de enf/enfermera para geriatrico
2026-09-27 15:34:12,156 INFO ✅ SUCCESS — 'enfermera - auxiliar de enf/enfermera para geriatrico' → WP ID=22307 🔗 https://argentina.mimusjobs.com/job/enfermera-auxiliar-de-enf-enfermera-para-geriatrico/
2026-09-27 15:34:13,157 INFO ── https://ar.computrabajo.com/empleos-en-capital-federal | page 6 | job 19/20: https://ar.computrabajo.com/ofertas-de-trabajo/oferta-de-trabajo-de-pizzero-experiencia-comprobable-en-caballito-D762C1F5E52771C861373E686DCF3405
2026-09-27 15:34:13,246 DEBUG https://ar.computrabajo.com:443 "GET /ofertas-de-trabajo/oferta-de-trabajo-de-pizzero-experiencia-comprobable-en-caballito-D762C1F5E52771C861373E686DCF3405 HTTP/1.1" 200 None
2026-09-27 15:34:13,248 DEBUG     GET https://ar.computrabajo.com/ofertas-de-trabajo/oferta-de-trabajo-de-pizzero-experiencia-comprobable-en-caballito-D762C1F5E52771C861373E686DCF3405 → HTTP 200 (158,015 chars)
2026-09-27 15:34:13,268 INFO     ┌─ SCRAPED JOB ─────────────────────────────────────────
    │ URL          : https://ar.computrabajo.com/ofertas-de-trabajo/oferta-de-trabajo-de-pizzero-experiencia-comprobable-en-caballito-D762C1F5E52771C861373E686DCF3405
    │ Title        : Pizzero - Experiencia comprobable
    │ Company      : La Guitarrita
    │ Location     : Caballito, Capital Federal
    │ Job type     : full-time
    │ Salary       : (not listed)
    │ Industry     : Venta al consumidor
    │ Date posted  : 2026-09-19
    │ Deadline     : 2026-11-18
    │ External ID  : ABDEB71CA1FDC80D
    │ Description  : Se busca Pizzero con experiencia comprobable en pizza a la piedra, manejo de hornos, manejo de pala, preparación de miss and place, rotación de mercadería, despacho. · Compañerismo
Puntualidad
Enfoque…
    └───────────────────────────────────────────────────────
2026-09-27 15:34:13,985 DEBUG https://argentina.mimusjobs.com:443 "GET /wp-json/wp/v2/companies?slug=la-guitarrita HTTP/1.1" 200 None
2026-09-27 15:34:13,986 INFO ⏭ Company exists: La Guitarrita
2026-09-27 15:34:14,707 DEBUG https://argentina.mimusjobs.com:443 "GET /wp-json/wp/v2/job-listings?slug=pizzero---experiencia-comprobable HTTP/1.1" 200 None
2026-09-27 15:34:14,707 INFO ⏭ Job already on WP: Pizzero - Experiencia comprobable
2026-09-27 15:34:14,707 INFO ✅ SUCCESS — 'Pizzero - Experiencia comprobable' → WP ID=21282 🔗 https://argentina.mimusjobs.com/job/pizzero-experiencia-comprobable/
2026-09-27 15:34:15,707 INFO ── https://ar.computrabajo.com/empleos-en-capital-federal | page 6 | job 20/20: https://ar.computrabajo.com/ofertas-de-trabajo/oferta-de-trabajo-de-chofer-en-barracas-BBACBF79D250806061373E686DCF3405
2026-09-27 15:34:15,800 DEBUG https://ar.computrabajo.com:443 "GET /ofertas-de-trabajo/oferta-de-trabajo-de-chofer-en-barracas-BBACBF79D250806061373E686DCF3405 HTTP/1.1" 200 None
2026-09-27 15:34:15,802 DEBUG     GET https://ar.computrabajo.com/ofertas-de-trabajo/oferta-de-trabajo-de-chofer-en-barracas-BBACBF79D250806061373E686DCF3405 → HTTP 200 (159,051 chars)
2026-09-27 15:34:15,822 INFO     ┌─ SCRAPED JOB ─────────────────────────────────────────
    │ URL          : https://ar.computrabajo.com/ofertas-de-trabajo/oferta-de-trabajo-de-chofer-en-barracas-BBACBF79D250806061373E686DCF3405
    │ Title        : Chofer
    │ Company      : Ventola
    │ Location     : Barracas, Capital Federal
    │ Job type     : full-time
    │ Salary       : 1111111 ARS
    │ Industry     : Transporte
    │ Date posted  : 2026-08-10
    │ Deadline     : 2026-10-09
    │ External ID  : 967AC3B21CE8DF8B
    │ Description  : Creemos que las personas hacen la diferencia, por eso buscamos sumar Conductores comprometidos y con buena actitud, a un equipo que valora a su gente tanto como a sus pasajeros. -Requerimientos- Educa…
    └───────────────────────────────────────────────────────
2026-09-27 15:34:16,728 DEBUG https://argentina.mimusjobs.com:443 "GET /wp-json/wp/v2/companies?slug=ventola HTTP/1.1" 200 None
2026-09-27 15:34:16,728 INFO ⏭ Company exists: Ventola
2026-09-27 15:34:17,870 DEBUG https://argentina.mimusjobs.com:443 "GET /wp-json/wp/v2/job-listings?slug=chofer HTTP/1.1" 200 None
2026-09-27 15:34:17,870 INFO ⏭ Job already on WP: Chofer
2026-09-27 15:34:17,870 INFO ✅ SUCCESS — 'Chofer' → WP ID=11649 🔗 https://argentina.mimusjobs.com/job/chofer/
2026-09-27 15:34:18,872 INFO 📊 Running totals — posted: 119 | skipped: 1 | failed: 0
2026-09-27 15:34:18,872 INFO Fetching listing page 7: https://ar.computrabajo.com/empleos-en-capital-federal?p=7
2026-09-27 15:34:18,975 DEBUG https://ar.computrabajo.com:443 "GET /empleos-en-capital-federal?p=7 HTTP/1.1" 200 None
2026-09-27 15:34:18,980 DEBUG     GET https://ar.computrabajo.com/empleos-en-capital-federal?p=7 → HTTP 200 (332,865 chars)
2026-09-27 15:34:19,022 INFO Found 20 job URLs on page 7
2026-09-27 15:34:19,022 DEBUG     job 1: https://ar.computrabajo.com/ofertas-de-trabajo/oferta-de-trabajo-de-cocineroa-cocina-en-caballito-1671BFCF7CC43DD161373E686DCF3405
2026-09-27 15:34:19,022 DEBUG     job 2: https://ar.computrabajo.com/ofertas-de-trabajo/oferta-de-trabajo-de-ingeniero-especialista-en-estimaciones-en-puerto-madero-52AEC88D776EFCFB61373E686DCF3405
2026-09-27 15:34:19,022 DEBUG     job 3: https://ar.computrabajo.com/ofertas-de-trabajo/oferta-de-trabajo-de-cajeroa-vendedor-part-time-pet-shop-en-villa-pueyrredon-445A1454EE1844F761373E686DCF3405
2026-09-27 15:34:19,022 DEBUG     job 4: https://ar.computrabajo.com/ofertas-de-trabajo/oferta-de-trabajo-de-operadora-de-call-center-incorporacion-inmediata-jornada-part-time-en-san-nicolas-A633331234E1FB1161373E686DCF3405
2026-09-27 15:34:19,022 DEBUG     job 5: https://ar.computrabajo.com/ofertas-de-trabajo/oferta-de-trabajo-de-vendedora-comercial-en-caballito-1AE282A9C2C5D55C61373E686DCF3405
2026-09-27 15:34:19,022 DEBUG     job 6: https://ar.computrabajo.com/ofertas-de-trabajo/oferta-de-trabajo-de-cocinero-chef-turno-noche-ayudante-de-cocina-o-cocinero-en-palermo-995DC5C5D1719AEA61373E686DCF3405
2026-09-27 15:34:19,022 DEBUG     job 7: https://ar.computrabajo.com/ofertas-de-trabajo/oferta-de-trabajo-de-mercado-libre-operador-ecommerce-en-parque-patricios-BDAE4541EFB3D05461373E686DCF3405
2026-09-27 15:34:19,022 DEBUG     job 8: https://ar.computrabajo.com/ofertas-de-trabajo/oferta-de-trabajo-de-operario-para-industria-grafica-fabrica-de-fotolibros-en-chacarita-EF5BB01987E2227761373E686DCF3405
2026-09-27 15:34:19,022 DEBUG     job 9: https://ar.computrabajo.com/ofertas-de-trabajo/oferta-de-trabajo-de-telemarketing-ventas-turno-manana-part-time-en-monserrat-2DB804D056634B1361373E686DCF3405
2026-09-27 15:34:19,022 DEBUG     job 10: https://ar.computrabajo.com/ofertas-de-trabajo/oferta-de-trabajo-de-encargado-turno-noche-en-villa-crespo-EFDD4E3116F5571C61373E686DCF3405
2026-09-27 15:34:19,022 DEBUG     job 11: https://ar.computrabajo.com/ofertas-de-trabajo/oferta-de-trabajo-de-vendedorejecutivos-de-venta-con-experiencia-en-medicinaprivada-o-venta-de-seguros-turno-dis-en-san-nicolas-9402290BEFF9859861373E686DCF3405
2026-09-27 15:34:19,022 DEBUG     job 12: https://ar.computrabajo.com/ofertas-de-trabajo/oferta-de-trabajo-de-asesor-comercial-inmobiliario-hibrido-palermo-en-palermo-8C16FE4BDAC0349A61373E686DCF3405
2026-09-27 15:34:19,022 DEBUG     job 13: https://ar.computrabajo.com/ofertas-de-trabajo/oferta-de-trabajo-de-vendedores-de-pos-y-cuentas-pymes-monotributistas-monotributistas-en-san-nicolas-36084C8C93980E4C61373E686DCF3405
2026-09-27 15:34:19,022 DEBUG     job 14: https://ar.computrabajo.com/ofertas-de-trabajo/oferta-de-trabajo-de-chofer-con-licencia-e1-zona-nueva-pompeya-en-recoleta-CFDF5CC68CA36BEF61373E686DCF3405
2026-09-27 15:34:19,022 DEBUG     job 15: https://ar.computrabajo.com/ofertas-de-trabajo/oferta-de-trabajo-de-analista-contable-en-recoleta-DF2762C996CBC2B161373E686DCF3405
2026-09-27 15:34:19,022 DEBUG     job 16: https://ar.computrabajo.com/ofertas-de-trabajo/oferta-de-trabajo-de-chef-cocinero-fine-dining-en-recoleta-FE2579EAD6A4391C61373E686DCF3405
2026-09-27 15:34:19,022 DEBUG     job 17: https://ar.computrabajo.com/ofertas-de-trabajo/oferta-de-trabajo-de-asesora-de-atencion-al-cliente-y-ventas-con-o-sin-experiencia-en-san-nicolas-BB7AC181E6A010A761373E686DCF3405
2026-09-27 15:34:19,022 DEBUG     job 18: https://ar.computrabajo.com/ofertas-de-trabajo/oferta-de-trabajo-de-analista-de-tesoreria-en-villa-crespo-8AF5B37169FE750861373E686DCF3405
2026-09-27 15:34:19,022 DEBUG     job 19: https://ar.computrabajo.com/ofertas-de-trabajo/oferta-de-trabajo-de-chofer-de-distribucion-con-experiencia-al-volante-en-nunez-D4FA8134E101EF9B61373E686DCF3405
2026-09-27 15:34:19,022 DEBUG     job 20: https://ar.computrabajo.com/ofertas-de-trabajo/oferta-de-trabajo-de-jefae-de-pasteleria-para-central-de-produccion-de-mooi-en-villa-crespo-DF30CD9A3A64574861373E686DCF3405
2026-09-27 15:34:19,022 INFO ── https://ar.computrabajo.com/empleos-en-capital-federal | page 7 | job 1/20: https://ar.computrabajo.com/ofertas-de-trabajo/oferta-de-trabajo-de-cocineroa-cocina-en-caballito-1671BFCF7CC43DD161373E686DCF3405
2026-09-27 15:34:19,111 DEBUG https://ar.computrabajo.com:443 "GET /ofertas-de-trabajo/oferta-de-trabajo-de-cocineroa-cocina-en-caballito-1671BFCF7CC43DD161373E686DCF3405 HTTP/1.1" 200 None
2026-09-27 15:34:19,113 DEBUG     GET https://ar.computrabajo.com/ofertas-de-trabajo/oferta-de-trabajo-de-cocineroa-cocina-en-caballito-1671BFCF7CC43DD161373E686DCF3405 → HTTP 200 (158,534 chars)
2026-09-27 15:34:19,132 INFO     ┌─ SCRAPED JOB ─────────────────────────────────────────
    │ URL          : https://ar.computrabajo.com/ofertas-de-trabajo/oferta-de-trabajo-de-cocineroa-cocina-en-caballito-1671BFCF7CC43DD161373E686DCF3405
    │ Title        : cocinero/a - cocina
    │ Company      : Otero Cafe
    │ Location     : Caballito, Capital Federal
    │ Job type     : full-time
    │ Salary       : (not listed)
    │ Industry     : Hostelería / Turismo
    │ Date posted  : 2026-08-10
    │ Deadline     : 2026-10-09
    │ External ID  : 807DA788CFD31405
    │ Description  : Se requiere experiencia comprobable en cocina, Buena disposición para aprenderr. Rapidez y trabajo en equipo fundamental. Capacidad y resolucion para la preparación de alimentos, limpieza de utensilio…
    └───────────────────────────────────────────────────────
2026-09-27 15:34:19,839 DEBUG https://argentina.mimusjobs.com:443 "GET /wp-json/wp/v2/companies?slug=otero-cafe HTTP/1.1" 200 None
2026-09-27 15:34:19,840 INFO ⏭ Company exists: Otero Cafe
2026-09-27 15:34:20,532 DEBUG https://argentina.mimusjobs.com:443 "GET /wp-json/wp/v2/job-listings?slug=cocinero-a---cocina HTTP/1.1" 200 None
2026-09-27 15:34:20,533 INFO ⏭ Job already on WP: cocinero/a - cocina
2026-09-27 15:34:20,533 INFO ✅ SUCCESS — 'cocinero/a - cocina' → WP ID=22326 🔗 https://argentina.mimusjobs.com/job/cocinero-a-cocina/
2026-09-27 15:34:21,533 INFO ── https://ar.computrabajo.com/empleos-en-capital-federal | page 7 | job 2/20: https://ar.computrabajo.com/ofertas-de-trabajo/oferta-de-trabajo-de-ingeniero-especialista-en-estimaciones-en-puerto-madero-52AEC88D776EFCFB61373E686DCF3405
2026-09-27 15:34:21,622 DEBUG https://ar.computrabajo.com:443 "GET /ofertas-de-trabajo/oferta-de-trabajo-de-ingeniero-especialista-en-estimaciones-en-puerto-madero-52AEC88D776EFCFB61373E686DCF3405 HTTP/1.1" 200 None
2026-09-27 15:34:21,625 DEBUG     GET https://ar.computrabajo.com/ofertas-de-trabajo/oferta-de-trabajo-de-ingeniero-especialista-en-estimaciones-en-puerto-madero-52AEC88D776EFCFB61373E686DCF3405 → HTTP 200 (162,059 chars)
2026-09-27 15:34:21,644 INFO     ┌─ SCRAPED JOB ─────────────────────────────────────────
    │ URL          : https://ar.computrabajo.com/ofertas-de-trabajo/oferta-de-trabajo-de-ingeniero-especialista-en-estimaciones-en-puerto-madero-52AEC88D776EFCFB61373E686DCF3405
    │ Title        : Ingeniero especialista en estimaciones
    │ Company      : KIOSHI SA
    │ Location     : Puerto Madero, Capital Federal
    │ Job type     : full-time
    │ Salary       : (not listed)
    │ Industry     : Construcción / obras
    │ Date posted  : 2026-08-10
    │ Deadline     : 2026-10-09
    │ External ID  : E02AB2CA994D4870
    │ Description  : Nos encontramos en la búsqueda de un Presupuestista o especialista en Estimaciones de obras electromecánicas de estaciones transformadoras con experiencia en alta tensión, para desempeñarse en importa…
    └───────────────────────────────────────────────────────
2026-09-27 15:34:22,424 DEBUG https://argentina.mimusjobs.com:443 "GET /wp-json/wp/v2/companies?slug=kioshi-sa HTTP/1.1" 200 None
2026-09-27 15:34:22,425 INFO ⏭ Company exists: KIOSHI SA
2026-09-27 15:34:23,455 DEBUG https://argentina.mimusjobs.com:443 "GET /wp-json/wp/v2/job-listings?slug=ingeniero-especialista-en-estimaciones HTTP/1.1" 200 None
2026-09-27 15:34:23,456 INFO ⏭ Job already on WP: Ingeniero especialista en estimaciones
2026-09-27 15:34:23,456 INFO ✅ SUCCESS — 'Ingeniero especialista en estimaciones' → WP ID=22331 🔗 https://argentina.mimusjobs.com/job/ingeniero-especialista-en-estimaciones/
2026-09-27 15:34:24,456 INFO ── https://ar.computrabajo.com/empleos-en-capital-federal | page 7 | job 3/20: https://ar.computrabajo.com/ofertas-de-trabajo/oferta-de-trabajo-de-cajeroa-vendedor-part-time-pet-shop-en-villa-pueyrredon-445A1454EE1844F761373E686DCF3405
2026-09-27 15:34:24,542 DEBUG https://ar.computrabajo.com:443 "GET /ofertas-de-trabajo/oferta-de-trabajo-de-cajeroa-vendedor-part-time-pet-shop-en-villa-pueyrredon-445A1454EE1844F761373E686DCF3405 HTTP/1.1" 200 None
2026-09-27 15:34:24,545 DEBUG     GET https://ar.computrabajo.com/ofertas-de-trabajo/oferta-de-trabajo-de-cajeroa-vendedor-part-time-pet-shop-en-villa-pueyrredon-445A1454EE1844F761373E686DCF3405 → HTTP 200 (154,287 chars)
2026-09-27 15:34:24,562 WARNING No JobPosting JSON-LD found, using HTML fallback: https://ar.computrabajo.com/ofertas-de-trabajo/oferta-de-trabajo-de-cajeroa-vendedor-part-time-pet-shop-en-villa-pueyrredon-445A1454EE1844F761373E686DCF3405
2026-09-27 15:34:24,564 INFO     ┌─ SCRAPED JOB ─────────────────────────────────────────
    │ URL          : https://ar.computrabajo.com/ofertas-de-trabajo/oferta-de-trabajo-de-cajeroa-vendedor-part-time-pet-shop-en-villa-pueyrredon-445A1454EE1844F761373E686DCF3405
    │ Title        : cajero/a vendedor - part time Pet Shop
    │ Company      : Importante empresa del sector
    │ Location     : Villa Pueyrredón, Capital Federal
    │ Job type     : full-time
    │ Salary       : $ 600.000,00 (Mensual) ARS
    │ Industry     : (none)
    │ Date posted  : (unknown)
    │ Deadline     : (estimated: )
    │ External ID  : (none)
    │ Description  : Buscamos cajero/a vendedor para incorporarse de manera estable en nuestro establecimiento. Si tienes experiencia en atención al cliente y te gusta trabajar en un ambiente dinámico y de contacto contin…
    └───────────────────────────────────────────────────────
2026-09-27 15:34:25,272 DEBUG https://argentina.mimusjobs.com:443 "GET /wp-json/wp/v2/companies?slug=importante-empresa-del-sector HTTP/1.1" 200 None
2026-09-27 15:34:25,272 INFO ⏭ Company exists: Importante empresa del sector
2026-09-27 15:34:25,944 DEBUG https://argentina.mimusjobs.com:443 "GET /wp-json/wp/v2/job-listings?slug=cajero-a-vendedor---part-time-pet-shop HTTP/1.1" 200 None
2026-09-27 15:34:25,944 INFO ⏭ Job already on WP: cajero/a vendedor - part time Pet Shop
2026-09-27 15:34:25,945 INFO ✅ SUCCESS — 'cajero/a vendedor - part time Pet Shop' → WP ID=22332 🔗 https://argentina.mimusjobs.com/job/cajero-a-vendedor-part-time-pet-shop/
2026-09-27 15:34:26,945 INFO ── https://ar.computrabajo.com/empleos-en-capital-federal | page 7 | job 4/20: https://ar.computrabajo.com/ofertas-de-trabajo/oferta-de-trabajo-de-operadora-de-call-center-incorporacion-inmediata-jornada-part-time-en-san-nicolas-A633331234E1FB1161373E686DCF3405
2026-09-27 15:34:27,045 DEBUG https://ar.computrabajo.com:443 "GET /ofertas-de-trabajo/oferta-de-trabajo-de-operadora-de-call-center-incorporacion-inmediata-jornada-part-time-en-san-nicolas-A633331234E1FB1161373E686DCF3405 HTTP/1.1" 200 None
2026-09-27 15:34:27,049 DEBUG     GET https://ar.computrabajo.com/ofertas-de-trabajo/oferta-de-trabajo-de-operadora-de-call-center-incorporacion-inmediata-jornada-part-time-en-san-nicolas-A633331234E1FB1161373E686DCF3405 → HTTP 200 (167,394 chars)
2026-09-27 15:34:27,070 INFO     ┌─ SCRAPED JOB ─────────────────────────────────────────
    │ URL          : https://ar.computrabajo.com/ofertas-de-trabajo/oferta-de-trabajo-de-operadora-de-call-center-incorporacion-inmediata-jornada-part-time-en-san-nicolas-A633331234E1FB1161373E686DCF3405
    │ Title        : operador/a de call center - incorporación inmediata, jornada part time
    │ Company      : Estudio Arrechea Abogados
    │ Location     : San Nicolás, Capital Federal
    │ Job type     : temporary
    │ Salary       : 2222 ARS
    │ Industry     : Legal / Asesoría
    │ Date posted  : 2026-08-18
    │ Deadline     : 2026-10-17
    │ External ID  : 6AA6BA479135F60E
    │ Description  : OPERADOR/A DE CALL CENTER – CAPTACIÓN DE CLIENTES Estamos buscando personas con actitud, energía y perfil comercial para sumarse a nuestro equipo de Captación. Si te gusta comunicarte, te motivan los …
    └───────────────────────────────────────────────────────
2026-09-27 15:34:27,687 DEBUG https://argentina.mimusjobs.com:443 "GET /wp-json/wp/v2/companies?slug=estudio-arrechea-abogados HTTP/1.1" 200 None
2026-09-27 15:34:27,687 INFO ⏭ Company exists: Estudio Arrechea Abogados
2026-09-27 15:34:28,381 DEBUG https://argentina.mimusjobs.com:443 "GET /wp-json/wp/v2/job-listings?slug=operador-a-de-call-center---incorporaci-n-inmediata--jornada-part-time HTTP/1.1" 200 None
2026-09-27 15:34:28,393 DEBUG https://ii.ct-stc.com:443 "GET /5/logos/empresas/2022/12/22/ebba624f966940598c94200854935thumbnail.jpg HTTP/1.1" 200 5285
2026-09-27 15:34:29,306 DEBUG https://argentina.mimusjobs.com:443 "POST /wp-json/wp/v2/media HTTP/1.1" 201 None
2026-09-27 15:34:30,809 DEBUG https://argentina.mimusjobs.com:443 "POST /wp-json/wp/v2/job-listings HTTP/1.1" 201 None
2026-09-27 15:34:30,810 INFO ✅ Job posted: 'operador/a de call center - incorporación inmediata, jornada part time' → WP ID 35107
2026-09-27 15:34:30,810 INFO ✅ SUCCESS — 'operador/a de call center - incorporación inmediata, jornada part time' → WP ID=35107 🔗 https://argentina.mimusjobs.com/job/operador-a-de-call-center-incorporacion-inmediata-jornada-part-time-7/
2026-09-27 15:34:31,810 INFO ── https://ar.computrabajo.com/empleos-en-capital-federal | page 7 | job 5/20: https://ar.computrabajo.com/ofertas-de-trabajo/oferta-de-trabajo-de-vendedora-comercial-en-caballito-1AE282A9C2C5D55C61373E686DCF3405
2026-09-27 15:34:31,893 DEBUG https://ar.computrabajo.com:443 "GET /ofertas-de-trabajo/oferta-de-trabajo-de-vendedora-comercial-en-caballito-1AE282A9C2C5D55C61373E686DCF3405 HTTP/1.1" 200 None
2026-09-27 15:34:31,895 DEBUG     GET https://ar.computrabajo.com/ofertas-de-trabajo/oferta-de-trabajo-de-vendedora-comercial-en-caballito-1AE282A9C2C5D55C61373E686DCF3405 → HTTP 200 (159,099 chars)
2026-09-27 15:34:31,914 INFO     ┌─ SCRAPED JOB ─────────────────────────────────────────
    │ URL          : https://ar.computrabajo.com/ofertas-de-trabajo/oferta-de-trabajo-de-vendedora-comercial-en-caballito-1AE282A9C2C5D55C61373E686DCF3405
    │ Title        : Vendedora Comercial
    │ Company      : INDUSTRIAS INNOVA SA
    │ Location     : Caballito, Capital Federal
    │ Job type     : full-time
    │ Salary       : (not listed)
    │ Industry     : Venta al consumidor
    │ Date posted  : 2026-08-18
    │ Deadline     : 2026-10-17
    │ External ID  : E50CBDB33D89996C
    │ Description  : SUMATE A NUESTRO EQUIPO COMERCIAL EN INDUSTRIAS INNOVA! ¿Tenés actitud ganadora y te apasionan las ventas? Estamos buscando vendedoras con excelente presencia, con estudios terciarios o universitarios…
    └───────────────────────────────────────────────────────
2026-09-27 15:34:32,881 DEBUG https://argentina.mimusjobs.com:443 "GET /wp-json/wp/v2/companies?slug=industrias-innova-sa HTTP/1.1" 200 None
2026-09-27 15:34:32,881 INFO ⏭ Company exists: INDUSTRIAS INNOVA SA
2026-09-27 15:34:33,955 DEBUG https://argentina.mimusjobs.com:443 "GET /wp-json/wp/v2/job-listings?slug=vendedora-comercial HTTP/1.1" 200 None
2026-09-27 15:34:33,955 INFO ⏭ Job already on WP: Vendedora Comercial
2026-09-27 15:34:33,955 INFO ✅ SUCCESS — 'Vendedora Comercial' → WP ID=22321 🔗 https://argentina.mimusjobs.com/job/vendedora-comercial/
2026-09-27 15:34:34,955 INFO ── https://ar.computrabajo.com/empleos-en-capital-federal | page 7 | job 6/20: https://ar.computrabajo.com/ofertas-de-trabajo/oferta-de-trabajo-de-cocinero-chef-turno-noche-ayudante-de-cocina-o-cocinero-en-palermo-995DC5C5D1719AEA61373E686DCF3405
2026-09-27 15:34:35,028 DEBUG https://ar.computrabajo.com:443 "GET /ofertas-de-trabajo/oferta-de-trabajo-de-cocinero-chef-turno-noche-ayudante-de-cocina-o-cocinero-en-palermo-995DC5C5D1719AEA61373E686DCF3405 HTTP/1.1" 200 None
2026-09-27 15:34:35,031 DEBUG     GET https://ar.computrabajo.com/ofertas-de-trabajo/oferta-de-trabajo-de-cocinero-chef-turno-noche-ayudante-de-cocina-o-cocinero-en-palermo-995DC5C5D1719AEA61373E686DCF3405 → HTTP 200 (161,009 chars)
2026-09-27 15:34:35,049 INFO     ┌─ SCRAPED JOB ─────────────────────────────────────────
    │ URL          : https://ar.computrabajo.com/ofertas-de-trabajo/oferta-de-trabajo-de-cocinero-chef-turno-noche-ayudante-de-cocina-o-cocinero-en-palermo-995DC5C5D1719AEA61373E686DCF3405
    │ Title        : cocinero chef - Turno noche , ayudante de cocina o cocinero
    │ Company      : San guchero
    │ Location     : Palermo, Capital Federal
    │ Job type     : temporary
    │ Salary       : 2000 ARS
    │ Industry     : Venta al consumidor
    │ Date posted  : 2026-09-03
    │ Deadline     : 2026-11-02
    │ External ID  : 7D475A5C4D3FB6B0
    │ Description  : En San Guchero nos encontramos en la búsqueda de Ayudantes de Cocina para sumar a los equipos de nuestras sucursales de Palermo, Recoleta, San Telmo y Las Cañitas. ¿A quién buscamos? Buscamos personas…
    └───────────────────────────────────────────────────────
2026-09-27 15:34:36,297 DEBUG https://argentina.mimusjobs.com:443 "GET /wp-json/wp/v2/companies?slug=san-guchero HTTP/1.1" 200 None
2026-09-27 15:34:36,297 INFO ⏭ Company exists: San guchero
2026-09-27 15:34:37,086 DEBUG https://argentina.mimusjobs.com:443 "GET /wp-json/wp/v2/job-listings?slug=cocinero-chef---turno-noche---ayudante-de-cocina-o-cocinero HTTP/1.1" 200 None
2026-09-27 15:34:37,087 INFO ⏭ Job already on WP: cocinero chef - Turno noche , ayudante de cocina o cocinero
2026-09-27 15:34:37,087 INFO ✅ SUCCESS — 'cocinero chef - Turno noche , ayudante de cocina o cocinero' → WP ID=22315 🔗 https://argentina.mimusjobs.com/job/cocinero-chef-turno-noche-ayudante-de-cocina-o-cocinero/
2026-09-27 15:34:38,087 INFO ── https://ar.computrabajo.com/empleos-en-capital-federal | page 7 | job 7/20: https://ar.computrabajo.com/ofertas-de-trabajo/oferta-de-trabajo-de-mercado-libre-operador-ecommerce-en-parque-patricios-BDAE4541EFB3D05461373E686DCF3405
2026-09-27 15:34:38,143 DEBUG https://ar.computrabajo.com:443 "GET /ofertas-de-trabajo/oferta-de-trabajo-de-mercado-libre-operador-ecommerce-en-parque-patricios-BDAE4541EFB3D05461373E686DCF3405 HTTP/1.1" 200 None
2026-09-27 15:34:38,145 DEBUG     GET https://ar.computrabajo.com/ofertas-de-trabajo/oferta-de-trabajo-de-mercado-libre-operador-ecommerce-en-parque-patricios-BDAE4541EFB3D05461373E686DCF3405 → HTTP 200 (152,086 chars)
2026-09-27 15:34:38,188 WARNING No JobPosting JSON-LD found, using HTML fallback: https://ar.computrabajo.com/ofertas-de-trabajo/oferta-de-trabajo-de-mercado-libre-operador-ecommerce-en-parque-patricios-BDAE4541EFB3D05461373E686DCF3405
2026-09-27 15:34:38,190 INFO     ┌─ SCRAPED JOB ─────────────────────────────────────────
    │ URL          : https://ar.computrabajo.com/ofertas-de-trabajo/oferta-de-trabajo-de-mercado-libre-operador-ecommerce-en-parque-patricios-BDAE4541EFB3D05461373E686DCF3405
    │ Title        : Mercado Libre Operador ecommerce
    │ Company      : Importante empresa del sector
    │ Location     : Parque Patricios, Capital Federal
    │ Job type     : full-time
    │ Salary       : $ 1.500.000,00 (Mensual) ARS
    │ Industry     : (none)
    │ Date posted  : (unknown)
    │ Deadline     : (estimated: )
    │ External ID  : (none)
    │ Description  : Empresa de e-commerce ubicada en Nueva Pompeya, dedicada a la venta de productos de ferretería y sanitarios, busca incorporar un/a Operador/a de Mercado Libre para sumarse a su equipo. Buscamos una pe…
    └───────────────────────────────────────────────────────
2026-09-27 15:34:39,202 DEBUG https://argentina.mimusjobs.com:443 "GET /wp-json/wp/v2/companies?slug=importante-empresa-del-sector HTTP/1.1" 200 None
2026-09-27 15:34:39,202 INFO ⏭ Company exists: Importante empresa del sector
2026-09-27 15:34:40,006 DEBUG https://argentina.mimusjobs.com:443 "GET /wp-json/wp/v2/job-listings?slug=mercado-libre-operador-ecommerce HTTP/1.1" 200 None
2026-09-27 15:34:40,007 INFO ⏭ Job already on WP: Mercado Libre Operador ecommerce
2026-09-27 15:34:40,007 INFO ✅ SUCCESS — 'Mercado Libre Operador ecommerce' → WP ID=22286 🔗 https://argentina.mimusjobs.com/job/mercado-libre-operador-ecommerce/
2026-09-27 15:34:41,007 INFO ── https://ar.computrabajo.com/empleos-en-capital-federal | page 7 | job 8/20: https://ar.computrabajo.com/ofertas-de-trabajo/oferta-de-trabajo-de-operario-para-industria-grafica-fabrica-de-fotolibros-en-chacarita-EF5BB01987E2227761373E686DCF3405
2026-09-27 15:34:41,099 DEBUG https://ar.computrabajo.com:443 "GET /ofertas-de-trabajo/oferta-de-trabajo-de-operario-para-industria-grafica-fabrica-de-fotolibros-en-chacarita-EF5BB01987E2227761373E686DCF3405 HTTP/1.1" 200 None
2026-09-27 15:34:41,102 DEBUG     GET https://ar.computrabajo.com/ofertas-de-trabajo/oferta-de-trabajo-de-operario-para-industria-grafica-fabrica-de-fotolibros-en-chacarita-EF5BB01987E2227761373E686DCF3405 → HTTP 200 (159,240 chars)
2026-09-27 15:34:41,121 INFO     ┌─ SCRAPED JOB ─────────────────────────────────────────
    │ URL          : https://ar.computrabajo.com/ofertas-de-trabajo/oferta-de-trabajo-de-operario-para-industria-grafica-fabrica-de-fotolibros-en-chacarita-EF5BB01987E2227761373E686DCF3405
    │ Title        : Operario para Industria Grafica - (Fabrica de Fotolibros)
    │ Company      : QCM SOCIEDAD ANONIMA
    │ Location     : Chacarita, Capital Federal
    │ Job type     : full-time
    │ Salary       : 1500000 ARS
    │ Industry     : Fabricación
    │ Date posted  : 2026-09-11
    │ Deadline     : 2026-11-10
    │ External ID  : 7A6E90C82DCE5FCB
    │ Description  : Buscamos para puesto de Operario en nuestra planta en CABA, un colaborador con muchas ganas de trabajar y aprender. Responsable, detallista y con actitud para trabajo en equipo. Algunas de las tareas …
    └───────────────────────────────────────────────────────
2026-09-27 15:34:41,863 DEBUG https://argentina.mimusjobs.com:443 "GET /wp-json/wp/v2/companies?slug=qcm-sociedad-anonima HTTP/1.1" 200 None
2026-09-27 15:34:41,863 INFO ⏭ Company exists: QCM SOCIEDAD ANONIMA
2026-09-27 15:34:42,587 DEBUG https://argentina.mimusjobs.com:443 "GET /wp-json/wp/v2/job-listings?slug=operario-para-industria-grafica----fabrica-de-fotolibros- HTTP/1.1" 200 None
2026-09-27 15:34:42,587 INFO ⏭ Job already on WP: Operario para Industria Grafica - (Fabrica de Fotolibros)
2026-09-27 15:34:42,587 INFO ✅ SUCCESS — 'Operario para Industria Grafica - (Fabrica de Fotolibros)' → WP ID=22296 🔗 https://argentina.mimusjobs.com/job/operario-para-industria-grafica-fabrica-de-fotolibros/
2026-09-27 15:34:43,588 INFO ── https://ar.computrabajo.com/empleos-en-capital-federal | page 7 | job 9/20: https://ar.computrabajo.com/ofertas-de-trabajo/oferta-de-trabajo-de-telemarketing-ventas-turno-manana-part-time-en-monserrat-2DB804D056634B1361373E686DCF3405
2026-09-27 15:34:43,665 DEBUG https://ar.computrabajo.com:443 "GET /ofertas-de-trabajo/oferta-de-trabajo-de-telemarketing-ventas-turno-manana-part-time-en-monserrat-2DB804D056634B1361373E686DCF3405 HTTP/1.1" 200 None
2026-09-27 15:34:43,667 DEBUG     GET https://ar.computrabajo.com/ofertas-de-trabajo/oferta-de-trabajo-de-telemarketing-ventas-turno-manana-part-time-en-monserrat-2DB804D056634B1361373E686DCF3405 → HTTP 200 (152,876 chars)
2026-09-27 15:34:43,684 WARNING No JobPosting JSON-LD found, using HTML fallback: https://ar.computrabajo.com/ofertas-de-trabajo/oferta-de-trabajo-de-telemarketing-ventas-turno-manana-part-time-en-monserrat-2DB804D056634B1361373E686DCF3405
2026-09-27 15:34:43,685 INFO     ┌─ SCRAPED JOB ─────────────────────────────────────────
    │ URL          : https://ar.computrabajo.com/ofertas-de-trabajo/oferta-de-trabajo-de-telemarketing-ventas-turno-manana-part-time-en-monserrat-2DB804D056634B1361373E686DCF3405
    │ Title        : telemarketing ventas - Turno Mañana Part Time
    │ Company      : Importante empresa del sector
    │ Location     : Monserrat, Capital Federal
    │ Job type     : full-time
    │ Salary       : $ 511.000,00 (Mensual) + Comisiones ARS
    │ Industry     : (none)
    │ Date posted  : (unknown)
    │ Deadline     : (estimated: )
    │ External ID  : (none)
    │ Description  : Somos una empresa en expansión dedicada a la comercialización de servicios virtuales y estamos en la búsqueda de nuevos talentos para sumarse a nuestro equipo de ventas en nuestra sede de CABA (a metr…
    └───────────────────────────────────────────────────────
2026-09-27 15:34:44,646 DEBUG https://argentina.mimusjobs.com:443 "GET /wp-json/wp/v2/companies?slug=importante-empresa-del-sector HTTP/1.1" 200 None
2026-09-27 15:34:44,646 INFO ⏭ Company exists: Importante empresa del sector
2026-09-27 15:34:45,252 DEBUG https://argentina.mimusjobs.com:443 "GET /wp-json/wp/v2/job-listings?slug=telemarketing-ventas---turno-ma-ana-part-time HTTP/1.1" 200 None
2026-09-27 15:34:46,755 DEBUG https://argentina.mimusjobs.com:443 "POST /wp-json/wp/v2/job-listings HTTP/1.1" 201 None
2026-09-27 15:34:46,755 INFO ✅ Job posted: 'telemarketing ventas - Turno Mañana Part Time' → WP ID 35108
2026-09-27 15:34:46,755 INFO ✅ SUCCESS — 'telemarketing ventas - Turno Mañana Part Time' → WP ID=35108 🔗 https://argentina.mimusjobs.com/job/telemarketing-ventas-turno-manana-part-time-6/
2026-09-27 15:34:47,755 INFO ── https://ar.computrabajo.com/empleos-en-capital-federal | page 7 | job 10/20: https://ar.computrabajo.com/ofertas-de-trabajo/oferta-de-trabajo-de-encargado-turno-noche-en-villa-crespo-EFDD4E3116F5571C61373E686DCF3405
2026-09-27 15:34:47,825 DEBUG https://ar.computrabajo.com:443 "GET /ofertas-de-trabajo/oferta-de-trabajo-de-encargado-turno-noche-en-villa-crespo-EFDD4E3116F5571C61373E686DCF3405 HTTP/1.1" 200 None
2026-09-27 15:34:47,828 DEBUG     GET https://ar.computrabajo.com/ofertas-de-trabajo/oferta-de-trabajo-de-encargado-turno-noche-en-villa-crespo-EFDD4E3116F5571C61373E686DCF3405 → HTTP 200 (158,541 chars)
2026-09-27 15:34:47,847 INFO     ┌─ SCRAPED JOB ─────────────────────────────────────────
    │ URL          : https://ar.computrabajo.com/ofertas-de-trabajo/oferta-de-trabajo-de-encargado-turno-noche-en-villa-crespo-EFDD4E3116F5571C61373E686DCF3405
    │ Title        : Encargado - Turno noche
    │ Company      : Chebonche
    │ Location     : Villa Crespo, Capital Federal
    │ Job type     : full-time
    │ Salary       : 1200000 ARS
    │ Industry     : Venta al consumidor
    │ Date posted  : 2026-08-10
    │ Deadline     : 2026-10-09
    │ External ID  : BBD3552B00317441
    │ Description  : Zona: Villa Crespo (CABA) Turno: Noche Puesto: Encargado/a de Local Responsabilidades: - Supervisar equipo y coordinar operaciones. - Asegurar atención al cliente y resolver conflictos. - Manejo de ca…
    └───────────────────────────────────────────────────────
2026-09-27 15:34:48,773 DEBUG https://argentina.mimusjobs.com:443 "GET /wp-json/wp/v2/companies?slug=chebonche HTTP/1.1" 200 None
2026-09-27 15:34:48,773 INFO ⏭ Company exists: Chebonche
2026-09-27 15:34:49,365 DEBUG https://argentina.mimusjobs.com:443 "GET /wp-json/wp/v2/job-listings?slug=encargado---turno-noche HTTP/1.1" 200 None
2026-09-27 15:34:49,365 INFO ⏭ Job already on WP: Encargado - Turno noche
2026-09-27 15:34:49,365 INFO ✅ SUCCESS — 'Encargado - Turno noche' → WP ID=22352 🔗 https://argentina.mimusjobs.com/job/encargado-turno-noche/
2026-09-27 15:34:50,365 INFO ── https://ar.computrabajo.com/empleos-en-capital-federal | page 7 | job 11/20: https://ar.computrabajo.com/ofertas-de-trabajo/oferta-de-trabajo-de-vendedorejecutivos-de-venta-con-experiencia-en-medicinaprivada-o-venta-de-seguros-turno-dis-en-san-nicolas-9402290BEFF9859861373E686DCF3405
2026-09-27 15:34:50,426 DEBUG https://ar.computrabajo.com:443 "GET /ofertas-de-trabajo/oferta-de-trabajo-de-vendedorejecutivos-de-venta-con-experiencia-en-medicinaprivada-o-venta-de-seguros-turno-dis-en-san-nicolas-9402290BEFF9859861373E686DCF3405 HTTP/1.1" 200 None
2026-09-27 15:34:50,429 DEBUG     GET https://ar.computrabajo.com/ofertas-de-trabajo/oferta-de-trabajo-de-vendedorejecutivos-de-venta-con-experiencia-en-medicinaprivada-o-venta-de-seguros-turno-dis-en-san-nicolas-9402290BEFF9859861373E686DCF3405 → HTTP 200 (165,457 chars)
2026-09-27 15:34:50,449 INFO     ┌─ SCRAPED JOB ─────────────────────────────────────────
    │ URL          : https://ar.computrabajo.com/ofertas-de-trabajo/oferta-de-trabajo-de-vendedorejecutivos-de-venta-con-experiencia-en-medicinaprivada-o-venta-de-seguros-turno-dis-en-san-nicolas-9402290BEFF9859861373E686DCF3405
    │ Title        : Vendedor/Ejecutivos de Venta con experiencia en MedicinaPrivada o Venta de Seguros - Turno dís
    │ Company      : Sarrible & Asociados
    │ Location     : San Nicolás, Capital Federal
    │ Job type     : full-time
    │ Salary       : (not listed)
    │ Industry     : RRHH / Personal
    │ Date posted  : 2026-08-10
    │ Deadline     : 2026-10-09
    │ External ID  : 5547BB2EEB1ED540
    │ Description  : Para nuestro cliente que es un Broker líder en Argentina en comercialización de distitas opciones de servicios de Medicina Privada, se encuentra fortaleciendo su equipo comercial. Opcionalmente con me…
    └───────────────────────────────────────────────────────
2026-09-27 15:34:51,620 DEBUG https://argentina.mimusjobs.com:443 "GET /wp-json/wp/v2/companies?slug=sarrible---asociados HTTP/1.1" 200 None
2026-09-27 15:34:51,621 INFO ⏭ Company exists: Sarrible & Asociados
2026-09-27 15:34:52,375 DEBUG https://argentina.mimusjobs.com:443 "GET /wp-json/wp/v2/job-listings?slug=vendedor-ejecutivos-de-venta-con-experiencia-en-medicinaprivada-o-venta-de-segur HTTP/1.1" 200 None
2026-09-27 15:34:53,690 DEBUG https://argentina.mimusjobs.com:443 "POST /wp-json/wp/v2/job-listings HTTP/1.1" 201 None
2026-09-27 15:34:53,690 INFO ✅ Job posted: 'Vendedor/Ejecutivos de Venta con experiencia en MedicinaPrivada o Venta de Seguros - Turno dís' → WP ID 35109
2026-09-27 15:34:53,690 INFO ✅ SUCCESS — 'Vendedor/Ejecutivos de Venta con experiencia en MedicinaPrivada o Venta de Seguros - Turno dís' → WP ID=35109 🔗 https://argentina.mimusjobs.com/job/vendedor-ejecutivos-de-venta-con-experiencia-en-medicinaprivada-o-venta-de-seguros-turno-dis-6/
2026-09-27 15:34:54,690 INFO ── https://ar.computrabajo.com/empleos-en-capital-federal | page 7 | job 12/20: https://ar.computrabajo.com/ofertas-de-trabajo/oferta-de-trabajo-de-asesor-comercial-inmobiliario-hibrido-palermo-en-palermo-8C16FE4BDAC0349A61373E686DCF3405
2026-09-27 15:34:54,795 DEBUG https://ar.computrabajo.com:443 "GET /ofertas-de-trabajo/oferta-de-trabajo-de-asesor-comercial-inmobiliario-hibrido-palermo-en-palermo-8C16FE4BDAC0349A61373E686DCF3405 HTTP/1.1" 200 None
2026-09-27 15:34:54,798 DEBUG     GET https://ar.computrabajo.com/ofertas-de-trabajo/oferta-de-trabajo-de-asesor-comercial-inmobiliario-hibrido-palermo-en-palermo-8C16FE4BDAC0349A61373E686DCF3405 → HTTP 200 (171,412 chars)
2026-09-27 15:34:54,818 INFO     ┌─ SCRAPED JOB ─────────────────────────────────────────
    │ URL          : https://ar.computrabajo.com/ofertas-de-trabajo/oferta-de-trabajo-de-asesor-comercial-inmobiliario-hibrido-palermo-en-palermo-8C16FE4BDAC0349A61373E686DCF3405
    │ Title        : Asesor Comercial Inmobiliario - Híbrido Palermo
    │ Company      : Century 21 Belgrano
    │ Location     : Palermo, Capital Federal
    │ Job type     : temporary
    │ Salary       : (not listed)
    │ Industry     : Venta al consumidor
    │ Date posted  : 2026-08-18
    │ Deadline     : 2026-10-17
    │ External ID  : D488157950798E30
    │ Description  : ASESOR COMERCIAL INMOBILIARIO CENTURY 21 BELGRANO
CENTURY 21 Belgrano se encuentra en la búsqueda de personas con perfil comercial interesadas en desarrollarse profesionalmente dentro del sector inmob…
    └───────────────────────────────────────────────────────
2026-09-27 15:34:56,138 DEBUG https://argentina.mimusjobs.com:443 "GET /wp-json/wp/v2/companies?slug=century-21-belgrano HTTP/1.1" 200 None
2026-09-27 15:34:56,139 INFO ⏭ Company exists: Century 21 Belgrano
2026-09-27 15:34:56,746 DEBUG https://argentina.mimusjobs.com:443 "GET /wp-json/wp/v2/job-listings?slug=asesor-comercial-inmobiliario---h-brido-palermo HTTP/1.1" 200 None
2026-09-27 15:34:56,758 DEBUG https://ii.ct-stc.com:443 "GET /5/logos/empresas/2025/09/15//century21belgrano124631thumbnail.jpeg HTTP/1.1" 200 19799
2026-09-27 15:34:57,794 DEBUG https://argentina.mimusjobs.com:443 "POST /wp-json/wp/v2/media HTTP/1.1" 201 None
2026-09-27 15:34:58,672 DEBUG https://argentina.mimusjobs.com:443 "POST /wp-json/wp/v2/job-listings HTTP/1.1" 201 None
2026-09-27 15:34:58,673 INFO ✅ Job posted: 'Asesor Comercial Inmobiliario - Híbrido Palermo' → WP ID 35111
2026-09-27 15:34:58,673 INFO ✅ SUCCESS — 'Asesor Comercial Inmobiliario - Híbrido Palermo' → WP ID=35111 🔗 https://argentina.mimusjobs.com/job/asesor-comercial-inmobiliario-hibrido-palermo-6/
2026-09-27 15:34:59,673 INFO ── https://ar.computrabajo.com/empleos-en-capital-federal | page 7 | job 13/20: https://ar.computrabajo.com/ofertas-de-trabajo/oferta-de-trabajo-de-vendedores-de-pos-y-cuentas-pymes-monotributistas-monotributistas-en-san-nicolas-36084C8C93980E4C61373E686DCF3405
2026-09-27 15:34:59,766 DEBUG https://ar.computrabajo.com:443 "GET /ofertas-de-trabajo/oferta-de-trabajo-de-vendedores-de-pos-y-cuentas-pymes-monotributistas-monotributistas-en-san-nicolas-36084C8C93980E4C61373E686DCF3405 HTTP/1.1" 200 None
2026-09-27 15:34:59,769 DEBUG     GET https://ar.computrabajo.com/ofertas-de-trabajo/oferta-de-trabajo-de-vendedores-de-pos-y-cuentas-pymes-monotributistas-monotributistas-en-san-nicolas-36084C8C93980E4C61373E686DCF3405 → HTTP 200 (162,336 chars)
2026-09-27 15:34:59,789 INFO     ┌─ SCRAPED JOB ─────────────────────────────────────────
    │ URL          : https://ar.computrabajo.com/ofertas-de-trabajo/oferta-de-trabajo-de-vendedores-de-pos-y-cuentas-pymes-monotributistas-monotributistas-en-san-nicolas-36084C8C93980E4C61373E686DCF3405
    │ Title        : Vendedores de pos y cuentas pymes (Monotributistas) - Monotributistas
    │ Company      : SERVICIOS FINANCIEROS INTELETGROUP LIMITADA
    │ Location     : San Nicolás, Capital Federal
    │ Job type     : part-time
    │ Salary       : (not listed)
    │ Industry     : Servicios Profesionales
    │ Date posted  : 2026-08-26
    │ Deadline     : 2026-10-25
    │ External ID  : B9B9A0BF38B02245
    │ Description  : ¿Te apasionan las ventas y querés llevar tus ingresos al siguiente nivel? Esta es tu oportunidad.
Buscamos vendedores monotributistas para productos financieros.
Te ofrecemos pago sobre el mercado
Ges…
    └───────────────────────────────────────────────────────
2026-09-27 15:35:00,522 DEBUG https://argentina.mimusjobs.com:443 "GET /wp-json/wp/v2/companies?slug=servicios-financieros-inteletgroup-limitada HTTP/1.1" 200 None
2026-09-27 15:35:00,522 INFO ⏭ Company exists: SERVICIOS FINANCIEROS INTELETGROUP LIMITADA
2026-09-27 15:35:01,552 DEBUG https://argentina.mimusjobs.com:443 "GET /wp-json/wp/v2/job-listings?slug=vendedores-de-pos-y-cuentas-pymes--monotributistas----monotributistas HTTP/1.1" 200 None
2026-09-27 15:35:01,552 INFO ⏭ Job already on WP: Vendedores de pos y cuentas pymes (Monotributistas) - Monotributistas
2026-09-27 15:35:01,552 INFO ✅ SUCCESS — 'Vendedores de pos y cuentas pymes (Monotributistas) - Monotributistas' → WP ID=22310 🔗 https://argentina.mimusjobs.com/job/vendedores-de-pos-y-cuentas-pymes-monotributistas-monotributistas/
2026-09-27 15:35:02,552 INFO ── https://ar.computrabajo.com/empleos-en-capital-federal | page 7 | job 14/20: https://ar.computrabajo.com/ofertas-de-trabajo/oferta-de-trabajo-de-chofer-con-licencia-e1-zona-nueva-pompeya-en-recoleta-CFDF5CC68CA36BEF61373E686DCF3405
2026-09-27 15:35:02,651 DEBUG https://ar.computrabajo.com:443 "GET /ofertas-de-trabajo/oferta-de-trabajo-de-chofer-con-licencia-e1-zona-nueva-pompeya-en-recoleta-CFDF5CC68CA36BEF61373E686DCF3405 HTTP/1.1" 200 None
2026-09-27 15:35:02,653 DEBUG     GET https://ar.computrabajo.com/ofertas-de-trabajo/oferta-de-trabajo-de-chofer-con-licencia-e1-zona-nueva-pompeya-en-recoleta-CFDF5CC68CA36BEF61373E686DCF3405 → HTTP 200 (157,704 chars)
2026-09-27 15:35:02,672 INFO     ┌─ SCRAPED JOB ─────────────────────────────────────────
    │ URL          : https://ar.computrabajo.com/ofertas-de-trabajo/oferta-de-trabajo-de-chofer-con-licencia-e1-zona-nueva-pompeya-en-recoleta-CFDF5CC68CA36BEF61373E686DCF3405
    │ Title        : Chofer con Licencia E1 - Zona Nueva Pompeya
    │ Company      : ILQUOTIDIANO S.R.L.
    │ Location     : Recoleta, Capital Federal
    │ Job type     : full-time
    │ Salary       : 11111 ARS
    │ Industry     : Hostelería / Turismo
    │ Date posted  : 2026-09-03
    │ Deadline     : 2026-11-02
    │ External ID  : 410805707C162DE6
    │ Description  : Chofer de Reparto
Sumate a nuestro equipo
Nos encontramos en la búsqueda de un Chofer de Reparto para incorporarse a nuestro equipo de Logística. Buscamos una persona responsable, organizada y comprom…
    └───────────────────────────────────────────────────────
2026-09-27 15:35:03,621 DEBUG https://argentina.mimusjobs.com:443 "GET /wp-json/wp/v2/companies?slug=ilquotidiano-s-r-l- HTTP/1.1" 200 None
2026-09-27 15:35:03,621 INFO ⏭ Company exists: ILQUOTIDIANO S.R.L.
2026-09-27 15:35:04,420 DEBUG https://argentina.mimusjobs.com:443 "GET /wp-json/wp/v2/job-listings?slug=chofer-con-licencia-e1---zona-nueva-pompeya HTTP/1.1" 200 None
2026-09-27 15:35:04,421 INFO ⏭ Job already on WP: Chofer con Licencia E1 - Zona Nueva Pompeya
2026-09-27 15:35:04,421 INFO ✅ SUCCESS — 'Chofer con Licencia E1 - Zona Nueva Pompeya' → WP ID=22345 🔗 https://argentina.mimusjobs.com/job/chofer-con-licencia-e1-zona-nueva-pompeya/
2026-09-27 15:35:05,421 INFO ── https://ar.computrabajo.com/empleos-en-capital-federal | page 7 | job 15/20: https://ar.computrabajo.com/ofertas-de-trabajo/oferta-de-trabajo-de-analista-contable-en-recoleta-DF2762C996CBC2B161373E686DCF3405
2026-09-27 15:35:05,479 DEBUG https://ar.computrabajo.com:443 "GET /ofertas-de-trabajo/oferta-de-trabajo-de-analista-contable-en-recoleta-DF2762C996CBC2B161373E686DCF3405 HTTP/1.1" 200 None
2026-09-27 15:35:05,481 DEBUG     GET https://ar.computrabajo.com/ofertas-de-trabajo/oferta-de-trabajo-de-analista-contable-en-recoleta-DF2762C996CBC2B161373E686DCF3405 → HTTP 200 (151,938 chars)
2026-09-27 15:35:05,498 WARNING No JobPosting JSON-LD found, using HTML fallback: https://ar.computrabajo.com/ofertas-de-trabajo/oferta-de-trabajo-de-analista-contable-en-recoleta-DF2762C996CBC2B161373E686DCF3405
2026-09-27 15:35:05,499 INFO     ┌─ SCRAPED JOB ─────────────────────────────────────────
    │ URL          : https://ar.computrabajo.com/ofertas-de-trabajo/oferta-de-trabajo-de-analista-contable-en-recoleta-DF2762C996CBC2B161373E686DCF3405
    │ Title        : Analista Contable
    │ Company      : Importante empresa del sector
    │ Location     : Recoleta, Capital Federal
    │ Job type     : full-time
    │ Salary       : A convenir ARS
    │ Industry     : (none)
    │ Date posted  : (unknown)
    │ Deadline     : (estimated: )
    │ External ID  : (none)
    │ Description  : La posición tiene como objetivo colaborar con el sector de Contabilidad, participando en tareas de carga y control de asientos contables, seguimiento y cruce de cuentas, procesamiento de documentación…
    └───────────────────────────────────────────────────────
2026-09-27 15:35:06,318 DEBUG https://argentina.mimusjobs.com:443 "GET /wp-json/wp/v2/companies?slug=importante-empresa-del-sector HTTP/1.1" 200 None
2026-09-27 15:35:06,319 INFO ⏭ Company exists: Importante empresa del sector
2026-09-27 15:35:07,452 DEBUG https://argentina.mimusjobs.com:443 "GET /wp-json/wp/v2/job-listings?slug=analista-contable HTTP/1.1" 200 None
2026-09-27 15:35:07,452 INFO ⏭ Job already on WP: Analista Contable
2026-09-27 15:35:07,452 INFO ✅ SUCCESS — 'Analista Contable' → WP ID=4490 🔗 https://argentina.mimusjobs.com/job/analista-contable/
2026-09-27 15:35:08,452 INFO ── https://ar.computrabajo.com/empleos-en-capital-federal | page 7 | job 16/20: https://ar.computrabajo.com/ofertas-de-trabajo/oferta-de-trabajo-de-chef-cocinero-fine-dining-en-recoleta-FE2579EAD6A4391C61373E686DCF3405
2026-09-27 15:35:08,544 DEBUG https://ar.computrabajo.com:443 "GET /ofertas-de-trabajo/oferta-de-trabajo-de-chef-cocinero-fine-dining-en-recoleta-FE2579EAD6A4391C61373E686DCF3405 HTTP/1.1" 200 None
2026-09-27 15:35:08,547 DEBUG     GET https://ar.computrabajo.com/ofertas-de-trabajo/oferta-de-trabajo-de-chef-cocinero-fine-dining-en-recoleta-FE2579EAD6A4391C61373E686DCF3405 → HTTP 200 (162,777 chars)
2026-09-27 15:35:08,567 INFO     ┌─ SCRAPED JOB ─────────────────────────────────────────
    │ URL          : https://ar.computrabajo.com/ofertas-de-trabajo/oferta-de-trabajo-de-chef-cocinero-fine-dining-en-recoleta-FE2579EAD6A4391C61373E686DCF3405
    │ Title        : chef cocinero - Fine Dining
    │ Company      : ARAMBURU RESTO
    │ Location     : Recoleta, Capital Federal
    │ Job type     : full-time
    │ Salary       : (not listed)
    │ Industry     : Hostelería / Turismo
    │ Date posted  : 2026-09-11
    │ Deadline     : 2026-11-10
    │ External ID  : 165401DF86990198
    │ Description  : -BUSCAMOS A LOS MEJORES- Buscamos profesionales que quieran trabajar en un entorno donde la excelencia, la técnica y la precisión son parte de cada servicio. Esta búsqueda forma parte de una convocato…
    └───────────────────────────────────────────────────────
2026-09-27 15:35:09,331 DEBUG https://argentina.mimusjobs.com:443 "GET /wp-json/wp/v2/companies?slug=aramburu-resto HTTP/1.1" 200 None
2026-09-27 15:35:09,332 INFO ⏭ Company exists: ARAMBURU RESTO
2026-09-27 15:35:10,213 DEBUG https://argentina.mimusjobs.com:443 "GET /wp-json/wp/v2/job-listings?slug=chef-cocinero---fine-dining HTTP/1.1" 200 None
2026-09-27 15:35:10,213 INFO ⏭ Job already on WP: chef cocinero - Fine Dining
2026-09-27 15:35:10,214 INFO ✅ SUCCESS — 'chef cocinero - Fine Dining' → WP ID=22308 🔗 https://argentina.mimusjobs.com/job/chef-cocinero-fine-dining/
2026-09-27 15:35:11,214 INFO ── https://ar.computrabajo.com/empleos-en-capital-federal | page 7 | job 17/20: https://ar.computrabajo.com/ofertas-de-trabajo/oferta-de-trabajo-de-asesora-de-atencion-al-cliente-y-ventas-con-o-sin-experiencia-en-san-nicolas-BB7AC181E6A010A761373E686DCF3405
2026-09-27 15:35:11,307 DEBUG https://ar.computrabajo.com:443 "GET /ofertas-de-trabajo/oferta-de-trabajo-de-asesora-de-atencion-al-cliente-y-ventas-con-o-sin-experiencia-en-san-nicolas-BB7AC181E6A010A761373E686DCF3405 HTTP/1.1" 200 None
2026-09-27 15:35:11,310 DEBUG     GET https://ar.computrabajo.com/ofertas-de-trabajo/oferta-de-trabajo-de-asesora-de-atencion-al-cliente-y-ventas-con-o-sin-experiencia-en-san-nicolas-BB7AC181E6A010A761373E686DCF3405 → HTTP 200 (164,509 chars)
2026-09-27 15:35:11,330 INFO     ┌─ SCRAPED JOB ─────────────────────────────────────────
    │ URL          : https://ar.computrabajo.com/ofertas-de-trabajo/oferta-de-trabajo-de-asesora-de-atencion-al-cliente-y-ventas-con-o-sin-experiencia-en-san-nicolas-BB7AC181E6A010A761373E686DCF3405
    │ Title        : Asesor/a de atención al cliente y ventas - CON o SIN experiencia
    │ Company      : AGE AUTOMOBILE S.R.L.
    │ Location     : San Nicolás, Capital Federal
    │ Job type     : full-time
    │ Salary       : (not listed)
    │ Industry     : Venta al consumidor
    │ Date posted  : 2026-08-18
    │ Deadline     : 2026-10-17
    │ External ID  : 1CFD961BB2672069
    │ Description  : Vendedores Comerciales – Rubro Automotriz (marca FIAT / VOLKSWAGEN / PEUGEOT) Nos encontramos en la búsqueda de vendedores para incorporarse a nuestro equipo comercial en el rubro automotriz. Ofrecemo…
    └───────────────────────────────────────────────────────
2026-09-27 15:35:12,807 DEBUG https://argentina.mimusjobs.com:443 "GET /wp-json/wp/v2/companies?slug=age-automobile-s-r-l- HTTP/1.1" 200 None
2026-09-27 15:35:12,807 INFO ⏭ Company exists: AGE AUTOMOBILE S.R.L.
2026-09-27 15:35:13,798 DEBUG https://argentina.mimusjobs.com:443 "GET /wp-json/wp/v2/job-listings?slug=asesor-a-de-atenci-n-al-cliente-y-ventas---con-o-sin-experiencia HTTP/1.1" 200 None
2026-09-27 15:35:16,328 DEBUG https://argentina.mimusjobs.com:443 "POST /wp-json/wp/v2/job-listings HTTP/1.1" 201 None
2026-09-27 15:35:16,329 INFO ✅ Job posted: 'Asesor/a de atención al cliente y ventas - CON o SIN experiencia' → WP ID 35112
2026-09-27 15:35:16,330 INFO ✅ SUCCESS — 'Asesor/a de atención al cliente y ventas - CON o SIN experiencia' → WP ID=35112 🔗 https://argentina.mimusjobs.com/job/asesor-a-de-atencion-al-cliente-y-ventas-con-o-sin-experiencia-7/
2026-09-27 15:35:17,330 INFO ── https://ar.computrabajo.com/empleos-en-capital-federal | page 7 | job 18/20: https://ar.computrabajo.com/ofertas-de-trabajo/oferta-de-trabajo-de-analista-de-tesoreria-en-villa-crespo-8AF5B37169FE750861373E686DCF3405
2026-09-27 15:35:17,389 DEBUG https://ar.computrabajo.com:443 "GET /ofertas-de-trabajo/oferta-de-trabajo-de-analista-de-tesoreria-en-villa-crespo-8AF5B37169FE750861373E686DCF3405 HTTP/1.1" 200 None
2026-09-27 15:35:17,391 DEBUG     GET https://ar.computrabajo.com/ofertas-de-trabajo/oferta-de-trabajo-de-analista-de-tesoreria-en-villa-crespo-8AF5B37169FE750861373E686DCF3405 → HTTP 200 (155,983 chars)
2026-09-27 15:35:17,410 WARNING No JobPosting JSON-LD found, using HTML fallback: https://ar.computrabajo.com/ofertas-de-trabajo/oferta-de-trabajo-de-analista-de-tesoreria-en-villa-crespo-8AF5B37169FE750861373E686DCF3405
2026-09-27 15:35:17,411 INFO     ┌─ SCRAPED JOB ─────────────────────────────────────────
    │ URL          : https://ar.computrabajo.com/ofertas-de-trabajo/oferta-de-trabajo-de-analista-de-tesoreria-en-villa-crespo-8AF5B37169FE750861373E686DCF3405
    │ Title        : analista de tesorería
    │ Company      : Importante empresa del sector
    │ Location     : Villa Crespo, Capital Federal
    │ Job type     : full-time
    │ Salary       : A convenir ARS
    │ Industry     : (none)
    │ Date posted  : (unknown)
    │ Deadline     : (estimated: )
    │ External ID  : (none)
    │ Description  : Empresa líder en reparación y mantenimiento integral de vehículos, estamos en la búsqueda de un Analista de Tesorería para incorporarse a nuestro equipo de Administración y Finanzas. Buscamos una pers…
    └───────────────────────────────────────────────────────
2026-09-27 15:35:18,514 DEBUG https://argentina.mimusjobs.com:443 "GET /wp-json/wp/v2/companies?slug=importante-empresa-del-sector HTTP/1.1" 200 None
2026-09-27 15:35:18,514 INFO ⏭ Company exists: Importante empresa del sector
2026-09-27 15:35:19,391 DEBUG https://argentina.mimusjobs.com:443 "GET /wp-json/wp/v2/job-listings?slug=analista-de-tesorer-a HTTP/1.1" 200 None
2026-09-27 15:35:21,044 DEBUG https://argentina.mimusjobs.com:443 "POST /wp-json/wp/v2/job-listings HTTP/1.1" 201 None
2026-09-27 15:35:21,044 INFO ✅ Job posted: 'analista de tesorería' → WP ID 35113
2026-09-27 15:35:21,044 INFO ✅ SUCCESS — 'analista de tesorería' → WP ID=35113 🔗 https://argentina.mimusjobs.com/job/analista-de-tesoreria-9/
2026-09-27 15:35:22,044 INFO ── https://ar.computrabajo.com/empleos-en-capital-federal | page 7 | job 19/20: https://ar.computrabajo.com/ofertas-de-trabajo/oferta-de-trabajo-de-chofer-de-distribucion-con-experiencia-al-volante-en-nunez-D4FA8134E101EF9B61373E686DCF3405
2026-09-27 15:35:22,135 DEBUG https://ar.computrabajo.com:443 "GET /ofertas-de-trabajo/oferta-de-trabajo-de-chofer-de-distribucion-con-experiencia-al-volante-en-nunez-D4FA8134E101EF9B61373E686DCF3405 HTTP/1.1" 200 None
2026-09-27 15:35:22,138 DEBUG     GET https://ar.computrabajo.com/ofertas-de-trabajo/oferta-de-trabajo-de-chofer-de-distribucion-con-experiencia-al-volante-en-nunez-D4FA8134E101EF9B61373E686DCF3405 → HTTP 200 (160,000 chars)
2026-09-27 15:35:22,157 INFO     ┌─ SCRAPED JOB ─────────────────────────────────────────
    │ URL          : https://ar.computrabajo.com/ofertas-de-trabajo/oferta-de-trabajo-de-chofer-de-distribucion-con-experiencia-al-volante-en-nunez-D4FA8134E101EF9B61373E686DCF3405
    │ Title        : chófer de distribución - con experiencia al volante
    │ Company      : HAPPYEGGS
    │ Location     : Núñez, Capital Federal
    │ Job type     : full-time
    │ Salary       : 1079000 ARS
    │ Industry     : Venta al consumidor
    │ Date posted  : 2026-09-03
    │ Deadline     : 2026-11-02
    │ External ID  : 060A2727E73D36F5
    │ Description  : SE REQUIERE UNA PERSONA PARA CHOFER DE REPARTO. EL TRABAJO ES EN CABA. ES NECESARIO TENER EXPERIENCIA MANEJANDO VEHÍCULO. ASIMISMO ES NECESARIO TENER BUENA PREDISPOSICIÓN.-Requerimientos- Educación mí…
    └───────────────────────────────────────────────────────
2026-09-27 15:35:23,017 DEBUG https://argentina.mimusjobs.com:443 "GET /wp-json/wp/v2/companies?slug=happyeggs HTTP/1.1" 200 None
2026-09-27 15:35:23,017 INFO ⏭ Company exists: HAPPYEGGS
2026-09-27 15:35:23,834 DEBUG https://argentina.mimusjobs.com:443 "GET /wp-json/wp/v2/job-listings?slug=ch-fer-de-distribuci-n---con-experiencia-al-volante HTTP/1.1" 200 None
2026-09-27 15:35:25,331 DEBUG https://argentina.mimusjobs.com:443 "POST /wp-json/wp/v2/job-listings HTTP/1.1" 201 None
2026-09-27 15:35:25,331 INFO ✅ Job posted: 'chófer de distribución - con experiencia al volante' → WP ID 35114
2026-09-27 15:35:25,331 INFO ✅ SUCCESS — 'chófer de distribución - con experiencia al volante' → WP ID=35114 🔗 https://argentina.mimusjobs.com/job/chofer-de-distribucion-con-experiencia-al-volante-5/
2026-09-27 15:35:26,331 INFO ── https://ar.computrabajo.com/empleos-en-capital-federal | page 7 | job 20/20: https://ar.computrabajo.com/ofertas-de-trabajo/oferta-de-trabajo-de-jefae-de-pasteleria-para-central-de-produccion-de-mooi-en-villa-crespo-DF30CD9A3A64574861373E686DCF3405
2026-09-27 15:35:26,428 DEBUG https://ar.computrabajo.com:443 "GET /ofertas-de-trabajo/oferta-de-trabajo-de-jefae-de-pasteleria-para-central-de-produccion-de-mooi-en-villa-crespo-DF30CD9A3A64574861373E686DCF3405 HTTP/1.1" 200 None
2026-09-27 15:35:26,431 DEBUG     GET https://ar.computrabajo.com/ofertas-de-trabajo/oferta-de-trabajo-de-jefae-de-pasteleria-para-central-de-produccion-de-mooi-en-villa-crespo-DF30CD9A3A64574861373E686DCF3405 → HTTP 200 (158,765 chars)
2026-09-27 15:35:26,450 INFO     ┌─ SCRAPED JOB ─────────────────────────────────────────
    │ URL          : https://ar.computrabajo.com/ofertas-de-trabajo/oferta-de-trabajo-de-jefae-de-pasteleria-para-central-de-produccion-de-mooi-en-villa-crespo-DF30CD9A3A64574861373E686DCF3405
    │ Title        : Jefa/e de pastelería para central de producción de MÖOI
    │ Company      : MOOI
    │ Location     : Villa Crespo, Capital Federal
    │ Job type     : full-time
    │ Salary       : (not listed)
    │ Industry     : Hostelería / Turismo
    │ Date posted  : 2026-09-11
    │ Deadline     : 2026-11-10
    │ External ID  : 3DC513DD9D79A2A7
    │ Description  : Estamos buscando una Jefa/e de pastelería para nuestra central de producción ubicada en Villa Crespo, a metros de Juan B Justo y Corrientes.
MÖOI es un concepto innovador, elaboramos pastelería artesa…
    └───────────────────────────────────────────────────────
2026-09-27 15:35:27,580 DEBUG https://argentina.mimusjobs.com:443 "GET /wp-json/wp/v2/companies?slug=mooi HTTP/1.1" 200 None
2026-09-27 15:35:27,580 INFO ⏭ Company exists: MOOI
2026-09-27 15:35:28,741 DEBUG https://argentina.mimusjobs.com:443 "GET /wp-json/wp/v2/job-listings?slug=jefa-e-de-pasteler-a-para-central-de-producci-n-de-m-oi HTTP/1.1" 200 None
2026-09-27 15:35:30,537 DEBUG https://argentina.mimusjobs.com:443 "POST /wp-json/wp/v2/job-listings HTTP/1.1" 201 None
2026-09-27 15:35:30,537 INFO ✅ Job posted: 'Jefa/e de pastelería para central de producción de MÖOI' → WP ID 35115
2026-09-27 15:35:30,537 INFO ✅ SUCCESS — 'Jefa/e de pastelería para central de producción de MÖOI' → WP ID=35115 🔗 https://argentina.mimusjobs.com/job/jefa-e-de-pasteleria-para-central-de-produccion-de-mooi-5/
2026-09-27 15:35:31,539 INFO 📊 Running totals — posted: 139 | skipped: 1 | failed: 0
2026-09-27 15:35:31,539 INFO Fetching listing page 8: https://ar.computrabajo.com/empleos-en-capital-federal?p=8
2026-09-27 15:35:31,669 DEBUG https://ar.computrabajo.com:443 "GET /empleos-en-capital-federal?p=8 HTTP/1.1" 200 None
2026-09-27 15:35:31,673 DEBUG     GET https://ar.computrabajo.com/empleos-en-capital-federal?p=8 → HTTP 200 (330,697 chars)
2026-09-27 15:35:31,716 INFO Found 20 job URLs on page 8
2026-09-27 15:35:31,716 DEBUG     job 1: https://ar.computrabajo.com/ofertas-de-trabajo/oferta-de-trabajo-de-kinesiologoa-a-domicilio-en-caba-en-recoleta-EC1CC7A9B628A56161373E686DCF3405
2026-09-27 15:35:31,716 DEBUG     job 2: https://ar.computrabajo.com/ofertas-de-trabajo/oferta-de-trabajo-de-analista-de-marketing-junior-en-villa-ortuzar-DFEBE08D7123A3A961373E686DCF3405
2026-09-27 15:35:31,716 DEBUG     job 3: https://ar.computrabajo.com/ofertas-de-trabajo/oferta-de-trabajo-de-especialista-en-electricidad-automotriz-linea-ford-vicente-lopez-en-belgrano-B519B2C7F33BCF6761373E686DCF3405
2026-09-27 15:35:31,716 DEBUG     job 4: https://ar.computrabajo.com/ofertas-de-trabajo/oferta-de-trabajo-de-contadora-publico-para-empresa-de-soluciones-tecnologicas-en-parque-patricios-AEA21EDFE171D51261373E686DCF3405
2026-09-27 15:35:31,716 DEBUG     job 5: https://ar.computrabajo.com/ofertas-de-trabajo/oferta-de-trabajo-de-asistente-adm-ofi-tecnica-para-gestion-adm-de-mantenimientos-en-boedo-4432BEC2186AFCFB61373E686DCF3405
2026-09-27 15:35:31,716 DEBUG     job 6: https://ar.computrabajo.com/ofertas-de-trabajo/oferta-de-trabajo-de-pasteleroa-en-palermo-133D3BAFABB0E74161373E686DCF3405
2026-09-27 15:35:31,716 DEBUG     job 7: https://ar.computrabajo.com/ofertas-de-trabajo/oferta-de-trabajo-de-empleadoa-de-comercio-con-experiencia-en-mercado-libre-en-balvanera-9C498C912C8BDA2F61373E686DCF3405
2026-09-27 15:35:31,716 DEBUG     job 8: https://ar.computrabajo.com/ofertas-de-trabajo/oferta-de-trabajo-de-operador-call-center-turno-tarde-en-monserrat-349D3C4307DFA4CC61373E686DCF3405
2026-09-27 15:35:31,716 DEBUG     job 9: https://ar.computrabajo.com/ofertas-de-trabajo/oferta-de-trabajo-de-operario-de-deposito-y-expedicion-en-villa-del-parque-D5D5529505602C5061373E686DCF3405
2026-09-27 15:35:31,716 DEBUG     job 10: https://ar.computrabajo.com/ofertas-de-trabajo/oferta-de-trabajo-de-administrativo-contable-en-buenos-aires-directia-travel-argentina-en-san-nicolas-0EC113613952044761373E686DCF3405
2026-09-27 15:35:31,716 DEBUG     job 11: https://ar.computrabajo.com/ofertas-de-trabajo/oferta-de-trabajo-de-kinesiologia-fono-to-internacion-domiciliaria-zona-norte-en-palermo-F940633F5E07485461373E686DCF3405
2026-09-27 15:35:31,716 DEBUG     job 12: https://ar.computrabajo.com/ofertas-de-trabajo/oferta-de-trabajo-de-tecnico-de-tendido-y-empalme-de-fibra-optica-con-experiencia-en-constitucion-3E1115EC0A05DE5A61373E686DCF3405
2026-09-27 15:35:31,716 DEBUG     job 13: https://ar.computrabajo.com/ofertas-de-trabajo/oferta-de-trabajo-de-analista-administrativo-jr-en-agronomia-D5631D1B8954FAFF61373E686DCF3405
2026-09-27 15:35:31,716 DEBUG     job 14: https://ar.computrabajo.com/ofertas-de-trabajo/oferta-de-trabajo-de-oportunidad-de-crecimiento-y-desarrollo-comercial-18-a-35-anos-formacion-desde-cero-en-san-nicolas-A40D84D423F8104361373E686DCF3405
2026-09-27 15:35:31,716 DEBUG     job 15: https://ar.computrabajo.com/ofertas-de-trabajo/oferta-de-trabajo-de-vendedor-en-san-cristobal-97BA3B24ABA0C39961373E686DCF3405
2026-09-27 15:35:31,716 DEBUG     job 16: https://ar.computrabajo.com/ofertas-de-trabajo/oferta-de-trabajo-de-vendedora-con-experiencia-en-palermo-A6B7C2387FFE7D8761373E686DCF3405
2026-09-27 15:35:31,716 DEBUG     job 17: https://ar.computrabajo.com/ofertas-de-trabajo/oferta-de-trabajo-de-ejecutivo-de-ventas-en-villa-urquiza-4A0BF5471ACA04C361373E686DCF3405
2026-09-27 15:35:31,716 DEBUG     job 18: https://ar.computrabajo.com/ofertas-de-trabajo/oferta-de-trabajo-de-generacion-de-demanda-lead-generator-en-parque-patricios-D81A3382DA1BA41961373E686DCF3405
2026-09-27 15:35:31,716 DEBUG     job 19: https://ar.computrabajo.com/ofertas-de-trabajo/oferta-de-trabajo-de-tecnico-relevo-multidisciplinario-nocturnodiurno-en-saavedra-26C464BFF9FC4CB361373E686DCF3405
2026-09-27 15:35:31,716 DEBUG     job 20: https://ar.computrabajo.com/ofertas-de-trabajo/oferta-de-trabajo-de-enfermerasos-profesionales-para-cuidados-paliativos-ingreso-inmediato-en-san-nicolas-E72E130BC689292561373E686DCF3405
2026-09-27 15:35:31,716 INFO ── https://ar.computrabajo.com/empleos-en-capital-federal | page 8 | job 1/20: https://ar.computrabajo.com/ofertas-de-trabajo/oferta-de-trabajo-de-kinesiologoa-a-domicilio-en-caba-en-recoleta-EC1CC7A9B628A56161373E686DCF3405
2026-09-27 15:35:31,815 DEBUG https://ar.computrabajo.com:443 "GET /ofertas-de-trabajo/oferta-de-trabajo-de-kinesiologoa-a-domicilio-en-caba-en-recoleta-EC1CC7A9B628A56161373E686DCF3405 HTTP/1.1" 200 None
2026-09-27 15:35:31,818 DEBUG     GET https://ar.computrabajo.com/ofertas-de-trabajo/oferta-de-trabajo-de-kinesiologoa-a-domicilio-en-caba-en-recoleta-EC1CC7A9B628A56161373E686DCF3405 → HTTP 200 (169,418 chars)
2026-09-27 15:35:31,862 INFO     ┌─ SCRAPED JOB ─────────────────────────────────────────
    │ URL          : https://ar.computrabajo.com/ofertas-de-trabajo/oferta-de-trabajo-de-kinesiologoa-a-domicilio-en-caba-en-recoleta-EC1CC7A9B628A56161373E686DCF3405
    │ Title        : Kinesiólogo/a - a Domicilio en CABA
    │ Company      : Integrar Cuidados srl
    │ Location     : Recoleta, Capital Federal
    │ Job type     : temporary
    │ Salary       : 40000 ARS
    │ Industry     : Salud / Medicina
    │ Date posted  : 2026-08-18
    │ Deadline     : 2026-10-17
    │ External ID  : 2C72B4E7BC4A3B4F
    │ Description  : INTEGRAR CUIDADOS SRL es una Empresa de Internación Medica y Cuidados Domiciliarios que reside en CABA desde hace 5 años y hoy se encuentra en búsqueda de Lic en Kinesiología para atención y rehabilit…
    └───────────────────────────────────────────────────────
2026-09-27 15:35:32,537 DEBUG https://argentina.mimusjobs.com:443 "GET /wp-json/wp/v2/companies?slug=integrar-cuidados-srl HTTP/1.1" 200 None
2026-09-27 15:35:32,537 INFO ⏭ Company exists: Integrar Cuidados srl
2026-09-27 15:35:33,228 DEBUG https://argentina.mimusjobs.com:443 "GET /wp-json/wp/v2/job-listings?slug=kinesi-logo-a---a-domicilio-en-caba HTTP/1.1" 200 None
2026-09-27 15:35:33,249 DEBUG https://ii.ct-stc.com:443 "GET /5/logos/empresas/2022/05/01/9874e3aee8aa4032887b191454497thumbnail.jpg HTTP/1.1" 200 2919
2026-09-27 15:35:34,158 DEBUG https://argentina.mimusjobs.com:443 "POST /wp-json/wp/v2/media HTTP/1.1" 201 None
2026-09-27 15:35:35,512 DEBUG https://argentina.mimusjobs.com:443 "POST /wp-json/wp/v2/job-listings HTTP/1.1" 201 None
2026-09-27 15:35:35,512 INFO ✅ Job posted: 'Kinesiólogo/a - a Domicilio en CABA' → WP ID 35117
2026-09-27 15:35:35,512 INFO ✅ SUCCESS — 'Kinesiólogo/a - a Domicilio en CABA' → WP ID=35117 🔗 https://argentina.mimusjobs.com/job/kinesiologo-a-a-domicilio-en-caba-4/
2026-09-27 15:35:36,512 INFO ── https://ar.computrabajo.com/empleos-en-capital-federal | page 8 | job 2/20: https://ar.computrabajo.com/ofertas-de-trabajo/oferta-de-trabajo-de-analista-de-marketing-junior-en-villa-ortuzar-DFEBE08D7123A3A961373E686DCF3405
2026-09-27 15:35:36,570 DEBUG https://ar.computrabajo.com:443 "GET /ofertas-de-trabajo/oferta-de-trabajo-de-analista-de-marketing-junior-en-villa-ortuzar-DFEBE08D7123A3A961373E686DCF3405 HTTP/1.1" 200 None
2026-09-27 15:35:36,573 DEBUG     GET https://ar.computrabajo.com/ofertas-de-trabajo/oferta-de-trabajo-de-analista-de-marketing-junior-en-villa-ortuzar-DFEBE08D7123A3A961373E686DCF3405 → HTTP 200 (151,660 chars)
2026-09-27 15:35:36,590 WARNING No JobPosting JSON-LD found, using HTML fallback: https://ar.computrabajo.com/ofertas-de-trabajo/oferta-de-trabajo-de-analista-de-marketing-junior-en-villa-ortuzar-DFEBE08D7123A3A961373E686DCF3405
2026-09-27 15:35:36,591 INFO     ┌─ SCRAPED JOB ─────────────────────────────────────────
    │ URL          : https://ar.computrabajo.com/ofertas-de-trabajo/oferta-de-trabajo-de-analista-de-marketing-junior-en-villa-ortuzar-DFEBE08D7123A3A961373E686DCF3405
    │ Title        : Analista de Marketing Junior
    │ Company      : Importante empresa del sector
    │ Location     : Villa Ortúzar, Capital Federal
    │ Job type     : full-time
    │ Salary       : A convenir ARS
    │ Industry     : (none)
    │ Date posted  : (unknown)
    │ Deadline     : (estimated: )
    │ External ID  : (none)
    │ Description  : Analista de Marketing Junior
En Crudda seguimos creciendo y buscamos sumar una persona de Marketing Junior que nos ayude a potenciar nuestra marca y acompañar su crecimiento.
Buscamos un perfil recibi…
    └───────────────────────────────────────────────────────
2026-09-27 15:35:38,262 DEBUG https://argentina.mimusjobs.com:443 "GET /wp-json/wp/v2/companies?slug=importante-empresa-del-sector HTTP/1.1" 200 None
2026-09-27 15:35:38,262 INFO ⏭ Company exists: Importante empresa del sector
2026-09-27 15:35:39,381 DEBUG https://argentina.mimusjobs.com:443 "GET /wp-json/wp/v2/job-listings?slug=analista-de-marketing-junior HTTP/1.1" 200 None
2026-09-27 15:35:39,381 INFO ⏭ Job already on WP: Analista de Marketing Junior
2026-09-27 15:35:39,381 INFO ✅ SUCCESS — 'Analista de Marketing Junior' → WP ID=22341 🔗 https://argentina.mimusjobs.com/job/analista-de-marketing-junior/
2026-09-27 15:35:40,381 INFO ── https://ar.computrabajo.com/empleos-en-capital-federal | page 8 | job 3/20: https://ar.computrabajo.com/ofertas-de-trabajo/oferta-de-trabajo-de-especialista-en-electricidad-automotriz-linea-ford-vicente-lopez-en-belgrano-B519B2C7F33BCF6761373E686DCF3405
2026-09-27 15:35:40,469 DEBUG https://ar.computrabajo.com:443 "GET /ofertas-de-trabajo/oferta-de-trabajo-de-especialista-en-electricidad-automotriz-linea-ford-vicente-lopez-en-belgrano-B519B2C7F33BCF6761373E686DCF3405 HTTP/1.1" 200 None
2026-09-27 15:35:40,472 DEBUG     GET https://ar.computrabajo.com/ofertas-de-trabajo/oferta-de-trabajo-de-especialista-en-electricidad-automotriz-linea-ford-vicente-lopez-en-belgrano-B519B2C7F33BCF6761373E686DCF3405 → HTTP 200 (172,627 chars)
2026-09-27 15:35:40,491 INFO     ┌─ SCRAPED JOB ─────────────────────────────────────────
    │ URL          : https://ar.computrabajo.com/ofertas-de-trabajo/oferta-de-trabajo-de-especialista-en-electricidad-automotriz-linea-ford-vicente-lopez-en-belgrano-B519B2C7F33BCF6761373E686DCF3405
    │ Title        : Especialista en Electricidad Automotriz (Línea Ford) - Vicente Lopez
    │ Company      : Link Solution
    │ Location     : Belgrano, Capital Federal
    │ Job type     : full-time
    │ Salary       : (not listed)
    │ Industry     : Informática / Software
    │ Date posted  : 2026-09-03
    │ Deadline     : 2026-11-02
    │ External ID  : 1E3D4AC86EB596B4
    │ Description  : Especialista en Electricidad Automotriz (Línea Ford) · Linksolution S.R.L importante empresa del sector IT y soluciones de negocio se encuentra en la búsqueda de un Especialista en Electricidad Automo…
    └───────────────────────────────────────────────────────
2026-09-27 15:35:41,321 DEBUG https://argentina.mimusjobs.com:443 "GET /wp-json/wp/v2/companies?slug=link-solution HTTP/1.1" 200 None
2026-09-27 15:35:41,321 INFO ⏭ Company exists: Link Solution
2026-09-27 15:35:42,538 DEBUG https://argentina.mimusjobs.com:443 "GET /wp-json/wp/v2/job-listings?slug=especialista-en-electricidad-automotriz--l-nea-ford----vicente-lopez HTTP/1.1" 200 None
2026-09-27 15:35:42,550 DEBUG https://ii.ct-stc.com:443 "GET /5/logos/empresas/2022/09/12/390120b215a74c24b036212604893thumbnail.png HTTP/1.1" 200 3560
2026-09-27 15:35:43,760 DEBUG https://argentina.mimusjobs.com:443 "POST /wp-json/wp/v2/media HTTP/1.1" 201 None
2026-09-27 15:35:45,750 DEBUG https://argentina.mimusjobs.com:443 "POST /wp-json/wp/v2/job-listings HTTP/1.1" 201 None
2026-09-27 15:35:45,750 INFO ✅ Job posted: 'Especialista en Electricidad Automotriz (Línea Ford) - Vicente Lopez' → WP ID 35119
2026-09-27 15:35:45,750 INFO ✅ SUCCESS — 'Especialista en Electricidad Automotriz (Línea Ford) - Vicente Lopez' → WP ID=35119 🔗 https://argentina.mimusjobs.com/job/especialista-en-electricidad-automotriz-linea-ford-vicente-lopez-5/
2026-09-27 15:35:46,750 INFO ── https://ar.computrabajo.com/empleos-en-capital-federal | page 8 | job 4/20: https://ar.computrabajo.com/ofertas-de-trabajo/oferta-de-trabajo-de-contadora-publico-para-empresa-de-soluciones-tecnologicas-en-parque-patricios-AEA21EDFE171D51261373E686DCF3405
2026-09-27 15:35:46,830 DEBUG https://ar.computrabajo.com:443 "GET /ofertas-de-trabajo/oferta-de-trabajo-de-contadora-publico-para-empresa-de-soluciones-tecnologicas-en-parque-patricios-AEA21EDFE171D51261373E686DCF3405 HTTP/1.1" 200 None
2026-09-27 15:35:46,833 DEBUG     GET https://ar.computrabajo.com/ofertas-de-trabajo/oferta-de-trabajo-de-contadora-publico-para-empresa-de-soluciones-tecnologicas-en-parque-patricios-AEA21EDFE171D51261373E686DCF3405 → HTTP 200 (161,452 chars)
2026-09-27 15:35:46,853 INFO     ┌─ SCRAPED JOB ─────────────────────────────────────────
    │ URL          : https://ar.computrabajo.com/ofertas-de-trabajo/oferta-de-trabajo-de-contadora-publico-para-empresa-de-soluciones-tecnologicas-en-parque-patricios-AEA21EDFE171D51261373E686DCF3405
    │ Title        : Contador/a Público para Empresa de Soluciones Tecnológicas
    │ Company      : In.Corporate
    │ Location     : Parque Patricios, Capital Federal
    │ Job type     : full-time
    │ Salary       : (not listed)
    │ Industry     : RRHH / Personal
    │ Date posted  : 2026-08-03
    │ Deadline     : 2026-10-02
    │ External ID  : E7A2D878321B34D4
    │ Description  : En In.Corporate, estamos en la búsqueda de un Contador/a Público para ocupar el puesto de Analista Contable para una Importante Empresa de Soluciones Tecnológicas, ubicada en Parque Patricios, Polo Te…
    └───────────────────────────────────────────────────────
2026-09-27 15:35:47,806 DEBUG https://argentina.mimusjobs.com:443 "GET /wp-json/wp/v2/companies?slug=in-corporate HTTP/1.1" 200 None
2026-09-27 15:35:47,806 INFO ⏭ Company exists: In.Corporate
2026-09-27 15:35:48,844 DEBUG https://argentina.mimusjobs.com:443 "GET /wp-json/wp/v2/job-listings?slug=contador-a-p-blico-para-empresa-de-soluciones-tecnol-gicas HTTP/1.1" 200 None
2026-09-27 15:35:48,856 DEBUG https://ii.ct-stc.com:443 "GET /5/logos/empresas/2021/11/18//in.corporate192855thumbnail.jpeg HTTP/1.1" 200 5375
2026-09-27 15:35:50,252 DEBUG https://argentina.mimusjobs.com:443 "POST /wp-json/wp/v2/media HTTP/1.1" 201 None
2026-09-27 15:35:51,532 DEBUG https://argentina.mimusjobs.com:443 "POST /wp-json/wp/v2/job-listings HTTP/1.1" 201 None
2026-09-27 15:35:51,533 INFO ✅ Job posted: 'Contador/a Público para Empresa de Soluciones Tecnológicas' → WP ID 35121
2026-09-27 15:35:51,533 INFO ✅ SUCCESS — 'Contador/a Público para Empresa de Soluciones Tecnológicas' → WP ID=35121 🔗 https://argentina.mimusjobs.com/job/contador-a-publico-para-empresa-de-soluciones-tecnologicas-5/
2026-09-27 15:35:52,533 INFO ── https://ar.computrabajo.com/empleos-en-capital-federal | page 8 | job 5/20: https://ar.computrabajo.com/ofertas-de-trabajo/oferta-de-trabajo-de-asistente-adm-ofi-tecnica-para-gestion-adm-de-mantenimientos-en-boedo-4432BEC2186AFCFB61373E686DCF3405
2026-09-27 15:35:52,608 DEBUG https://ar.computrabajo.com:443 "GET /ofertas-de-trabajo/oferta-de-trabajo-de-asistente-adm-ofi-tecnica-para-gestion-adm-de-mantenimientos-en-boedo-4432BEC2186AFCFB61373E686DCF3405 HTTP/1.1" 200 None
2026-09-27 15:35:52,611 DEBUG     GET https://ar.computrabajo.com/ofertas-de-trabajo/oferta-de-trabajo-de-asistente-adm-ofi-tecnica-para-gestion-adm-de-mantenimientos-en-boedo-4432BEC2186AFCFB61373E686DCF3405 → HTTP 200 (152,393 chars)
2026-09-27 15:35:52,629 WARNING No JobPosting JSON-LD found, using HTML fallback: https://ar.computrabajo.com/ofertas-de-trabajo/oferta-de-trabajo-de-asistente-adm-ofi-tecnica-para-gestion-adm-de-mantenimientos-en-boedo-4432BEC2186AFCFB61373E686DCF3405
2026-09-27 15:35:52,630 INFO     ┌─ SCRAPED JOB ─────────────────────────────────────────
    │ URL          : https://ar.computrabajo.com/ofertas-de-trabajo/oferta-de-trabajo-de-asistente-adm-ofi-tecnica-para-gestion-adm-de-mantenimientos-en-boedo-4432BEC2186AFCFB61373E686DCF3405
    │ Title        : Asistente Adm Ofi Técnica - para gestión adm de mantenimientos
    │ Company      : Importante empresa del sector
    │ Location     : Boedo, Capital Federal
    │ Job type     : full-time
    │ Salary       : A convenir ARS
    │ Industry     : (none)
    │ Date posted  : (unknown)
    │ Deadline     : (estimated: )
    │ External ID  : (none)
    │ Description  : Buscamos una persona hábil y agil en planeamiento de rutas de técnicos. Con conocimientos técnicos , preferentemente en reparaciones de electrodomesticos . Sus tareas entre otras, serán: Gestionar Sol…
    └───────────────────────────────────────────────────────
2026-09-27 15:35:53,668 DEBUG https://argentina.mimusjobs.com:443 "GET /wp-json/wp/v2/companies?slug=importante-empresa-del-sector HTTP/1.1" 200 None
2026-09-27 15:35:53,669 INFO ⏭ Company exists: Importante empresa del sector
2026-09-27 15:35:54,338 DEBUG https://argentina.mimusjobs.com:443 "GET /wp-json/wp/v2/job-listings?slug=asistente-adm-ofi-t-cnica---para-gesti-n-adm-de-mantenimientos HTTP/1.1" 200 None
2026-09-27 15:35:55,995 DEBUG https://argentina.mimusjobs.com:443 "POST /wp-json/wp/v2/job-listings HTTP/1.1" 201 None
2026-09-27 15:35:55,996 INFO ✅ Job posted: 'Asistente Adm Ofi Técnica - para gestión adm de mantenimientos' → WP ID 35122
2026-09-27 15:35:55,996 INFO ✅ SUCCESS — 'Asistente Adm Ofi Técnica - para gestión adm de mantenimientos' → WP ID=35122 🔗 https://argentina.mimusjobs.com/job/asistente-adm-ofi-tecnica-para-gestion-adm-de-mantenimientos-6/
2026-09-27 15:35:56,996 INFO ── https://ar.computrabajo.com/empleos-en-capital-federal | page 8 | job 6/20: https://ar.computrabajo.com/ofertas-de-trabajo/oferta-de-trabajo-de-pasteleroa-en-palermo-133D3BAFABB0E74161373E686DCF3405
2026-09-27 15:35:57,090 DEBUG https://ar.computrabajo.com:443 "GET /ofertas-de-trabajo/oferta-de-trabajo-de-pasteleroa-en-palermo-133D3BAFABB0E74161373E686DCF3405 HTTP/1.1" 200 None
2026-09-27 15:35:57,093 DEBUG     GET https://ar.computrabajo.com/ofertas-de-trabajo/oferta-de-trabajo-de-pasteleroa-en-palermo-133D3BAFABB0E74161373E686DCF3405 → HTTP 200 (159,302 chars)
2026-09-27 15:35:57,111 INFO     ┌─ SCRAPED JOB ─────────────────────────────────────────
    │ URL          : https://ar.computrabajo.com/ofertas-de-trabajo/oferta-de-trabajo-de-pasteleroa-en-palermo-133D3BAFABB0E74161373E686DCF3405
    │ Title        : Pastelero/a
    │ Company      : Garibaldi Restaurante
    │ Location     : Palermo, Capital Federal
    │ Job type     : full-time
    │ Salary       : (not listed)
    │ Industry     : Hostelería / Turismo
    │ Date posted  : 2026-09-03
    │ Deadline     : 2026-11-02
    │ External ID  : 0D5FE27863D3B9D5
    │ Description  : Oportunidad para incorporarse como Pastelero/a en Garibaldi Restaurante.
Funciones
Elaborar y presentar pasteles y postres de alta calidad.
Coordinar con el equipo de cocina para asegurar la consisten…
    └───────────────────────────────────────────────────────
2026-09-27 15:35:57,841 DEBUG https://argentina.mimusjobs.com:443 "GET /wp-json/wp/v2/companies?slug=garibaldi-restaurante HTTP/1.1" 200 None
2026-09-27 15:35:57,841 INFO ⏭ Company exists: Garibaldi Restaurante
2026-09-27 15:35:58,449 DEBUG https://argentina.mimusjobs.com:443 "GET /wp-json/wp/v2/job-listings?slug=pastelero-a HTTP/1.1" 200 None
2026-09-27 15:35:58,450 INFO ⏭ Job already on WP: Pastelero/a
2026-09-27 15:35:58,450 INFO ✅ SUCCESS — 'Pastelero/a' → WP ID=13398 🔗 https://argentina.mimusjobs.com/job/pastelero-a/
2026-09-27 15:35:59,450 INFO ── https://ar.computrabajo.com/empleos-en-capital-federal | page 8 | job 7/20: https://ar.computrabajo.com/ofertas-de-trabajo/oferta-de-trabajo-de-empleadoa-de-comercio-con-experiencia-en-mercado-libre-en-balvanera-9C498C912C8BDA2F61373E686DCF3405
2026-09-27 15:35:59,524 DEBUG https://ar.computrabajo.com:443 "GET /ofertas-de-trabajo/oferta-de-trabajo-de-empleadoa-de-comercio-con-experiencia-en-mercado-libre-en-balvanera-9C498C912C8BDA2F61373E686DCF3405 HTTP/1.1" 200 None
2026-09-27 15:35:59,526 DEBUG     GET https://ar.computrabajo.com/ofertas-de-trabajo/oferta-de-trabajo-de-empleadoa-de-comercio-con-experiencia-en-mercado-libre-en-balvanera-9C498C912C8BDA2F61373E686DCF3405 → HTTP 200 (150,611 chars)
2026-09-27 15:35:59,544 WARNING No JobPosting JSON-LD found, using HTML fallback: https://ar.computrabajo.com/ofertas-de-trabajo/oferta-de-trabajo-de-empleadoa-de-comercio-con-experiencia-en-mercado-libre-en-balvanera-9C498C912C8BDA2F61373E686DCF3405
2026-09-27 15:35:59,545 INFO     ┌─ SCRAPED JOB ─────────────────────────────────────────
    │ URL          : https://ar.computrabajo.com/ofertas-de-trabajo/oferta-de-trabajo-de-empleadoa-de-comercio-con-experiencia-en-mercado-libre-en-balvanera-9C498C912C8BDA2F61373E686DCF3405
    │ Title        : empleado/a de comercio - Con experiencia en mercado libre
    │ Company      : Importante empresa del sector
    │ Location     : Balvanera, Capital Federal
    │ Job type     : full-time
    │ Salary       : $ 1.200.000,00 (Mensual) ARS
    │ Industry     : (none)
    │ Date posted  : (unknown)
    │ Deadline     : (estimated: )
    │ External ID  : (none)
    │ Description  : Estamos buscando empleado/ a Con experiencia en Mercado libre, Tiendanube y manejo de redes sociales Trabajo presencial, para importante empresa en la zona de Balvanera
    └───────────────────────────────────────────────────────
2026-09-27 15:36:00,687 DEBUG https://argentina.mimusjobs.com:443 "GET /wp-json/wp/v2/companies?slug=importante-empresa-del-sector HTTP/1.1" 200 None
2026-09-27 15:36:00,687 INFO ⏭ Company exists: Importante empresa del sector
2026-09-27 15:36:03,029 DEBUG https://argentina.mimusjobs.com:443 "GET /wp-json/wp/v2/job-listings?slug=empleado-a-de-comercio---con-experiencia-en-mercado-libre HTTP/1.1" 200 None
2026-09-27 15:36:03,029 INFO ⏭ Job already on WP: empleado/a de comercio - Con experiencia en mercado libre
2026-09-27 15:36:03,029 INFO ✅ SUCCESS — 'empleado/a de comercio - Con experiencia en mercado libre' → WP ID=22365 🔗 https://argentina.mimusjobs.com/job/empleado-a-de-comercio-con-experiencia-en-mercado-libre/
2026-09-27 15:36:04,029 INFO ── https://ar.computrabajo.com/empleos-en-capital-federal | page 8 | job 8/20: https://ar.computrabajo.com/ofertas-de-trabajo/oferta-de-trabajo-de-operador-call-center-turno-tarde-en-monserrat-349D3C4307DFA4CC61373E686DCF3405
2026-09-27 15:36:04,088 DEBUG https://ar.computrabajo.com:443 "GET /ofertas-de-trabajo/oferta-de-trabajo-de-operador-call-center-turno-tarde-en-monserrat-349D3C4307DFA4CC61373E686DCF3405 HTTP/1.1" 200 None
2026-09-27 15:36:04,090 DEBUG     GET https://ar.computrabajo.com/ofertas-de-trabajo/oferta-de-trabajo-de-operador-call-center-turno-tarde-en-monserrat-349D3C4307DFA4CC61373E686DCF3405 → HTTP 200 (153,750 chars)
2026-09-27 15:36:04,109 WARNING No JobPosting JSON-LD found, using HTML fallback: https://ar.computrabajo.com/ofertas-de-trabajo/oferta-de-trabajo-de-operador-call-center-turno-tarde-en-monserrat-349D3C4307DFA4CC61373E686DCF3405
2026-09-27 15:36:04,110 INFO     ┌─ SCRAPED JOB ─────────────────────────────────────────
    │ URL          : https://ar.computrabajo.com/ofertas-de-trabajo/oferta-de-trabajo-de-operador-call-center-turno-tarde-en-monserrat-349D3C4307DFA4CC61373E686DCF3405
    │ Title        : Operador Call center - turno tarde
    │ Company      : Importante empresa del sector
    │ Location     : Monserrat, Capital Federal
    │ Job type     : full-time
    │ Salary       : $ 710.000,00 (Mensual) ARS
    │ Industry     : (none)
    │ Date posted  : (unknown)
    │ Deadline     : (estimated: )
    │ External ID  : (none)
    │ Description  : Somos una empresa joven y dinámica del sector financiero y estamos incorporando operadores/as de atención al cliente para el TURNO TARDE. Qué valoramos de vos: • Ganas de aprender y crecer. • Responsa…
    └───────────────────────────────────────────────────────
2026-09-27 15:36:04,805 DEBUG https://argentina.mimusjobs.com:443 "GET /wp-json/wp/v2/companies?slug=importante-empresa-del-sector HTTP/1.1" 200 None
2026-09-27 15:36:04,805 INFO ⏭ Company exists: Importante empresa del sector
2026-09-27 15:36:05,613 DEBUG https://argentina.mimusjobs.com:443 "GET /wp-json/wp/v2/job-listings?slug=operador-call-center---turno-tarde HTTP/1.1" 200 None
2026-09-27 15:36:05,613 INFO ⏭ Job already on WP: Operador Call center - turno tarde
2026-09-27 15:36:05,613 INFO ✅ SUCCESS — 'Operador Call center - turno tarde' → WP ID=22360 🔗 https://argentina.mimusjobs.com/job/operador-call-center-turno-tarde/
2026-09-27 15:36:06,614 INFO ── https://ar.computrabajo.com/empleos-en-capital-federal | page 8 | job 9/20: https://ar.computrabajo.com/ofertas-de-trabajo/oferta-de-trabajo-de-operario-de-deposito-y-expedicion-en-villa-del-parque-D5D5529505602C5061373E686DCF3405
2026-09-27 15:36:06,689 DEBUG https://ar.computrabajo.com:443 "GET /ofertas-de-trabajo/oferta-de-trabajo-de-operario-de-deposito-y-expedicion-en-villa-del-parque-D5D5529505602C5061373E686DCF3405 HTTP/1.1" 200 None
2026-09-27 15:36:06,691 DEBUG     GET https://ar.computrabajo.com/ofertas-de-trabajo/oferta-de-trabajo-de-operario-de-deposito-y-expedicion-en-villa-del-parque-D5D5529505602C5061373E686DCF3405 → HTTP 200 (151,138 chars)
2026-09-27 15:36:06,709 WARNING No JobPosting JSON-LD found, using HTML fallback: https://ar.computrabajo.com/ofertas-de-trabajo/oferta-de-trabajo-de-operario-de-deposito-y-expedicion-en-villa-del-parque-D5D5529505602C5061373E686DCF3405
2026-09-27 15:36:06,710 INFO     ┌─ SCRAPED JOB ─────────────────────────────────────────
    │ URL          : https://ar.computrabajo.com/ofertas-de-trabajo/oferta-de-trabajo-de-operario-de-deposito-y-expedicion-en-villa-del-parque-D5D5529505602C5061373E686DCF3405
    │ Title        : Operario de depósito y expedición
    │ Company      : Importante empresa del sector
    │ Location     : Villa del Parque, Capital Federal
    │ Job type     : full-time
    │ Salary       : A convenir ARS
    │ Industry     : (none)
    │ Date posted  : (unknown)
    │ Deadline     : (estimated: )
    │ External ID  : (none)
    │ Description  : Somos una empresa de implementos deportivos en constante crecimiento. Buscamos sumar a nuestro equipo una persona para el área de depósito y expedición. Tareas: - Armado de pedidos - Organización del …
    └───────────────────────────────────────────────────────
2026-09-27 15:36:07,321 DEBUG https://argentina.mimusjobs.com:443 "GET /wp-json/wp/v2/companies?slug=importante-empresa-del-sector HTTP/1.1" 200 None
2026-09-27 15:36:07,321 INFO ⏭ Company exists: Importante empresa del sector
2026-09-27 15:36:08,206 DEBUG https://argentina.mimusjobs.com:443 "GET /wp-json/wp/v2/job-listings?slug=operario-de-dep-sito-y-expedici-n HTTP/1.1" 200 None
2026-09-27 15:36:09,226 DEBUG https://argentina.mimusjobs.com:443 "GET /wp-json/wp/v2/job_listing_region?slug=villa-del-parque--capital-federal HTTP/1.1" 200 None
2026-09-27 15:36:10,847 DEBUG https://argentina.mimusjobs.com:443 "POST /wp-json/wp/v2/job-listings HTTP/1.1" 201 None
2026-09-27 15:36:10,847 INFO ✅ Job posted: 'Operario de depósito y expedición' → WP ID 35123
2026-09-27 15:36:10,847 INFO ✅ SUCCESS — 'Operario de depósito y expedición' → WP ID=35123 🔗 https://argentina.mimusjobs.com/job/operario-de-deposito-y-expedicion-6/
2026-09-27 15:36:11,847 INFO ── https://ar.computrabajo.com/empleos-en-capital-federal | page 8 | job 10/20: https://ar.computrabajo.com/ofertas-de-trabajo/oferta-de-trabajo-de-administrativo-contable-en-buenos-aires-directia-travel-argentina-en-san-nicolas-0EC113613952044761373E686DCF3405
2026-09-27 15:36:11,949 DEBUG https://ar.computrabajo.com:443 "GET /ofertas-de-trabajo/oferta-de-trabajo-de-administrativo-contable-en-buenos-aires-directia-travel-argentina-en-san-nicolas-0EC113613952044761373E686DCF3405 HTTP/1.1" 200 None
2026-09-27 15:36:11,952 DEBUG     GET https://ar.computrabajo.com/ofertas-de-trabajo/oferta-de-trabajo-de-administrativo-contable-en-buenos-aires-directia-travel-argentina-en-san-nicolas-0EC113613952044761373E686DCF3405 → HTTP 200 (169,986 chars)
2026-09-27 15:36:11,973 INFO     ┌─ SCRAPED JOB ─────────────────────────────────────────
    │ URL          : https://ar.computrabajo.com/ofertas-de-trabajo/oferta-de-trabajo-de-administrativo-contable-en-buenos-aires-directia-travel-argentina-en-san-nicolas-0EC113613952044761373E686DCF3405
    │ Title        : Administrativo Contable en Buenos Aires - Directia Travel Argentina
    │ Company      : Directia Travel
    │ Location     : San Nicolás, Capital Federal
    │ Job type     : full-time
    │ Salary       : 1295000 ARS
    │ Industry     : Hostelería / Turismo
    │ Date posted  : 2026-08-18
    │ Deadline     : 2026-10-17
    │ External ID  : CD2A02F1D9B13D1F
    │ Description  : En Directia Travel buscamos incorporar una nueva persona a nuestro equipo administrativo y contable en Buenos Aires para acompañar el crecimiento de la compañía. Somos una empresa especializada en via…
    └───────────────────────────────────────────────────────
2026-09-27 15:36:13,172 DEBUG https://argentina.mimusjobs.com:443 "GET /wp-json/wp/v2/companies?slug=directia-travel HTTP/1.1" 200 None
2026-09-27 15:36:13,172 INFO ⏭ Company exists: Directia Travel
2026-09-27 15:36:13,942 DEBUG https://argentina.mimusjobs.com:443 "GET /wp-json/wp/v2/job-listings?slug=administrativo-contable-en-buenos-aires---directia-travel-argentina HTTP/1.1" 200 None
2026-09-27 15:36:13,942 INFO ⏭ Job already on WP: Administrativo Contable en Buenos Aires - Directia Travel Argentina
2026-09-27 15:36:13,943 INFO ✅ SUCCESS — 'Administrativo Contable en Buenos Aires - Directia Travel Argentina' → WP ID=22358 🔗 https://argentina.mimusjobs.com/job/administrativo-contable-en-buenos-aires-directia-travel-argentina/
2026-09-27 15:36:14,943 INFO ── https://ar.computrabajo.com/empleos-en-capital-federal | page 8 | job 11/20: https://ar.computrabajo.com/ofertas-de-trabajo/oferta-de-trabajo-de-kinesiologia-fono-to-internacion-domiciliaria-zona-norte-en-palermo-F940633F5E07485461373E686DCF3405
2026-09-27 15:36:15,041 DEBUG https://ar.computrabajo.com:443 "GET /ofertas-de-trabajo/oferta-de-trabajo-de-kinesiologia-fono-to-internacion-domiciliaria-zona-norte-en-palermo-F940633F5E07485461373E686DCF3405 HTTP/1.1" 200 None
2026-09-27 15:36:15,044 DEBUG     GET https://ar.computrabajo.com/ofertas-de-trabajo/oferta-de-trabajo-de-kinesiologia-fono-to-internacion-domiciliaria-zona-norte-en-palermo-F940633F5E07485461373E686DCF3405 → HTTP 200 (158,119 chars)
2026-09-27 15:36:15,063 INFO     ┌─ SCRAPED JOB ─────────────────────────────────────────
    │ URL          : https://ar.computrabajo.com/ofertas-de-trabajo/oferta-de-trabajo-de-kinesiologia-fono-to-internacion-domiciliaria-zona-norte-en-palermo-F940633F5E07485461373E686DCF3405
    │ Title        : Kinesiología / Fono / TO Internación Domiciliaria zona Norte
    │ Company      : MAS VIDA
    │ Location     : Palermo, Capital Federal
    │ Job type     : full-time
    │ Salary       : (not listed)
    │ Industry     : Salud / Medicina
    │ Date posted  : 2026-08-26
    │ Deadline     : 2026-10-25
    │ External ID  : 7A71CA8466FF63C2
    │ Description  : En MAS VIDA cuidados domiciliarios estamos incorporando personal de salud para atención en domicilio.
¡Te invitamos a ser parte de una unidad en pleno crecimiento que te acompañará de forma cercana! ·…
    └───────────────────────────────────────────────────────
2026-09-27 15:36:15,878 DEBUG https://argentina.mimusjobs.com:443 "GET /wp-json/wp/v2/companies?slug=mas-vida HTTP/1.1" 200 None
2026-09-27 15:36:15,879 INFO ⏭ Company exists: MAS VIDA
2026-09-27 15:36:16,667 DEBUG https://argentina.mimusjobs.com:443 "GET /wp-json/wp/v2/job-listings?slug=kinesiolog-a---fono---to-internaci-n-domiciliaria-zona-norte HTTP/1.1" 200 None
2026-09-27 15:36:16,679 DEBUG https://ii.ct-stc.com:443 "GET /5/logos/empresas/2023/04/20//masvida195622thumbnail.jpeg HTTP/1.1" 200 1985
2026-09-27 15:36:17,570 DEBUG https://argentina.mimusjobs.com:443 "POST /wp-json/wp/v2/media HTTP/1.1" 201 None
2026-09-27 15:36:18,662 DEBUG https://argentina.mimusjobs.com:443 "POST /wp-json/wp/v2/job-listings HTTP/1.1" 201 None
2026-09-27 15:36:18,663 INFO ✅ Job posted: 'Kinesiología / Fono / TO Internación Domiciliaria zona Norte' → WP ID 35125
2026-09-27 15:36:18,663 INFO ✅ SUCCESS — 'Kinesiología / Fono / TO Internación Domiciliaria zona Norte' → WP ID=35125 🔗 https://argentina.mimusjobs.com/job/kinesiologia-fono-to-internacion-domiciliaria-zona-norte-7/
2026-09-27 15:36:19,663 INFO ── https://ar.computrabajo.com/empleos-en-capital-federal | page 8 | job 12/20: https://ar.computrabajo.com/ofertas-de-trabajo/oferta-de-trabajo-de-tecnico-de-tendido-y-empalme-de-fibra-optica-con-experiencia-en-constitucion-3E1115EC0A05DE5A61373E686DCF3405
2026-09-27 15:36:19,753 DEBUG https://ar.computrabajo.com:443 "GET /ofertas-de-trabajo/oferta-de-trabajo-de-tecnico-de-tendido-y-empalme-de-fibra-optica-con-experiencia-en-constitucion-3E1115EC0A05DE5A61373E686DCF3405 HTTP/1.1" 200 None
2026-09-27 15:36:19,755 DEBUG     GET https://ar.computrabajo.com/ofertas-de-trabajo/oferta-de-trabajo-de-tecnico-de-tendido-y-empalme-de-fibra-optica-con-experiencia-en-constitucion-3E1115EC0A05DE5A61373E686DCF3405 → HTTP 200 (163,222 chars)
2026-09-27 15:36:19,774 INFO     ┌─ SCRAPED JOB ─────────────────────────────────────────
    │ URL          : https://ar.computrabajo.com/ofertas-de-trabajo/oferta-de-trabajo-de-tecnico-de-tendido-y-empalme-de-fibra-optica-con-experiencia-en-constitucion-3E1115EC0A05DE5A61373E686DCF3405
    │ Title        : Técnico de Tendido y Empalme de Fibra Óptica - Con Experiencia
    │ Company      : Osiris Group SA
    │ Location     : Constitución, Capital Federal
    │ Job type     : full-time
    │ Salary       : 5555555 ARS
    │ Industry     : Telecomunicaciones
    │ Date posted  : 2026-08-26
    │ Deadline     : 2026-10-25
    │ External ID  : AC90642897215FFC
    │ Description  : Empresa de telecomunicaciones se encuentra en la búsqueda de personal con experiencia en tendido, posteo y empalme de fibra óptica, para incorporarse a nuestro equipo de trabajo. Buscamos personas com…
    └───────────────────────────────────────────────────────
2026-09-27 15:36:20,591 DEBUG https://argentina.mimusjobs.com:443 "GET /wp-json/wp/v2/companies?slug=osiris-group-sa HTTP/1.1" 200 None
2026-09-27 15:36:20,591 INFO ⏭ Company exists: Osiris Group SA
2026-09-27 15:36:21,557 DEBUG https://argentina.mimusjobs.com:443 "GET /wp-json/wp/v2/job-listings?slug=t-cnico-de-tendido-y-empalme-de-fibra--ptica---con-experiencia HTTP/1.1" 200 None
2026-09-27 15:36:24,473 DEBUG https://argentina.mimusjobs.com:443 "POST /wp-json/wp/v2/job-listings HTTP/1.1" 201 None
2026-09-27 15:36:24,474 INFO ✅ Job posted: 'Técnico de Tendido y Empalme de Fibra Óptica - Con Experiencia' → WP ID 35126
2026-09-27 15:36:24,474 INFO ✅ SUCCESS — 'Técnico de Tendido y Empalme de Fibra Óptica - Con Experiencia' → WP ID=35126 🔗 https://argentina.mimusjobs.com/job/tecnico-de-tendido-y-empalme-de-fibra-optica-con-experiencia-6/
2026-09-27 15:36:25,474 INFO ── https://ar.computrabajo.com/empleos-en-capital-federal | page 8 | job 13/20: https://ar.computrabajo.com/ofertas-de-trabajo/oferta-de-trabajo-de-analista-administrativo-jr-en-agronomia-D5631D1B8954FAFF61373E686DCF3405
2026-09-27 15:36:25,544 DEBUG https://ar.computrabajo.com:443 "GET /ofertas-de-trabajo/oferta-de-trabajo-de-analista-administrativo-jr-en-agronomia-D5631D1B8954FAFF61373E686DCF3405 HTTP/1.1" 200 None
2026-09-27 15:36:25,547 DEBUG     GET https://ar.computrabajo.com/ofertas-de-trabajo/oferta-de-trabajo-de-analista-administrativo-jr-en-agronomia-D5631D1B8954FAFF61373E686DCF3405 → HTTP 200 (162,655 chars)
2026-09-27 15:36:25,567 INFO     ┌─ SCRAPED JOB ─────────────────────────────────────────
    │ URL          : https://ar.computrabajo.com/ofertas-de-trabajo/oferta-de-trabajo-de-analista-administrativo-jr-en-agronomia-D5631D1B8954FAFF61373E686DCF3405
    │ Title        : Analista Administrativo Jr.
    │ Company      : Susana Castello
    │ Location     : Agronomía, Capital Federal
    │ Job type     : full-time
    │ Salary       : 10000 ARS
    │ Industry     : RRHH / Personal
    │ Date posted  : 2026-08-10
    │ Deadline     : 2026-10-09
    │ External ID  : 609337521E22C2E9
    │ Description  : Importante empresa incorporará un analista administrativo para sumarse al equipo de trabajo. Nos orientamos a un/a jóvenes de entre 23 y 30 años, Estudiante avanzado o próximo a graduarse en Administr…
    └───────────────────────────────────────────────────────
2026-09-27 15:36:26,468 DEBUG https://argentina.mimusjobs.com:443 "GET /wp-json/wp/v2/companies?slug=susana-castello HTTP/1.1" 200 None
2026-09-27 15:36:26,468 INFO ⏭ Company exists: Susana Castello
2026-09-27 15:36:27,152 DEBUG https://argentina.mimusjobs.com:443 "GET /wp-json/wp/v2/job-listings?slug=analista-administrativo-jr- HTTP/1.1" 200 None
2026-09-27 15:36:27,152 INFO ⏭ Job already on WP: Analista Administrativo Jr.
2026-09-27 15:36:27,152 INFO ✅ SUCCESS — 'Analista Administrativo Jr.' → WP ID=22383 🔗 https://argentina.mimusjobs.com/job/analista-administrativo-jr/
2026-09-27 15:36:28,153 INFO ── https://ar.computrabajo.com/empleos-en-capital-federal | page 8 | job 14/20: https://ar.computrabajo.com/ofertas-de-trabajo/oferta-de-trabajo-de-oportunidad-de-crecimiento-y-desarrollo-comercial-18-a-35-anos-formacion-desde-cero-en-san-nicolas-A40D84D423F8104361373E686DCF3405
2026-09-27 15:36:28,239 DEBUG https://ar.computrabajo.com:443 "GET /ofertas-de-trabajo/oferta-de-trabajo-de-oportunidad-de-crecimiento-y-desarrollo-comercial-18-a-35-anos-formacion-desde-cero-en-san-nicolas-A40D84D423F8104361373E686DCF3405 HTTP/1.1" 200 None
2026-09-27 15:36:28,242 DEBUG     GET https://ar.computrabajo.com/ofertas-de-trabajo/oferta-de-trabajo-de-oportunidad-de-crecimiento-y-desarrollo-comercial-18-a-35-anos-formacion-desde-cero-en-san-nicolas-A40D84D423F8104361373E686DCF3405 → HTTP 200 (161,931 chars)
2026-09-27 15:36:28,261 INFO     ┌─ SCRAPED JOB ─────────────────────────────────────────
    │ URL          : https://ar.computrabajo.com/ofertas-de-trabajo/oferta-de-trabajo-de-oportunidad-de-crecimiento-y-desarrollo-comercial-18-a-35-anos-formacion-desde-cero-en-san-nicolas-A40D84D423F8104361373E686DCF3405
    │ Title        : Oportunidad de Crecimiento y Desarrollo Comercial (18 a 35 años) - Formación Desde Cero
    │ Company      : EAGLES
    │ Location     : San Nicolás, Capital Federal
    │ Job type     : full-time
    │ Salary       : 900000 ARS
    │ Industry     : Venta al consumidor
    │ Date posted  : 2026-08-10
    │ Deadline     : 2026-10-09
    │ External ID  : 3FA18F68260709BF
    │ Description  : ¿Sentís que trabajás todo el día, te romprés la espalda en la calle o haciendo repartos, pero a fin de mes nunca te alcanza para dar el salto? ¿Querés dejar de depender de la voluntad de otros y empez…
    └───────────────────────────────────────────────────────
2026-09-27 15:36:28,963 DEBUG https://argentina.mimusjobs.com:443 "GET /wp-json/wp/v2/companies?slug=eagles HTTP/1.1" 200 None
2026-09-27 15:36:28,964 INFO ⏭ Company exists: EAGLES
2026-09-27 15:36:29,748 DEBUG https://argentina.mimusjobs.com:443 "GET /wp-json/wp/v2/job-listings?slug=oportunidad-de-crecimiento-y-desarrollo-comercial--18-a-35-a-os----formaci-n-des HTTP/1.1" 200 None
2026-09-27 15:36:29,759 DEBUG https://ii.ct-stc.com:443 "GET /5/logos/empresas/2025/12/09/c5c1d898f3ff4fe99b2b191832637thumbnail.png HTTP/1.1" 200 6627
2026-09-27 15:36:30,761 DEBUG https://argentina.mimusjobs.com:443 "POST /wp-json/wp/v2/media HTTP/1.1" 201 None
2026-09-27 15:36:32,705 DEBUG https://argentina.mimusjobs.com:443 "POST /wp-json/wp/v2/job-listings HTTP/1.1" 201 None
2026-09-27 15:36:32,706 INFO ✅ Job posted: 'Oportunidad de Crecimiento y Desarrollo Comercial (18 a 35 años) - Formación Desde Cero' → WP ID 35128
2026-09-27 15:36:32,706 INFO ✅ SUCCESS — 'Oportunidad de Crecimiento y Desarrollo Comercial (18 a 35 años) - Formación Desde Cero' → WP ID=35128 🔗 https://argentina.mimusjobs.com/job/oportunidad-de-crecimiento-y-desarrollo-comercial-18-a-35-anos-formacion-desde-cero-7/
2026-09-27 15:36:33,706 INFO ── https://ar.computrabajo.com/empleos-en-capital-federal | page 8 | job 15/20: https://ar.computrabajo.com/ofertas-de-trabajo/oferta-de-trabajo-de-vendedor-en-san-cristobal-97BA3B24ABA0C39961373E686DCF3405
2026-09-27 15:36:33,787 DEBUG https://ar.computrabajo.com:443 "GET /ofertas-de-trabajo/oferta-de-trabajo-de-vendedor-en-san-cristobal-97BA3B24ABA0C39961373E686DCF3405 HTTP/1.1" 200 None
2026-09-27 15:36:33,790 DEBUG     GET https://ar.computrabajo.com/ofertas-de-trabajo/oferta-de-trabajo-de-vendedor-en-san-cristobal-97BA3B24ABA0C39961373E686DCF3405 → HTTP 200 (170,185 chars)
2026-09-27 15:36:33,810 INFO     ┌─ SCRAPED JOB ─────────────────────────────────────────
    │ URL          : https://ar.computrabajo.com/ofertas-de-trabajo/oferta-de-trabajo-de-vendedor-en-san-cristobal-97BA3B24ABA0C39961373E686DCF3405
    │ Title        : Vendedor
    │ Company      : REMAX ENERGY
    │ Location     : San Cristóbal, Capital Federal
    │ Job type     : full-time
    │ Salary       : (not listed)
    │ Industry     : Servicios Profesionales
    │ Date posted  : 2026-08-26
    │ Deadline     : 2026-10-25
    │ External ID  : 25AE5B7AFB07A7F0
    │ Description  : ¡Dale un giro a tu carrera con REMAX Energy! 
¿Buscás una oportunidad que te permita independencia, flexibilidad y un crecimiento ilimitado?
Si te apasiona el mundo de las ventas y querés un cambio si…
    └───────────────────────────────────────────────────────
2026-09-27 15:36:34,506 DEBUG https://argentina.mimusjobs.com:443 "GET /wp-json/wp/v2/companies?slug=remax-energy HTTP/1.1" 200 None
2026-09-27 15:36:34,506 INFO ⏭ Company exists: REMAX ENERGY
2026-09-27 15:36:36,283 DEBUG https://argentina.mimusjobs.com:443 "GET /wp-json/wp/v2/job-listings?slug=vendedor HTTP/1.1" 200 None
2026-09-27 15:36:36,284 INFO ⏭ Job already on WP: Vendedor
2026-09-27 15:36:36,284 INFO ✅ SUCCESS — 'Vendedor' → WP ID=2434 🔗 https://argentina.mimusjobs.com/job/vendedor/
2026-09-27 15:36:37,284 INFO ── https://ar.computrabajo.com/empleos-en-capital-federal | page 8 | job 16/20: https://ar.computrabajo.com/ofertas-de-trabajo/oferta-de-trabajo-de-vendedora-con-experiencia-en-palermo-A6B7C2387FFE7D8761373E686DCF3405
2026-09-27 15:36:37,373 DEBUG https://ar.computrabajo.com:443 "GET /ofertas-de-trabajo/oferta-de-trabajo-de-vendedora-con-experiencia-en-palermo-A6B7C2387FFE7D8761373E686DCF3405 HTTP/1.1" 200 None
2026-09-27 15:36:37,376 DEBUG     GET https://ar.computrabajo.com/ofertas-de-trabajo/oferta-de-trabajo-de-vendedora-con-experiencia-en-palermo-A6B7C2387FFE7D8761373E686DCF3405 → HTTP 200 (161,256 chars)
2026-09-27 15:36:37,395 INFO     ┌─ SCRAPED JOB ─────────────────────────────────────────
    │ URL          : https://ar.computrabajo.com/ofertas-de-trabajo/oferta-de-trabajo-de-vendedora-con-experiencia-en-palermo-A6B7C2387FFE7D8761373E686DCF3405
    │ Title        : Vendedora - con experiencia
    │ Company      : Mamuschka SRL
    │ Location     : Palermo, Capital Federal
    │ Job type     : full-time
    │ Salary       : (not listed)
    │ Industry     : Venta al consumidor
    │ Date posted  : 2026-08-26
    │ Deadline     : 2026-10-25
    │ External ID  : 502F0FE439F9E54B
    │ Description  : Mamuschka SRL se encuentra en la búsqueda de Cajeras/Vendedoras para su local en Palermo.
La búsqueda está orientada a personas con rapidez, facilidad numérica y gran actitud de servicio. · Sos la can…
    └───────────────────────────────────────────────────────
2026-09-27 15:36:38,448 DEBUG https://argentina.mimusjobs.com:443 "GET /wp-json/wp/v2/companies?slug=mamuschka-srl HTTP/1.1" 200 None
2026-09-27 15:36:38,448 INFO ⏭ Company exists: Mamuschka SRL
2026-09-27 15:36:39,357 DEBUG https://argentina.mimusjobs.com:443 "GET /wp-json/wp/v2/job-listings?slug=vendedora---con-experiencia HTTP/1.1" 200 None
2026-09-27 15:36:39,357 INFO ⏭ Job already on WP: Vendedora - con experiencia
2026-09-27 15:36:39,358 INFO ✅ SUCCESS — 'Vendedora - con experiencia' → WP ID=22351 🔗 https://argentina.mimusjobs.com/job/vendedora-con-experiencia/
2026-09-27 15:36:40,358 INFO ── https://ar.computrabajo.com/empleos-en-capital-federal | page 8 | job 17/20: https://ar.computrabajo.com/ofertas-de-trabajo/oferta-de-trabajo-de-ejecutivo-de-ventas-en-villa-urquiza-4A0BF5471ACA04C361373E686DCF3405
2026-09-27 15:36:40,429 DEBUG https://ar.computrabajo.com:443 "GET /ofertas-de-trabajo/oferta-de-trabajo-de-ejecutivo-de-ventas-en-villa-urquiza-4A0BF5471ACA04C361373E686DCF3405 HTTP/1.1" 200 None
2026-09-27 15:36:40,431 DEBUG     GET https://ar.computrabajo.com/ofertas-de-trabajo/oferta-de-trabajo-de-ejecutivo-de-ventas-en-villa-urquiza-4A0BF5471ACA04C361373E686DCF3405 → HTTP 200 (162,128 chars)
2026-09-27 15:36:40,475 INFO     ┌─ SCRAPED JOB ─────────────────────────────────────────
    │ URL          : https://ar.computrabajo.com/ofertas-de-trabajo/oferta-de-trabajo-de-ejecutivo-de-ventas-en-villa-urquiza-4A0BF5471ACA04C361373E686DCF3405
    │ Title        : Ejecutivo de Ventas
    │ Company      : MOLINOS FÉNIX ALIMENTOS
    │ Location     : Villa Urquiza, Capital Federal
    │ Job type     : full-time
    │ Salary       : (not listed)
    │ Industry     : Fabricación
    │ Date posted  : 2026-08-26
    │ Deadline     : 2026-10-25
    │ External ID  : 97B0BB3DB3B1D0EF
    │ Description  : ¡Te estamos buscando Ejecutivo Comercial para Alimento Balanceado para Mascotas!
¿Te apasiona el mundo de las mascotas y tienes experiencia en ventas? ¡Esta es la oportunidad!
Perfil del candidato:
Ex…
    └───────────────────────────────────────────────────────
2026-09-27 15:36:41,611 DEBUG https://argentina.mimusjobs.com:443 "GET /wp-json/wp/v2/companies?slug=molinos-f-nix-alimentos HTTP/1.1" 200 None
2026-09-27 15:36:42,717 DEBUG https://argentina.mimusjobs.com:443 "POST /wp-json/wp/v2/companies HTTP/1.1" 201 None
2026-09-27 15:36:42,719 INFO ✅ Company posted: MOLINOS FÉNIX ALIMENTOS → ID 35129
2026-09-27 15:36:43,441 DEBUG https://argentina.mimusjobs.com:443 "GET /wp-json/wp/v2/job-listings?slug=ejecutivo-de-ventas HTTP/1.1" 200 None
2026-09-27 15:36:43,442 INFO ⏭ Job already on WP: Ejecutivo de Ventas
2026-09-27 15:36:43,442 INFO ✅ SUCCESS — 'Ejecutivo de Ventas' → WP ID=2978 🔗 https://argentina.mimusjobs.com/job/ejecutivo-de-ventas/
2026-09-27 15:36:44,442 INFO ── https://ar.computrabajo.com/empleos-en-capital-federal | page 8 | job 18/20: https://ar.computrabajo.com/ofertas-de-trabajo/oferta-de-trabajo-de-generacion-de-demanda-lead-generator-en-parque-patricios-D81A3382DA1BA41961373E686DCF3405
2026-09-27 15:36:44,501 DEBUG https://ar.computrabajo.com:443 "GET /ofertas-de-trabajo/oferta-de-trabajo-de-generacion-de-demanda-lead-generator-en-parque-patricios-D81A3382DA1BA41961373E686DCF3405 HTTP/1.1" 200 None
2026-09-27 15:36:44,503 DEBUG     GET https://ar.computrabajo.com/ofertas-de-trabajo/oferta-de-trabajo-de-generacion-de-demanda-lead-generator-en-parque-patricios-D81A3382DA1BA41961373E686DCF3405 → HTTP 200 (165,277 chars)
2026-09-27 15:36:44,523 INFO     ┌─ SCRAPED JOB ─────────────────────────────────────────
    │ URL          : https://ar.computrabajo.com/ofertas-de-trabajo/oferta-de-trabajo-de-generacion-de-demanda-lead-generator-en-parque-patricios-D81A3382DA1BA41961373E686DCF3405
    │ Title        : Generación de demanda / Lead Generator
    │ Company      : Área IT
    │ Location     : Parque Patricios, Capital Federal
    │ Job type     : full-time
    │ Salary       : (not listed)
    │ Industry     : Informática / Hardware
    │ Date posted  : 2026-08-28
    │ Deadline     : 2026-10-27
    │ External ID  : A93B321126A84B65
    │ Description  : Somos una empresa de origen nacional que desde hace 10 años brinda soluciones de IT y Field Services a clientes de gobierno, empresas y hogares. Nuestra Misión es contribuir para lograr un mundo más y…
    └───────────────────────────────────────────────────────
2026-09-27 15:36:45,101 DEBUG https://argentina.mimusjobs.com:443 "GET /wp-json/wp/v2/companies?slug=-rea-it HTTP/1.1" 200 None
2026-09-27 15:36:45,112 DEBUG https://ii.ct-stc.com:443 "GET /5/logos/empresas/2020/06/08/c88d321f015844eab424131550015thumbnail.png HTTP/1.1" 200 3971
2026-09-27 15:36:46,484 DEBUG https://argentina.mimusjobs.com:443 "POST /wp-json/wp/v2/media HTTP/1.1" 201 None
2026-09-27 15:36:47,563 DEBUG https://argentina.mimusjobs.com:443 "POST /wp-json/wp/v2/companies HTTP/1.1" 201 None
2026-09-27 15:36:47,563 INFO ✅ Company posted: Área IT → ID 35131
2026-09-27 15:36:48,132 DEBUG https://argentina.mimusjobs.com:443 "GET /wp-json/wp/v2/job-listings?slug=generaci-n-de-demanda---lead-generator HTTP/1.1" 200 None
2026-09-27 15:36:48,143 DEBUG https://ii.ct-stc.com:443 "GET /5/logos/empresas/2020/06/08/c88d321f015844eab424131550015thumbnail.png HTTP/1.1" 200 3971
2026-09-27 15:36:49,202 DEBUG https://argentina.mimusjobs.com:443 "POST /wp-json/wp/v2/media HTTP/1.1" 201 None
2026-09-27 15:36:50,665 DEBUG https://argentina.mimusjobs.com:443 "POST /wp-json/wp/v2/job-listings HTTP/1.1" 201 None
2026-09-27 15:36:50,666 INFO ✅ Job posted: 'Generación de demanda / Lead Generator' → WP ID 35133
2026-09-27 15:36:50,666 INFO ✅ SUCCESS — 'Generación de demanda / Lead Generator' → WP ID=35133 🔗 https://argentina.mimusjobs.com/job/generacion-de-demanda-lead-generator-6/
2026-09-27 15:36:51,666 INFO ── https://ar.computrabajo.com/empleos-en-capital-federal | page 8 | job 19/20: https://ar.computrabajo.com/ofertas-de-trabajo/oferta-de-trabajo-de-tecnico-relevo-multidisciplinario-nocturnodiurno-en-saavedra-26C464BFF9FC4CB361373E686DCF3405
2026-09-27 15:36:51,743 DEBUG https://ar.computrabajo.com:443 "GET /ofertas-de-trabajo/oferta-de-trabajo-de-tecnico-relevo-multidisciplinario-nocturnodiurno-en-saavedra-26C464BFF9FC4CB361373E686DCF3405 HTTP/1.1" 200 None
2026-09-27 15:36:51,746 DEBUG     GET https://ar.computrabajo.com/ofertas-de-trabajo/oferta-de-trabajo-de-tecnico-relevo-multidisciplinario-nocturnodiurno-en-saavedra-26C464BFF9FC4CB361373E686DCF3405 → HTTP 200 (159,387 chars)
2026-09-27 15:36:51,764 INFO     ┌─ SCRAPED JOB ─────────────────────────────────────────
    │ URL          : https://ar.computrabajo.com/ofertas-de-trabajo/oferta-de-trabajo-de-tecnico-relevo-multidisciplinario-nocturnodiurno-en-saavedra-26C464BFF9FC4CB361373E686DCF3405
    │ Title        : Técnico Relevo Multidisciplinario - Nocturno+Diurno
    │ Company      : Diagnostico y Soluciones SA
    │ Location     : Saavedra, Capital Federal
    │ Job type     : full-time
    │ Salary       : (not listed)
    │ Industry     : Servicios Profesionales
    │ Date posted  : 2026-09-03
    │ Deadline     : 2026-11-02
    │ External ID  : 3DCA0F911BAFA228
    │ Description  : En Diagnóstico y Soluciones nos encontramos en la búsqueda de un Técnico Relevo Multidisciplinario (diurno+nocturno) para uno de nuestros clientes.
Función: Cobertura de ausencias en CUALQUIER cuadril…
    └───────────────────────────────────────────────────────
2026-09-27 15:36:53,320 DEBUG https://argentina.mimusjobs.com:443 "GET /wp-json/wp/v2/companies?slug=diagnostico-y-soluciones-sa HTTP/1.1" 200 None
2026-09-27 15:36:53,321 INFO ⏭ Company exists: Diagnostico y Soluciones SA
2026-09-27 15:36:54,300 DEBUG https://argentina.mimusjobs.com:443 "GET /wp-json/wp/v2/job-listings?slug=t-cnico-relevo-multidisciplinario---nocturno-diurno HTTP/1.1" 200 None
2026-09-27 15:36:55,357 DEBUG https://argentina.mimusjobs.com:443 "POST /wp-json/wp/v2/job-listings HTTP/1.1" 201 None
2026-09-27 15:36:55,357 INFO ✅ Job posted: 'Técnico Relevo Multidisciplinario - Nocturno+Diurno' → WP ID 35134
2026-09-27 15:36:55,357 INFO ✅ SUCCESS — 'Técnico Relevo Multidisciplinario - Nocturno+Diurno' → WP ID=35134 🔗 https://argentina.mimusjobs.com/job/tecnico-relevo-multidisciplinario-nocturnodiurno-6/
2026-09-27 15:36:56,358 INFO ── https://ar.computrabajo.com/empleos-en-capital-federal | page 8 | job 20/20: https://ar.computrabajo.com/ofertas-de-trabajo/oferta-de-trabajo-de-enfermerasos-profesionales-para-cuidados-paliativos-ingreso-inmediato-en-san-nicolas-E72E130BC689292561373E686DCF3405
2026-09-27 15:36:56,434 DEBUG https://ar.computrabajo.com:443 "GET /ofertas-de-trabajo/oferta-de-trabajo-de-enfermerasos-profesionales-para-cuidados-paliativos-ingreso-inmediato-en-san-nicolas-E72E130BC689292561373E686DCF3405 HTTP/1.1" 200 None
2026-09-27 15:36:56,436 DEBUG     GET https://ar.computrabajo.com/ofertas-de-trabajo/oferta-de-trabajo-de-enfermerasos-profesionales-para-cuidados-paliativos-ingreso-inmediato-en-san-nicolas-E72E130BC689292561373E686DCF3405 → HTTP 200 (160,412 chars)
2026-09-27 15:36:56,455 INFO     ┌─ SCRAPED JOB ─────────────────────────────────────────
    │ URL          : https://ar.computrabajo.com/ofertas-de-trabajo/oferta-de-trabajo-de-enfermerasos-profesionales-para-cuidados-paliativos-ingreso-inmediato-en-san-nicolas-E72E130BC689292561373E686DCF3405
    │ Title        : Enfermeras/os profesionales para cuidados paliativos. Ingreso inmediato
    │ Company      : Pulars S.A.
    │ Location     : San Nicolás, Capital Federal
    │ Job type     : full-time
    │ Salary       : (not listed)
    │ Industry     : Salud / Medicina
    │ Date posted  : 2026-09-03
    │ Deadline     : 2026-11-02
    │ External ID  : 6B983513470D8750
    │ Description  : Importante Empresa de Salud incorpora Enfermeros/as con matricula habilitante, para trabajar en horario a convenir, dentro de Internación domiciliaria con experiencia en PEDIATRÍA (excluyente). 
 
INC…
    └───────────────────────────────────────────────────────
2026-09-27 15:36:57,224 DEBUG https://argentina.mimusjobs.com:443 "GET /wp-json/wp/v2/companies?slug=pulars-s-a- HTTP/1.1" 200 None
2026-09-27 15:36:57,224 INFO ⏭ Company exists: Pulars S.A.
2026-09-27 15:36:58,200 DEBUG https://argentina.mimusjobs.com:443 "GET /wp-json/wp/v2/job-listings?slug=enfermeras-os-profesionales-para-cuidados-paliativos--ingreso-inmediato HTTP/1.1" 200 None
2026-09-27 15:36:58,201 INFO ⏭ Job already on WP: Enfermeras/os profesionales para cuidados paliativos. Ingreso inmediato
2026-09-27 15:36:58,201 INFO ✅ SUCCESS — 'Enfermeras/os profesionales para cuidados paliativos. Ingreso inmediato' → WP ID=22340 🔗 https://argentina.mimusjobs.com/job/enfermeras-os-profesionales-para-cuidados-paliativos-ingreso-inmediato/
2026-09-27 15:36:59,201 INFO 📊 Running totals — posted: 159 | skipped: 1 | failed: 0
2026-09-27 15:36:59,201 INFO Fetching listing page 9: https://ar.computrabajo.com/empleos-en-capital-federal?p=9
2026-09-27 15:36:59,324 DEBUG https://ar.computrabajo.com:443 "GET /empleos-en-capital-federal?p=9 HTTP/1.1" 200 None
2026-09-27 15:36:59,328 DEBUG     GET https://ar.computrabajo.com/empleos-en-capital-federal?p=9 → HTTP 200 (330,853 chars)
2026-09-27 15:36:59,371 INFO Found 20 job URLs on page 9
2026-09-27 15:36:59,371 DEBUG     job 1: https://ar.computrabajo.com/ofertas-de-trabajo/oferta-de-trabajo-de-personal-de-limpieza-en-puerto-madero-78375F5F92FE898761373E686DCF3405
2026-09-27 15:36:59,371 DEBUG     job 2: https://ar.computrabajo.com/ofertas-de-trabajo/oferta-de-trabajo-de-responsable-de-deposito-con-experiencia-en-la-paternal-4E03E8EFDE822A7A61373E686DCF3405
2026-09-27 15:36:59,371 DEBUG     job 3: https://ar.computrabajo.com/ofertas-de-trabajo/oferta-de-trabajo-de-tecnico-en-mantenimiento-en-san-nicolas-0777DAD644FAF8A061373E686DCF3405
2026-09-27 15:36:59,371 DEBUG     job 4: https://ar.computrabajo.com/ofertas-de-trabajo/oferta-de-trabajo-de-referente-de-turno-polivalente-gastronomico-en-saavedra-A9745EE59B7F284A61373E686DCF3405
2026-09-27 15:36:59,371 DEBUG     job 5: https://ar.computrabajo.com/ofertas-de-trabajo/oferta-de-trabajo-de-ejecutivoa-comercial-b2b-envases-y-productos-sostenibles-caba-y-gran-buenos-aires-en-nueva-pompeya-6BF44C38E804F82F61373E686DCF3405
2026-09-27 15:36:59,371 DEBUG     job 6: https://ar.computrabajo.com/ofertas-de-trabajo/oferta-de-trabajo-de-profesora-de-historia-trabajo-part-time-trabajo-remoto-con-horario-flexible-en-liniers-A88977A88482774A61373E686DCF3405
2026-09-27 15:36:59,371 DEBUG     job 7: https://ar.computrabajo.com/ofertas-de-trabajo/oferta-de-trabajo-de-camareroa-full-time-en-villa-crespo-11A5A476D400E6B561373E686DCF3405
2026-09-27 15:36:59,371 DEBUG     job 8: https://ar.computrabajo.com/ofertas-de-trabajo/oferta-de-trabajo-de-coordinadora-de-operaciones-comerciales--call-center-en-monserrat-958B90DF698DEB3F61373E686DCF3405
2026-09-27 15:36:59,371 DEBUG     job 9: https://ar.computrabajo.com/ofertas-de-trabajo/oferta-de-trabajo-de-command-center-it-ssroperador-de-monitoreo-sadefe-00-hs-a-12-hs-caba-en-san-cristobal-FF530970D1DC023261373E686DCF3405
2026-09-27 15:36:59,371 DEBUG     job 10: https://ar.computrabajo.com/ofertas-de-trabajo/oferta-de-trabajo-de-analista-de-administracion-de-personal-rubro-cosmetico-en-caballito-65019BB9D4C45ECD61373E686DCF3405
2026-09-27 15:36:59,371 DEBUG     job 11: https://ar.computrabajo.com/ofertas-de-trabajo/oferta-de-trabajo-de-maestranza-y-personal-limpieza-pcentro-medico-cexperiencia-resida-prox-almagro-en-agronomia-863A1860E2319F8C61373E686DCF3405
2026-09-27 15:36:59,371 DEBUG     job 12: https://ar.computrabajo.com/ofertas-de-trabajo/oferta-de-trabajo-de-vendedora-retail-educando-jugueterias-jugueterias-educando-en-palermo-99606E88205CCF7261373E686DCF3405
2026-09-27 15:36:59,371 DEBUG     job 13: https://ar.computrabajo.com/ofertas-de-trabajo/oferta-de-trabajo-de-analista-de-seleccion-en-san-nicolas-C7A4ED2D10EE55AE61373E686DCF3405
2026-09-27 15:36:59,371 DEBUG     job 14: https://ar.computrabajo.com/ofertas-de-trabajo/oferta-de-trabajo-de-representante-comercial-mass-market-en-retiro-B062E8CC118569A661373E686DCF3405
2026-09-27 15:36:59,371 DEBUG     job 15: https://ar.computrabajo.com/ofertas-de-trabajo/oferta-de-trabajo-de-lider-comercial-en-belgrano-4839C4B38D2D533A61373E686DCF3405
2026-09-27 15:36:59,371 DEBUG     job 16: https://ar.computrabajo.com/ofertas-de-trabajo/oferta-de-trabajo-de-analista-de-precios-rubro-automotriz-en-agronomia-31D15F09F174593061373E686DCF3405
2026-09-27 15:36:59,371 DEBUG     job 17: https://ar.computrabajo.com/ofertas-de-trabajo/oferta-de-trabajo-de-administrativoa-secretaria-de-alumnos-en-belgrano-B664C4869A7CB00C61373E686DCF3405
2026-09-27 15:36:59,371 DEBUG     job 18: https://ar.computrabajo.com/ofertas-de-trabajo/oferta-de-trabajo-de-ingeniero-electricista-aeroportuario-en-retiro-B38BE0718380AA5761373E686DCF3405
2026-09-27 15:36:59,371 DEBUG     job 19: https://ar.computrabajo.com/ofertas-de-trabajo/oferta-de-trabajo-de-auditor-medico-de-art-microcentro-en-san-nicolas-E7C889D73025FC6B61373E686DCF3405
2026-09-27 15:36:59,372 DEBUG     job 20: https://ar.computrabajo.com/ofertas-de-trabajo/oferta-de-trabajo-de-supervisor-de-cobranzas-caba-en-colegiales-C598F068117306C061373E686DCF3405
2026-09-27 15:36:59,372 INFO ── https://ar.computrabajo.com/empleos-en-capital-federal | page 9 | job 1/20: https://ar.computrabajo.com/ofertas-de-trabajo/oferta-de-trabajo-de-personal-de-limpieza-en-puerto-madero-78375F5F92FE898761373E686DCF3405
2026-09-27 15:36:59,452 DEBUG https://ar.computrabajo.com:443 "GET /ofertas-de-trabajo/oferta-de-trabajo-de-personal-de-limpieza-en-puerto-madero-78375F5F92FE898761373E686DCF3405 HTTP/1.1" 200 None
2026-09-27 15:36:59,454 DEBUG     GET https://ar.computrabajo.com/ofertas-de-trabajo/oferta-de-trabajo-de-personal-de-limpieza-en-puerto-madero-78375F5F92FE898761373E686DCF3405 → HTTP 200 (159,229 chars)
2026-09-27 15:36:59,473 INFO     ┌─ SCRAPED JOB ─────────────────────────────────────────
    │ URL          : https://ar.computrabajo.com/ofertas-de-trabajo/oferta-de-trabajo-de-personal-de-limpieza-en-puerto-madero-78375F5F92FE898761373E686DCF3405
    │ Title        : Personal de limpieza
    │ Company      : Consultora gastronómica madero
    │ Location     : Puerto Madero, Capital Federal
    │ Job type     : full-time
    │ Salary       : (not listed)
    │ Industry     : Hostelería / Turismo
    │ Date posted  : 2026-09-11
    │ Deadline     : 2026-11-10
    │ External ID  : DAFBBABBDF4A064F
    │ Description  : ¡Estamos incorporando Personal de Limpieza!
Para importante restaurante ubicado en Puerto Madero, nos encontramos en la búsqueda de personal de limpieza para sumarse a nuestro equipo.
Requisitos:
Expe…
    └───────────────────────────────────────────────────────
2026-09-27 15:37:00,157 DEBUG https://argentina.mimusjobs.com:443 "GET /wp-json/wp/v2/companies?slug=consultora-gastron-mica-madero HTTP/1.1" 200 None
2026-09-27 15:37:00,168 DEBUG https://ii.ct-stc.com:443 "GET /5/logos/empresas/2023/09/19/03704ba6c2bd4c2188ef190838090thumbnail.jpeg HTTP/1.1" 200 4734
2026-09-27 15:37:01,035 DEBUG https://argentina.mimusjobs.com:443 "POST /wp-json/wp/v2/media HTTP/1.1" 201 None
2026-09-27 15:37:02,096 DEBUG https://argentina.mimusjobs.com:443 "POST /wp-json/wp/v2/companies HTTP/1.1" 201 None
2026-09-27 15:37:02,097 INFO ✅ Company posted: Consultora gastronómica madero → ID 35136
2026-09-27 15:37:02,852 DEBUG https://argentina.mimusjobs.com:443 "GET /wp-json/wp/v2/job-listings?slug=personal-de-limpieza HTTP/1.1" 200 None
2026-09-27 15:37:02,853 INFO ⏭ Job already on WP: Personal de limpieza
2026-09-27 15:37:02,853 INFO ✅ SUCCESS — 'Personal de limpieza' → WP ID=9612 🔗 https://argentina.mimusjobs.com/job/personal-de-limpieza/
2026-09-27 15:37:03,853 INFO ── https://ar.computrabajo.com/empleos-en-capital-federal | page 9 | job 2/20: https://ar.computrabajo.com/ofertas-de-trabajo/oferta-de-trabajo-de-responsable-de-deposito-con-experiencia-en-la-paternal-4E03E8EFDE822A7A61373E686DCF3405
2026-09-27 15:37:03,927 DEBUG https://ar.computrabajo.com:443 "GET /ofertas-de-trabajo/oferta-de-trabajo-de-responsable-de-deposito-con-experiencia-en-la-paternal-4E03E8EFDE822A7A61373E686DCF3405 HTTP/1.1" 200 None
2026-09-27 15:37:03,930 DEBUG     GET https://ar.computrabajo.com/ofertas-de-trabajo/oferta-de-trabajo-de-responsable-de-deposito-con-experiencia-en-la-paternal-4E03E8EFDE822A7A61373E686DCF3405 → HTTP 200 (150,818 chars)
2026-09-27 15:37:03,947 WARNING No JobPosting JSON-LD found, using HTML fallback: https://ar.computrabajo.com/ofertas-de-trabajo/oferta-de-trabajo-de-responsable-de-deposito-con-experiencia-en-la-paternal-4E03E8EFDE822A7A61373E686DCF3405
2026-09-27 15:37:03,949 INFO     ┌─ SCRAPED JOB ─────────────────────────────────────────
    │ URL          : https://ar.computrabajo.com/ofertas-de-trabajo/oferta-de-trabajo-de-responsable-de-deposito-con-experiencia-en-la-paternal-4E03E8EFDE822A7A61373E686DCF3405
    │ Title        : Responsable de Depósito - Con experiencia
    │ Company      : Importante empresa del sector
    │ Location     : La Paternal, Capital Federal
    │ Job type     : full-time
    │ Salary       : A convenir ARS
    │ Industry     : (none)
    │ Date posted  : (unknown)
    │ Deadline     : (estimated: )
    │ External ID  : (none)
    │ Description  : Nos encontramos a la búsqueda de un Responsable de Depósito con experiencia demostrable en gestión logística y procesos de almacenamiento. En este rol, serás responsable de supervisar y optimizar las …
    └───────────────────────────────────────────────────────
2026-09-27 15:37:04,720 DEBUG https://argentina.mimusjobs.com:443 "GET /wp-json/wp/v2/companies?slug=importante-empresa-del-sector HTTP/1.1" 200 None
2026-09-27 15:37:04,720 INFO ⏭ Company exists: Importante empresa del sector
2026-09-27 15:37:05,705 DEBUG https://argentina.mimusjobs.com:443 "GET /wp-json/wp/v2/job-listings?slug=responsable-de-dep-sito---con-experiencia HTTP/1.1" 200 None
2026-09-27 15:37:06,905 DEBUG https://argentina.mimusjobs.com:443 "GET /wp-json/wp/v2/job_listing_region?slug=la-paternal--capital-federal HTTP/1.1" 200 None
2026-09-27 15:37:07,926 DEBUG https://argentina.mimusjobs.com:443 "POST /wp-json/wp/v2/job-listings HTTP/1.1" 201 None
2026-09-27 15:37:07,926 INFO ✅ Job posted: 'Responsable de Depósito - Con experiencia' → WP ID 35137
2026-09-27 15:37:07,927 INFO ✅ SUCCESS — 'Responsable de Depósito - Con experiencia' → WP ID=35137 🔗 https://argentina.mimusjobs.com/job/responsable-de-deposito-con-experiencia-5/
2026-09-27 15:37:08,927 INFO ── https://ar.computrabajo.com/empleos-en-capital-federal | page 9 | job 3/20: https://ar.computrabajo.com/ofertas-de-trabajo/oferta-de-trabajo-de-tecnico-en-mantenimiento-en-san-nicolas-0777DAD644FAF8A061373E686DCF3405
2026-09-27 15:37:08,983 DEBUG https://ar.computrabajo.com:443 "GET /ofertas-de-trabajo/oferta-de-trabajo-de-tecnico-en-mantenimiento-en-san-nicolas-0777DAD644FAF8A061373E686DCF3405 HTTP/1.1" 200 None
2026-09-27 15:37:08,985 DEBUG     GET https://ar.computrabajo.com/ofertas-de-trabajo/oferta-de-trabajo-de-tecnico-en-mantenimiento-en-san-nicolas-0777DAD644FAF8A061373E686DCF3405 → HTTP 200 (166,010 chars)
2026-09-27 15:37:09,005 INFO     ┌─ SCRAPED JOB ─────────────────────────────────────────
    │ URL          : https://ar.computrabajo.com/ofertas-de-trabajo/oferta-de-trabajo-de-tecnico-en-mantenimiento-en-san-nicolas-0777DAD644FAF8A061373E686DCF3405
    │ Title        : Técnico en mantenimiento
    │ Company      : PLCONTROL
    │ Location     : San Nicolás, Capital Federal
    │ Job type     : full-time
    │ Salary       : 1500000 ARS
    │ Industry     : Construcción / obras
    │ Date posted  : 2026-09-03
    │ Deadline     : 2026-11-02
    │ External ID  : CDEA40BF84F087AD
    │ Description  : En TIDDO SRL, empresa que desarrolla sus servicios bajo la marca PLControl, buscamos incorporar un Técnico de Mantenimiento para formar parte de nuestro equipo y brindar soporte en un importante servi…
    └───────────────────────────────────────────────────────
2026-09-27 15:37:09,800 DEBUG https://argentina.mimusjobs.com:443 "GET /wp-json/wp/v2/companies?slug=plcontrol HTTP/1.1" 200 None
2026-09-27 15:37:09,801 INFO ⏭ Company exists: PLCONTROL
2026-09-27 15:37:10,411 DEBUG https://argentina.mimusjobs.com:443 "GET /wp-json/wp/v2/job-listings?slug=t-cnico-en-mantenimiento HTTP/1.1" 200 None
2026-09-27 15:37:11,198 DEBUG https://argentina.mimusjobs.com:443 "POST /wp-json/wp/v2/job-listings HTTP/1.1" 201 None
2026-09-27 15:37:11,198 INFO ✅ Job posted: 'Técnico en mantenimiento' → WP ID 35138
2026-09-27 15:37:11,198 INFO ✅ SUCCESS — 'Técnico en mantenimiento' → WP ID=35138 🔗 https://argentina.mimusjobs.com/job/tecnico-en-mantenimiento-7/
2026-09-27 15:37:12,198 INFO ── https://ar.computrabajo.com/empleos-en-capital-federal | page 9 | job 4/20: https://ar.computrabajo.com/ofertas-de-trabajo/oferta-de-trabajo-de-referente-de-turno-polivalente-gastronomico-en-saavedra-A9745EE59B7F284A61373E686DCF3405
2026-09-27 15:37:12,280 DEBUG https://ar.computrabajo.com:443 "GET /ofertas-de-trabajo/oferta-de-trabajo-de-referente-de-turno-polivalente-gastronomico-en-saavedra-A9745EE59B7F284A61373E686DCF3405 HTTP/1.1" 200 None
2026-09-27 15:37:12,283 DEBUG     GET https://ar.computrabajo.com/ofertas-de-trabajo/oferta-de-trabajo-de-referente-de-turno-polivalente-gastronomico-en-saavedra-A9745EE59B7F284A61373E686DCF3405 → HTTP 200 (159,099 chars)
2026-09-27 15:37:12,302 INFO     ┌─ SCRAPED JOB ─────────────────────────────────────────
    │ URL          : https://ar.computrabajo.com/ofertas-de-trabajo/oferta-de-trabajo-de-referente-de-turno-polivalente-gastronomico-en-saavedra-A9745EE59B7F284A61373E686DCF3405
    │ Title        : Referente de turno / Polivalente Gastronómico
    │ Company      : Avanti con la lanza SRL
    │ Location     : Saavedra, Capital Federal
    │ Job type     : full-time
    │ Salary       : 900000 ARS
    │ Industry     : Hostelería / Turismo
    │ Date posted  : 2026-09-11
    │ Deadline     : 2026-11-10
    │ External ID  : 6B90FF16B66EFDB9
    │ Description  : Estamos buscando un Referente de turno / Polivalente Gastronómico para trabajar en Reconocido grupo empresarial de Palermo/ Saavedra.
Funciones
Gestionar las actividades del turno asignado
Coordinar c…
    └───────────────────────────────────────────────────────
2026-09-27 15:37:13,494 DEBUG https://argentina.mimusjobs.com:443 "GET /wp-json/wp/v2/companies?slug=avanti-con-la-lanza-srl HTTP/1.1" 200 None
2026-09-27 15:37:13,494 INFO ⏭ Company exists: Avanti con la lanza SRL
2026-09-27 15:37:15,469 DEBUG https://argentina.mimusjobs.com:443 "GET /wp-json/wp/v2/job-listings?slug=referente-de-turno---polivalente-gastron-mico HTTP/1.1" 200 None
2026-09-27 15:37:15,481 DEBUG https://ii.ct-stc.com:443 "GET /5/logos/empresas/2020/11/16/4d25b425f93f4ad6a0be112451108thumbnail.png HTTP/1.1" 200 2871
2026-09-27 15:37:16,563 DEBUG https://argentina.mimusjobs.com:443 "POST /wp-json/wp/v2/media HTTP/1.1" 201 None
2026-09-27 15:37:18,112 DEBUG https://argentina.mimusjobs.com:443 "POST /wp-json/wp/v2/job-listings HTTP/1.1" 201 None
2026-09-27 15:37:18,112 INFO ✅ Job posted: 'Referente de turno / Polivalente Gastronómico' → WP ID 35140
2026-09-27 15:37:18,112 INFO ✅ SUCCESS — 'Referente de turno / Polivalente Gastronómico' → WP ID=35140 🔗 https://argentina.mimusjobs.com/job/referente-de-turno-polivalente-gastronomico-6/
2026-09-27 15:37:19,112 INFO ── https://ar.computrabajo.com/empleos-en-capital-federal | page 9 | job 5/20: https://ar.computrabajo.com/ofertas-de-trabajo/oferta-de-trabajo-de-ejecutivoa-comercial-b2b-envases-y-productos-sostenibles-caba-y-gran-buenos-aires-en-nueva-pompeya-6BF44C38E804F82F61373E686DCF3405
2026-09-27 15:37:19,180 DEBUG https://ar.computrabajo.com:443 "GET /ofertas-de-trabajo/oferta-de-trabajo-de-ejecutivoa-comercial-b2b-envases-y-productos-sostenibles-caba-y-gran-buenos-aires-en-nueva-pompeya-6BF44C38E804F82F61373E686DCF3405 HTTP/1.1" 200 None
2026-09-27 15:37:19,183 DEBUG     GET https://ar.computrabajo.com/ofertas-de-trabajo/oferta-de-trabajo-de-ejecutivoa-comercial-b2b-envases-y-productos-sostenibles-caba-y-gran-buenos-aires-en-nueva-pompeya-6BF44C38E804F82F61373E686DCF3405 → HTTP 200 (165,009 chars)
2026-09-27 15:37:19,203 INFO     ┌─ SCRAPED JOB ─────────────────────────────────────────
    │ URL          : https://ar.computrabajo.com/ofertas-de-trabajo/oferta-de-trabajo-de-ejecutivoa-comercial-b2b-envases-y-productos-sostenibles-caba-y-gran-buenos-aires-en-nueva-pompeya-6BF44C38E804F82F61373E686DCF3405
    │ Title        : Ejecutivo/a Comercial B2B Envases y Productos Sostenibles - CABA y Gran Buenos Aires
    │ Company      : Selectium
    │ Location     : Nueva Pompeya, Capital Federal
    │ Job type     : full-time
    │ Salary       : (not listed)
    │ Industry     : Servicios Profesionales
    │ Date posted  : 2026-09-11
    │ Deadline     : 2026-11-10
    │ External ID  : 461887C8C830E83C
    │ Description  : ¿Te apasionan las ventas consultivas y el desarrollo de nuevos negocios? Nos encontramos en la búsqueda de un/a Ejecutivo/a Comercial para incorporarse a una empresa con sólida trayectoria, dedicada a…
    └───────────────────────────────────────────────────────
2026-09-27 15:37:19,870 DEBUG https://argentina.mimusjobs.com:443 "GET /wp-json/wp/v2/companies?slug=selectium HTTP/1.1" 200 None
2026-09-27 15:37:19,870 INFO ⏭ Company exists: Selectium
2026-09-27 15:37:20,639 DEBUG https://argentina.mimusjobs.com:443 "GET /wp-json/wp/v2/job-listings?slug=ejecutivo-a-comercial-b2b-envases-y-productos-sostenibles---caba-y-gran-buenos-a HTTP/1.1" 200 None
2026-09-27 15:37:20,650 DEBUG https://ii.ct-stc.com:443 "GET /5/logos/empresas/2025/12/09//selectium194816thumbnail.png HTTP/1.1" 200 22951
2026-09-27 15:37:22,026 DEBUG https://argentina.mimusjobs.com:443 "POST /wp-json/wp/v2/media HTTP/1.1" 201 None
2026-09-27 15:37:22,805 DEBUG https://argentina.mimusjobs.com:443 "GET /wp-json/wp/v2/job_listing_region?slug=nueva-pompeya--capital-federal HTTP/1.1" 200 None
2026-09-27 15:37:23,940 DEBUG https://argentina.mimusjobs.com:443 "POST /wp-json/wp/v2/job-listings HTTP/1.1" 201 None
2026-09-27 15:37:23,940 INFO ✅ Job posted: 'Ejecutivo/a Comercial B2B Envases y Productos Sostenibles - CABA y Gran Buenos Aires' → WP ID 35142
2026-09-27 15:37:23,940 INFO ✅ SUCCESS — 'Ejecutivo/a Comercial B2B Envases y Productos Sostenibles - CABA y Gran Buenos Aires' → WP ID=35142 🔗 https://argentina.mimusjobs.com/job/ejecutivo-a-comercial-b2b-envases-y-productos-sostenibles-caba-y-gran-buenos-aires-6/
2026-09-27 15:37:24,940 INFO ── https://ar.computrabajo.com/empleos-en-capital-federal | page 9 | job 6/20: https://ar.computrabajo.com/ofertas-de-trabajo/oferta-de-trabajo-de-profesora-de-historia-trabajo-part-time-trabajo-remoto-con-horario-flexible-en-liniers-A88977A88482774A61373E686DCF3405
2026-09-27 15:37:25,019 DEBUG https://ar.computrabajo.com:443 "GET /ofertas-de-trabajo/oferta-de-trabajo-de-profesora-de-historia-trabajo-part-time-trabajo-remoto-con-horario-flexible-en-liniers-A88977A88482774A61373E686DCF3405 HTTP/1.1" 200 None
2026-09-27 15:37:25,021 DEBUG     GET https://ar.computrabajo.com/ofertas-de-trabajo/oferta-de-trabajo-de-profesora-de-historia-trabajo-part-time-trabajo-remoto-con-horario-flexible-en-liniers-A88977A88482774A61373E686DCF3405 → HTTP 200 (162,440 chars)
2026-09-27 15:37:25,041 INFO     ┌─ SCRAPED JOB ─────────────────────────────────────────
    │ URL          : https://ar.computrabajo.com/ofertas-de-trabajo/oferta-de-trabajo-de-profesora-de-historia-trabajo-part-time-trabajo-remoto-con-horario-flexible-en-liniers-A88977A88482774A61373E686DCF3405
    │ Title        : Profesor/a de Historia – Trabajo Part Time - Trabajo Remoto con Horario Flexible
    │ Company      : Tusclases
    │ Location     : Liniers, Capital Federal
    │ Job type     : temporary
    │ Salary       : 5000 ARS
    │ Industry     : Educación
    │ Date posted  : 2026-09-11
    │ Deadline     : 2026-11-10
    │ External ID  : 9C62ACBE2D16FBF2
    │ Description  : Tusclasesparticulares está en busca de profesores/as de Historia con ganas de enseñar y compartir su pasión por la materia.
Si te interesa la educación y querés generar ingresos extra dando clases, ¡e…
    └───────────────────────────────────────────────────────
2026-09-27 15:37:25,827 DEBUG https://argentina.mimusjobs.com:443 "GET /wp-json/wp/v2/companies?slug=tusclases HTTP/1.1" 200 None
2026-09-27 15:37:25,828 INFO ⏭ Company exists: Tusclases
2026-09-27 15:37:26,586 DEBUG https://argentina.mimusjobs.com:443 "GET /wp-json/wp/v2/job-listings?slug=profesor-a-de-historia---trabajo-part-time---trabajo-remoto-con-horario-flexible HTTP/1.1" 200 None
2026-09-27 15:37:26,586 INFO ⏭ Job already on WP: Profesor/a de Historia – Trabajo Part Time - Trabajo Remoto con Horario Flexible
2026-09-27 15:37:26,587 INFO ✅ SUCCESS — 'Profesor/a de Historia – Trabajo Part Time - Trabajo Remoto con Horario Flexible' → WP ID=22377 🔗 https://argentina.mimusjobs.com/job/profesor-a-de-historia-trabajo-part-time-trabajo-remoto-con-horario-flexible/
2026-09-27 15:37:27,587 INFO ── https://ar.computrabajo.com/empleos-en-capital-federal | page 9 | job 7/20: https://ar.computrabajo.com/ofertas-de-trabajo/oferta-de-trabajo-de-camareroa-full-time-en-villa-crespo-11A5A476D400E6B561373E686DCF3405
2026-09-27 15:37:27,670 DEBUG https://ar.computrabajo.com:443 "GET /ofertas-de-trabajo/oferta-de-trabajo-de-camareroa-full-time-en-villa-crespo-11A5A476D400E6B561373E686DCF3405 HTTP/1.1" 200 None
2026-09-27 15:37:27,673 DEBUG     GET https://ar.computrabajo.com/ofertas-de-trabajo/oferta-de-trabajo-de-camareroa-full-time-en-villa-crespo-11A5A476D400E6B561373E686DCF3405 → HTTP 200 (159,810 chars)
2026-09-27 15:37:27,691 INFO     ┌─ SCRAPED JOB ─────────────────────────────────────────
    │ URL          : https://ar.computrabajo.com/ofertas-de-trabajo/oferta-de-trabajo-de-camareroa-full-time-en-villa-crespo-11A5A476D400E6B561373E686DCF3405
    │ Title        : Camarero/a - Full time
    │ Company      : Tienda de Cafe RRHH
    │ Location     : Villa Crespo, Capital Federal
    │ Job type     : full-time
    │ Salary       : (not listed)
    │ Industry     : Venta al consumidor
    │ Date posted  : 2026-09-11
    │ Deadline     : 2026-11-10
    │ External ID  : 67726E87A4996AE8
    │ Description  : ¡Importante cadena de cafeterías busca camareros! 
 Tareas:
Realizar una atención personalizada a nuestros clientes, asesorando sobre nuestras variedades de productos.
Tomar pedidos y servir bebidas y…
    └───────────────────────────────────────────────────────
2026-09-27 15:37:28,402 DEBUG https://argentina.mimusjobs.com:443 "GET /wp-json/wp/v2/companies?slug=tienda-de-cafe-rrhh HTTP/1.1" 200 None
2026-09-27 15:37:28,403 INFO ⏭ Company exists: Tienda de Cafe RRHH
2026-09-27 15:37:28,990 DEBUG https://argentina.mimusjobs.com:443 "GET /wp-json/wp/v2/job-listings?slug=camarero-a---full-time HTTP/1.1" 200 None
2026-09-27 15:37:28,990 INFO ⏭ Job already on WP: Camarero/a - Full time
2026-09-27 15:37:28,990 INFO ✅ SUCCESS — 'Camarero/a - Full time' → WP ID=16886 🔗 https://argentina.mimusjobs.com/job/camarero-a-full-time/
2026-09-27 15:37:29,990 INFO ── https://ar.computrabajo.com/empleos-en-capital-federal | page 9 | job 8/20: https://ar.computrabajo.com/ofertas-de-trabajo/oferta-de-trabajo-de-coordinadora-de-operaciones-comerciales--call-center-en-monserrat-958B90DF698DEB3F61373E686DCF3405
2026-09-27 15:37:30,090 DEBUG https://ar.computrabajo.com:443 "GET /ofertas-de-trabajo/oferta-de-trabajo-de-coordinadora-de-operaciones-comerciales--call-center-en-monserrat-958B90DF698DEB3F61373E686DCF3405 HTTP/1.1" 200 None
2026-09-27 15:37:30,093 DEBUG     GET https://ar.computrabajo.com/ofertas-de-trabajo/oferta-de-trabajo-de-coordinadora-de-operaciones-comerciales--call-center-en-monserrat-958B90DF698DEB3F61373E686DCF3405 → HTTP 200 (183,529 chars)
2026-09-27 15:37:30,117 INFO     ┌─ SCRAPED JOB ─────────────────────────────────────────
    │ URL          : https://ar.computrabajo.com/ofertas-de-trabajo/oferta-de-trabajo-de-coordinadora-de-operaciones-comerciales--call-center-en-monserrat-958B90DF698DEB3F61373E686DCF3405
    │ Title        : Coordinador/a de Operaciones Comerciales / Call Center
    │ Company      : C Garantido
    │ Location     : Monserrat, Capital Federal
    │ Job type     : full-time
    │ Salary       : (not listed)
    │ Industry     : Telecomunicaciones
    │ Date posted  : 2026-09-11
    │ Deadline     : 2026-11-10
    │ External ID  : 69A3B494D81FB548
    │ Description  : En Grupo Contacto Garantido, líder en soluciones comerciales, cobranzas y customer experience en Argentina y LATAM (México, Chile, Colombia y Perú), buscamos incorporar un/a Coordinador/a de Operacion…
    └───────────────────────────────────────────────────────
2026-09-27 15:37:30,862 DEBUG https://argentina.mimusjobs.com:443 "GET /wp-json/wp/v2/companies?slug=c-garantido HTTP/1.1" 200 None
2026-09-27 15:37:30,862 INFO ⏭ Company exists: C Garantido
2026-09-27 15:37:31,576 DEBUG https://argentina.mimusjobs.com:443 "GET /wp-json/wp/v2/job-listings?slug=coordinador-a-de-operaciones-comerciales---call-center HTTP/1.1" 200 None
2026-09-27 15:37:31,576 INFO ⏭ Job already on WP: Coordinador/a de Operaciones Comerciales / Call Center
2026-09-27 15:37:31,576 INFO ✅ SUCCESS — 'Coordinador/a de Operaciones Comerciales / Call Center' → WP ID=21527 🔗 https://argentina.mimusjobs.com/job/coordinador-a-de-operaciones-comerciales-call-center/
2026-09-27 15:37:32,577 INFO ── https://ar.computrabajo.com/empleos-en-capital-federal | page 9 | job 9/20: https://ar.computrabajo.com/ofertas-de-trabajo/oferta-de-trabajo-de-command-center-it-ssroperador-de-monitoreo-sadefe-00-hs-a-12-hs-caba-en-san-cristobal-FF530970D1DC023261373E686DCF3405
2026-09-27 15:37:32,680 DEBUG https://ar.computrabajo.com:443 "GET /ofertas-de-trabajo/oferta-de-trabajo-de-command-center-it-ssroperador-de-monitoreo-sadefe-00-hs-a-12-hs-caba-en-san-cristobal-FF530970D1DC023261373E686DCF3405 HTTP/1.1" 200 None
2026-09-27 15:37:32,683 DEBUG     GET https://ar.computrabajo.com/ofertas-de-trabajo/oferta-de-trabajo-de-command-center-it-ssroperador-de-monitoreo-sadefe-00-hs-a-12-hs-caba-en-san-cristobal-FF530970D1DC023261373E686DCF3405 → HTTP 200 (177,624 chars)
2026-09-27 15:37:32,706 INFO     ┌─ SCRAPED JOB ─────────────────────────────────────────
    │ URL          : https://ar.computrabajo.com/ofertas-de-trabajo/oferta-de-trabajo-de-command-center-it-ssroperador-de-monitoreo-sadefe-00-hs-a-12-hs-caba-en-san-cristobal-FF530970D1DC023261373E686DCF3405
    │ Title        : Command Center IT SSR/Operador de monitoreo / SaDeFe 00 hs a 12 hs (CABA)
    │ Company      : Yel
    │ Location     : San Cristóbal, Capital Federal
    │ Job type     : full-time
    │ Salary       : (not listed)
    │ Industry     : Informática / Software
    │ Date posted  : 2026-08-10
    │ Deadline     : 2026-10-09
    │ External ID  : 59AC7037EEA764B5
    │ Description  : En Yel, empresa líder en IT Outsourcing Services con operaciones de alcance global, nos encontramos en la búsqueda de un Operador de monitoreo/Command Center IT SSR para sumarse a nuestro staff de col…
    └───────────────────────────────────────────────────────
2026-09-27 15:37:33,421 DEBUG https://argentina.mimusjobs.com:443 "GET /wp-json/wp/v2/companies?slug=yel HTTP/1.1" 200 None
2026-09-27 15:37:33,421 INFO ⏭ Company exists: Yel
2026-09-27 15:37:34,039 DEBUG https://argentina.mimusjobs.com:443 "GET /wp-json/wp/v2/job-listings?slug=command-center-it-ssr-operador-de-monitoreo---sadefe-00-hs-a-12-hs--caba- HTTP/1.1" 200 None
2026-09-27 15:37:34,040 INFO ⏭ Job already on WP: Command Center IT SSR/Operador de monitoreo / SaDeFe 00 hs a 12 hs (CABA)
2026-09-27 15:37:34,040 INFO ✅ SUCCESS — 'Command Center IT SSR/Operador de monitoreo / SaDeFe 00 hs a 12 hs (CABA)' → WP ID=22386 🔗 https://argentina.mimusjobs.com/job/command-center-it-ssr-operador-de-monitoreo-sadefe-00-hs-a-12-hs-caba/
2026-09-27 15:37:35,040 INFO ── https://ar.computrabajo.com/empleos-en-capital-federal | page 9 | job 10/20: https://ar.computrabajo.com/ofertas-de-trabajo/oferta-de-trabajo-de-analista-de-administracion-de-personal-rubro-cosmetico-en-caballito-65019BB9D4C45ECD61373E686DCF3405
2026-09-27 15:37:35,097 DEBUG https://ar.computrabajo.com:443 "GET /ofertas-de-trabajo/oferta-de-trabajo-de-analista-de-administracion-de-personal-rubro-cosmetico-en-caballito-65019BB9D4C45ECD61373E686DCF3405 HTTP/1.1" 200 None
2026-09-27 15:37:35,100 DEBUG     GET https://ar.computrabajo.com/ofertas-de-trabajo/oferta-de-trabajo-de-analista-de-administracion-de-personal-rubro-cosmetico-en-caballito-65019BB9D4C45ECD61373E686DCF3405 → HTTP 200 (154,448 chars)
2026-09-27 15:37:35,117 WARNING No JobPosting JSON-LD found, using HTML fallback: https://ar.computrabajo.com/ofertas-de-trabajo/oferta-de-trabajo-de-analista-de-administracion-de-personal-rubro-cosmetico-en-caballito-65019BB9D4C45ECD61373E686DCF3405
2026-09-27 15:37:35,118 INFO     ┌─ SCRAPED JOB ─────────────────────────────────────────
    │ URL          : https://ar.computrabajo.com/ofertas-de-trabajo/oferta-de-trabajo-de-analista-de-administracion-de-personal-rubro-cosmetico-en-caballito-65019BB9D4C45ECD61373E686DCF3405
    │ Title        : Analista de administración de personal - Rubro Cosmético
    │ Company      : Importante empresa del sector
    │ Location     : Caballito, Capital Federal
    │ Job type     : full-time
    │ Salary       : A convenir ARS
    │ Industry     : (none)
    │ Date posted  : (unknown)
    │ Deadline     : (estimated: )
    │ External ID  : (none)
    │ Description  : Importante laboratorio se encuentra en la búsqueda de un Analista de Administración de Personal para incorporarse al equipo de Recursos Humanos.
Principales responsabilidades
Armado, actualización y m…
    └───────────────────────────────────────────────────────
2026-09-27 15:37:36,029 DEBUG https://argentina.mimusjobs.com:443 "GET /wp-json/wp/v2/companies?slug=importante-empresa-del-sector HTTP/1.1" 200 None
2026-09-27 15:37:36,029 INFO ⏭ Company exists: Importante empresa del sector
2026-09-27 15:37:36,671 DEBUG https://argentina.mimusjobs.com:443 "GET /wp-json/wp/v2/job-listings?slug=analista-de-administraci-n-de-personal---rubro-cosm-tico HTTP/1.1" 200 None
2026-09-27 15:37:37,642 DEBUG https://argentina.mimusjobs.com:443 "POST /wp-json/wp/v2/job-listings HTTP/1.1" 201 None
2026-09-27 15:37:37,643 INFO ✅ Job posted: 'Analista de administración de personal - Rubro Cosmético' → WP ID 35143
2026-09-27 15:37:37,643 INFO ✅ SUCCESS — 'Analista de administración de personal - Rubro Cosmético' → WP ID=35143 🔗 https://argentina.mimusjobs.com/job/analista-de-administracion-de-personal-rubro-cosmetico-6/
2026-09-27 15:37:38,643 INFO ── https://ar.computrabajo.com/empleos-en-capital-federal | page 9 | job 11/20: https://ar.computrabajo.com/ofertas-de-trabajo/oferta-de-trabajo-de-maestranza-y-personal-limpieza-pcentro-medico-cexperiencia-resida-prox-almagro-en-agronomia-863A1860E2319F8C61373E686DCF3405
2026-09-27 15:37:38,732 DEBUG https://ar.computrabajo.com:443 "GET /ofertas-de-trabajo/oferta-de-trabajo-de-maestranza-y-personal-limpieza-pcentro-medico-cexperiencia-resida-prox-almagro-en-agronomia-863A1860E2319F8C61373E686DCF3405 HTTP/1.1" 200 None
2026-09-27 15:37:38,734 DEBUG     GET https://ar.computrabajo.com/ofertas-de-trabajo/oferta-de-trabajo-de-maestranza-y-personal-limpieza-pcentro-medico-cexperiencia-resida-prox-almagro-en-agronomia-863A1860E2319F8C61373E686DCF3405 → HTTP 200 (160,881 chars)
2026-09-27 15:37:38,753 INFO     ┌─ SCRAPED JOB ─────────────────────────────────────────
    │ URL          : https://ar.computrabajo.com/ofertas-de-trabajo/oferta-de-trabajo-de-maestranza-y-personal-limpieza-pcentro-medico-cexperiencia-resida-prox-almagro-en-agronomia-863A1860E2319F8C61373E686DCF3405
    │ Title        : Maestranza y Personal Limpieza - p/Centro Médico c/experiencia resida prox. Almagro
    │ Company      : CENTRO INTEGRAL DE MEDICINA OCULAR - CIMO
    │ Location     : Agronomía, Capital Federal
    │ Job type     : full-time
    │ Salary       : (not listed)
    │ Industry     : Salud / Medicina
    │ Date posted  : 2026-08-26
    │ Deadline     : 2026-10-25
    │ External ID  : 85C56593FB3474C7
    │ Description  : Somos un Centro Medico Oftalmológico y nos encontramos en la búsqueda de una persona de sexo femenino para realizar tareas de maestranza y limpieza general del establecimiento. Dentro de las funciones…
    └───────────────────────────────────────────────────────
2026-09-27 15:37:39,405 DEBUG https://argentina.mimusjobs.com:443 "GET /wp-json/wp/v2/companies?slug=centro-integral-de-medicina-ocular---cimo HTTP/1.1" 200 None
2026-09-27 15:37:39,405 INFO ⏭ Company exists: CENTRO INTEGRAL DE MEDICINA OCULAR - CIMO
2026-09-27 15:37:40,154 DEBUG https://argentina.mimusjobs.com:443 "GET /wp-json/wp/v2/job-listings?slug=maestranza-y-personal-limpieza---p-centro-m-dico-c-experiencia-resida-prox--alma HTTP/1.1" 200 None
2026-09-27 15:37:40,963 DEBUG https://argentina.mimusjobs.com:443 "GET /wp-json/wp/v2/job_listing_region?slug=agronom-a--capital-federal HTTP/1.1" 200 None
2026-09-27 15:37:41,930 DEBUG https://argentina.mimusjobs.com:443 "POST /wp-json/wp/v2/job-listings HTTP/1.1" 201 None
2026-09-27 15:37:41,930 INFO ✅ Job posted: 'Maestranza y Personal Limpieza - p/Centro Médico c/experiencia resida prox. Almagro' → WP ID 35144
2026-09-27 15:37:41,931 INFO ✅ SUCCESS — 'Maestranza y Personal Limpieza - p/Centro Médico c/experiencia resida prox. Almagro' → WP ID=35144 🔗 https://argentina.mimusjobs.com/job/maestranza-y-personal-limpieza-p-centro-medico-c-experiencia-resida-prox-almagro-6/
2026-09-27 15:37:42,931 INFO ── https://ar.computrabajo.com/empleos-en-capital-federal | page 9 | job 12/20: https://ar.computrabajo.com/ofertas-de-trabajo/oferta-de-trabajo-de-vendedora-retail-educando-jugueterias-jugueterias-educando-en-palermo-99606E88205CCF7261373E686DCF3405
2026-09-27 15:37:43,024 DEBUG https://ar.computrabajo.com:443 "GET /ofertas-de-trabajo/oferta-de-trabajo-de-vendedora-retail-educando-jugueterias-jugueterias-educando-en-palermo-99606E88205CCF7261373E686DCF3405 HTTP/1.1" 200 None
2026-09-27 15:37:43,028 DEBUG     GET https://ar.computrabajo.com/ofertas-de-trabajo/oferta-de-trabajo-de-vendedora-retail-educando-jugueterias-jugueterias-educando-en-palermo-99606E88205CCF7261373E686DCF3405 → HTTP 200 (175,484 chars)
2026-09-27 15:37:43,050 INFO     ┌─ SCRAPED JOB ─────────────────────────────────────────
    │ URL          : https://ar.computrabajo.com/ofertas-de-trabajo/oferta-de-trabajo-de-vendedora-retail-educando-jugueterias-jugueterias-educando-en-palermo-99606E88205CCF7261373E686DCF3405
    │ Title        : Vendedor/a retail Educando jugueterias - Jugueterías Educando
    │ Company      : Educando
    │ Location     : Palermo, Capital Federal
    │ Job type     : full-time
    │ Salary       : 111000 ARS
    │ Industry     : Venta al consumidor
    │ Date posted  : 2026-08-09
    │ Deadline     : 2026-10-08
    │ External ID  : D327C2C455C998A4
    │ Description  : ¡BUSCAMOS VENDEDORES/AS RETAIL PARA EL EQUIPO DE EDUCANDO! 
¿Sos una persona entusiasta, proactiva y te apasiona la atención al cliente? En Educando jugueterías estamos buscando talentos comerciales p…
    └───────────────────────────────────────────────────────
2026-09-27 15:37:44,102 DEBUG https://argentina.mimusjobs.com:443 "GET /wp-json/wp/v2/companies?slug=educando HTTP/1.1" 200 None
2026-09-27 15:37:44,102 INFO ⏭ Company exists: Educando
2026-09-27 15:37:44,770 DEBUG https://argentina.mimusjobs.com:443 "GET /wp-json/wp/v2/job-listings?slug=vendedor-a-retail-educando-jugueterias---jugueter-as-educando HTTP/1.1" 200 None
2026-09-27 15:37:44,782 DEBUG https://ii.ct-stc.com:443 "GET /5/logos/empresas/2019/10/02/c3d9eff202cd4d70bbb5154434987thumbnail.jpg HTTP/1.1" 200 4401
2026-09-27 15:37:45,684 DEBUG https://argentina.mimusjobs.com:443 "POST /wp-json/wp/v2/media HTTP/1.1" 201 None
2026-09-27 15:37:47,463 DEBUG https://argentina.mimusjobs.com:443 "POST /wp-json/wp/v2/job-listings HTTP/1.1" 201 None
2026-09-27 15:37:47,472 INFO ✅ Job posted: 'Vendedor/a retail Educando jugueterias - Jugueterías Educando' → WP ID 35146
2026-09-27 15:37:47,473 INFO ✅ SUCCESS — 'Vendedor/a retail Educando jugueterias - Jugueterías Educando' → WP ID=35146 🔗 https://argentina.mimusjobs.com/job/vendedor-a-retail-educando-jugueterias-jugueterias-educando-7/
2026-09-27 15:37:48,473 INFO ── https://ar.computrabajo.com/empleos-en-capital-federal | page 9 | job 13/20: https://ar.computrabajo.com/ofertas-de-trabajo/oferta-de-trabajo-de-analista-de-seleccion-en-san-nicolas-C7A4ED2D10EE55AE61373E686DCF3405
2026-09-27 15:37:48,549 DEBUG https://ar.computrabajo.com:443 "GET /ofertas-de-trabajo/oferta-de-trabajo-de-analista-de-seleccion-en-san-nicolas-C7A4ED2D10EE55AE61373E686DCF3405 HTTP/1.1" 200 None
2026-09-27 15:37:48,551 DEBUG     GET https://ar.computrabajo.com/ofertas-de-trabajo/oferta-de-trabajo-de-analista-de-seleccion-en-san-nicolas-C7A4ED2D10EE55AE61373E686DCF3405 → HTTP 200 (160,022 chars)
2026-09-27 15:37:48,570 INFO     ┌─ SCRAPED JOB ─────────────────────────────────────────
    │ URL          : https://ar.computrabajo.com/ofertas-de-trabajo/oferta-de-trabajo-de-analista-de-seleccion-en-san-nicolas-C7A4ED2D10EE55AE61373E686DCF3405
    │ Title        : Analista de Selección
    │ Company      : Open 25
    │ Location     : San Nicolás, Capital Federal
    │ Job type     : full-time
    │ Salary       : (not listed)
    │ Industry     : Venta al consumidor
    │ Date posted  : 2026-08-10
    │ Deadline     : 2026-10-09
    │ External ID  : 4B50D69F0DAC45C7
    │ Description  : ¡Estamos buscando Analista de Selección! 
¿Te apasiona encontrar talento, conectar personas con oportunidades y formar parte de procesos de selección dinámicos?
 ¡Esta oportunidad puede ser para vos!
…
    └───────────────────────────────────────────────────────
2026-09-27 15:37:49,354 DEBUG https://argentina.mimusjobs.com:443 "GET /wp-json/wp/v2/companies?slug=open-25 HTTP/1.1" 200 None
2026-09-27 15:37:49,354 INFO ⏭ Company exists: Open 25
2026-09-27 15:37:50,211 DEBUG https://argentina.mimusjobs.com:443 "GET /wp-json/wp/v2/job-listings?slug=analista-de-selecci-n HTTP/1.1" 200 None
2026-09-27 15:37:51,222 DEBUG https://argentina.mimusjobs.com:443 "POST /wp-json/wp/v2/job-listings HTTP/1.1" 201 None
2026-09-27 15:37:51,223 INFO ✅ Job posted: 'Analista de Selección' → WP ID 35147
2026-09-27 15:37:51,223 INFO ✅ SUCCESS — 'Analista de Selección' → WP ID=35147 🔗 https://argentina.mimusjobs.com/job/analista-de-seleccion-7/
2026-09-27 15:37:52,223 INFO ── https://ar.computrabajo.com/empleos-en-capital-federal | page 9 | job 14/20: https://ar.computrabajo.com/ofertas-de-trabajo/oferta-de-trabajo-de-representante-comercial-mass-market-en-retiro-B062E8CC118569A661373E686DCF3405
2026-09-27 15:37:52,301 DEBUG https://ar.computrabajo.com:443 "GET /ofertas-de-trabajo/oferta-de-trabajo-de-representante-comercial-mass-market-en-retiro-B062E8CC118569A661373E686DCF3405 HTTP/1.1" 200 None
2026-09-27 15:37:52,304 DEBUG     GET https://ar.computrabajo.com/ofertas-de-trabajo/oferta-de-trabajo-de-representante-comercial-mass-market-en-retiro-B062E8CC118569A661373E686DCF3405 → HTTP 200 (153,209 chars)
2026-09-27 15:37:52,320 WARNING No JobPosting JSON-LD found, using HTML fallback: https://ar.computrabajo.com/ofertas-de-trabajo/oferta-de-trabajo-de-representante-comercial-mass-market-en-retiro-B062E8CC118569A661373E686DCF3405
2026-09-27 15:37:52,321 INFO     ┌─ SCRAPED JOB ─────────────────────────────────────────
    │ URL          : https://ar.computrabajo.com/ofertas-de-trabajo/oferta-de-trabajo-de-representante-comercial-mass-market-en-retiro-B062E8CC118569A661373E686DCF3405
    │ Title        : Representante Comercial Mass Market
    │ Company      : Importante empresa del sector
    │ Location     : Retiro, Capital Federal
    │ Job type     : full-time
    │ Salary       : A convenir ARS
    │ Industry     : (none)
    │ Date posted  : (unknown)
    │ Deadline     : (estimated: )
    │ External ID  : (none)
    │ Description  : Nos encontramos en la búsqueda de un Representante Comercial Mass Market para desempeñar sus tareas en Retiro, Ciudad Autónoma de Buenos Aires.
 
Responsabilidades:
-Identificar y desarrollar oportuni…
    └───────────────────────────────────────────────────────
2026-09-27 15:37:53,018 DEBUG https://argentina.mimusjobs.com:443 "GET /wp-json/wp/v2/companies?slug=importante-empresa-del-sector HTTP/1.1" 200 None
2026-09-27 15:37:53,019 INFO ⏭ Company exists: Importante empresa del sector
2026-09-27 15:37:53,834 DEBUG https://argentina.mimusjobs.com:443 "GET /wp-json/wp/v2/job-listings?slug=representante-comercial-mass-market HTTP/1.1" 200 None
2026-09-27 15:37:53,835 INFO ⏭ Job already on WP: Representante Comercial Mass Market
2026-09-27 15:37:53,835 INFO ✅ SUCCESS — 'Representante Comercial Mass Market' → WP ID=22391 🔗 https://argentina.mimusjobs.com/job/representante-comercial-mass-market/
2026-09-27 15:37:54,835 INFO ── https://ar.computrabajo.com/empleos-en-capital-federal | page 9 | job 15/20: https://ar.computrabajo.com/ofertas-de-trabajo/oferta-de-trabajo-de-lider-comercial-en-belgrano-4839C4B38D2D533A61373E686DCF3405
2026-09-27 15:37:54,903 DEBUG https://ar.computrabajo.com:443 "GET /ofertas-de-trabajo/oferta-de-trabajo-de-lider-comercial-en-belgrano-4839C4B38D2D533A61373E686DCF3405 HTTP/1.1" 200 None
2026-09-27 15:37:54,906 DEBUG     GET https://ar.computrabajo.com/ofertas-de-trabajo/oferta-de-trabajo-de-lider-comercial-en-belgrano-4839C4B38D2D533A61373E686DCF3405 → HTTP 200 (150,705 chars)
2026-09-27 15:37:54,923 WARNING No JobPosting JSON-LD found, using HTML fallback: https://ar.computrabajo.com/ofertas-de-trabajo/oferta-de-trabajo-de-lider-comercial-en-belgrano-4839C4B38D2D533A61373E686DCF3405
2026-09-27 15:37:54,925 INFO     ┌─ SCRAPED JOB ─────────────────────────────────────────
    │ URL          : https://ar.computrabajo.com/ofertas-de-trabajo/oferta-de-trabajo-de-lider-comercial-en-belgrano-4839C4B38D2D533A61373E686DCF3405
    │ Title        : Líder Comercial
    │ Company      : Importante empresa del sector
    │ Location     : Belgrano, Capital Federal
    │ Job type     : full-time
    │ Salary       : A convenir ARS
    │ Industry     : (none)
    │ Date posted  : (unknown)
    │ Deadline     : (estimated: )
    │ External ID  : (none)
    │ Description  : Líder Comercial
Gestión Continua S.A se encuentra en la búsqueda de un/a Líder Comercial para asumir la conducción de un equipo de ventas consolidado y con amplia trayectoria.
Buscamos una persona cap…
    └───────────────────────────────────────────────────────
2026-09-27 15:37:56,021 DEBUG https://argentina.mimusjobs.com:443 "GET /wp-json/wp/v2/companies?slug=importante-empresa-del-sector HTTP/1.1" 200 None
2026-09-27 15:37:56,021 INFO ⏭ Company exists: Importante empresa del sector
2026-09-27 15:37:56,621 DEBUG https://argentina.mimusjobs.com:443 "GET /wp-json/wp/v2/job-listings?slug=l-der-comercial HTTP/1.1" 200 None
2026-09-27 15:37:57,549 DEBUG https://argentina.mimusjobs.com:443 "POST /wp-json/wp/v2/job-listings HTTP/1.1" 201 None
2026-09-27 15:37:57,549 INFO ✅ Job posted: 'Líder Comercial' → WP ID 35148
2026-09-27 15:37:57,549 INFO ✅ SUCCESS — 'Líder Comercial' → WP ID=35148 🔗 https://argentina.mimusjobs.com/job/lider-comercial-7/
2026-09-27 15:37:58,549 INFO ── https://ar.computrabajo.com/empleos-en-capital-federal | page 9 | job 16/20: https://ar.computrabajo.com/ofertas-de-trabajo/oferta-de-trabajo-de-analista-de-precios-rubro-automotriz-en-agronomia-31D15F09F174593061373E686DCF3405
2026-09-27 15:37:58,626 DEBUG https://ar.computrabajo.com:443 "GET /ofertas-de-trabajo/oferta-de-trabajo-de-analista-de-precios-rubro-automotriz-en-agronomia-31D15F09F174593061373E686DCF3405 HTTP/1.1" 200 None
2026-09-27 15:37:58,629 DEBUG     GET https://ar.computrabajo.com/ofertas-de-trabajo/oferta-de-trabajo-de-analista-de-precios-rubro-automotriz-en-agronomia-31D15F09F174593061373E686DCF3405 → HTTP 200 (151,285 chars)
2026-09-27 15:37:58,645 WARNING No JobPosting JSON-LD found, using HTML fallback: https://ar.computrabajo.com/ofertas-de-trabajo/oferta-de-trabajo-de-analista-de-precios-rubro-automotriz-en-agronomia-31D15F09F174593061373E686DCF3405
2026-09-27 15:37:58,647 INFO     ┌─ SCRAPED JOB ─────────────────────────────────────────
    │ URL          : https://ar.computrabajo.com/ofertas-de-trabajo/oferta-de-trabajo-de-analista-de-precios-rubro-automotriz-en-agronomia-31D15F09F174593061373E686DCF3405
    │ Title        : Analista de precios - Rubro automotriz
    │ Company      : Importante empresa del sector
    │ Location     : Agronomía, Capital Federal
    │ Job type     : full-time
    │ Salary       : A convenir ARS
    │ Industry     : (none)
    │ Date posted  : (unknown)
    │ Deadline     : (estimated: )
    │ External ID  : (none)
    │ Description  : Somos una empresa en crecimiento dentro del mercado automotor. Buscamos un analista con perfil data-driven para sumarse al equipo de pricing: alguien que entienda los datos, construya dashboards útile…
    └───────────────────────────────────────────────────────
2026-09-27 15:37:59,859 DEBUG https://argentina.mimusjobs.com:443 "GET /wp-json/wp/v2/companies?slug=importante-empresa-del-sector HTTP/1.1" 200 None
2026-09-27 15:37:59,859 INFO ⏭ Company exists: Importante empresa del sector
2026-09-27 15:38:01,103 DEBUG https://argentina.mimusjobs.com:443 "GET /wp-json/wp/v2/job-listings?slug=analista-de-precios---rubro-automotriz HTTP/1.1" 200 None
2026-09-27 15:38:01,103 INFO ⏭ Job already on WP: Analista de precios - Rubro automotriz
2026-09-27 15:38:01,104 INFO ✅ SUCCESS — 'Analista de precios - Rubro automotriz' → WP ID=22253 🔗 https://argentina.mimusjobs.com/job/analista-de-precios-rubro-automotriz/
2026-09-27 15:38:02,104 INFO ── https://ar.computrabajo.com/empleos-en-capital-federal | page 9 | job 17/20: https://ar.computrabajo.com/ofertas-de-trabajo/oferta-de-trabajo-de-administrativoa-secretaria-de-alumnos-en-belgrano-B664C4869A7CB00C61373E686DCF3405
2026-09-27 15:38:02,181 DEBUG https://ar.computrabajo.com:443 "GET /ofertas-de-trabajo/oferta-de-trabajo-de-administrativoa-secretaria-de-alumnos-en-belgrano-B664C4869A7CB00C61373E686DCF3405 HTTP/1.1" 200 None
2026-09-27 15:38:02,183 DEBUG     GET https://ar.computrabajo.com/ofertas-de-trabajo/oferta-de-trabajo-de-administrativoa-secretaria-de-alumnos-en-belgrano-B664C4869A7CB00C61373E686DCF3405 → HTTP 200 (168,454 chars)
2026-09-27 15:38:02,204 INFO     ┌─ SCRAPED JOB ─────────────────────────────────────────
    │ URL          : https://ar.computrabajo.com/ofertas-de-trabajo/oferta-de-trabajo-de-administrativoa-secretaria-de-alumnos-en-belgrano-B664C4869A7CB00C61373E686DCF3405
    │ Title        : Administrativo/a Secretaría de Alumnos
    │ Company      : ASOCIACION ORT ARGENTINA
    │ Location     : Belgrano, Capital Federal
    │ Job type     : full-time
    │ Salary       : (not listed)
    │ Industry     : Educación
    │ Date posted  : 2026-08-26
    │ Deadline     : 2026-10-25
    │ External ID  : C3672EDAAA4C68F2
    │ Description  : Te gustaría ser parte de ORT Argentina? ¡Esta es tu oportunidad!
Nos encontramos en la búsqueda de un/a Administrativo/a para sumarse a nuestra Secretaría de Alumnos.
 Principales responsabilidades:
A…
    └───────────────────────────────────────────────────────
2026-09-27 15:38:03,158 DEBUG https://argentina.mimusjobs.com:443 "GET /wp-json/wp/v2/companies?slug=asociacion-ort-argentina HTTP/1.1" 200 None
2026-09-27 15:38:03,159 INFO ⏭ Company exists: ASOCIACION ORT ARGENTINA
2026-09-27 15:38:03,872 DEBUG https://argentina.mimusjobs.com:443 "GET /wp-json/wp/v2/job-listings?slug=administrativo-a-secretar-a-de-alumnos HTTP/1.1" 200 None
2026-09-27 15:38:03,883 DEBUG https://ii.ct-stc.com:443 "GET /5/logos/empresas/2019/10/25/asociacion-ort-argentina-C3672EDAAA4C68F2113642thumbnail.png HTTP/1.1" 200 38777
2026-09-27 15:38:04,786 DEBUG https://argentina.mimusjobs.com:443 "POST /wp-json/wp/v2/media HTTP/1.1" 201 None
2026-09-27 15:38:06,545 DEBUG https://argentina.mimusjobs.com:443 "POST /wp-json/wp/v2/job-listings HTTP/1.1" 201 None
2026-09-27 15:38:06,545 INFO ✅ Job posted: 'Administrativo/a Secretaría de Alumnos' → WP ID 35150
2026-09-27 15:38:06,546 INFO ✅ SUCCESS — 'Administrativo/a Secretaría de Alumnos' → WP ID=35150 🔗 https://argentina.mimusjobs.com/job/administrativo-a-secretaria-de-alumnos-6/
2026-09-27 15:38:07,546 INFO ── https://ar.computrabajo.com/empleos-en-capital-federal | page 9 | job 18/20: https://ar.computrabajo.com/ofertas-de-trabajo/oferta-de-trabajo-de-ingeniero-electricista-aeroportuario-en-retiro-B38BE0718380AA5761373E686DCF3405
2026-09-27 15:38:07,638 DEBUG https://ar.computrabajo.com:443 "GET /ofertas-de-trabajo/oferta-de-trabajo-de-ingeniero-electricista-aeroportuario-en-retiro-B38BE0718380AA5761373E686DCF3405 HTTP/1.1" 200 None
2026-09-27 15:38:07,641 DEBUG     GET https://ar.computrabajo.com/ofertas-de-trabajo/oferta-de-trabajo-de-ingeniero-electricista-aeroportuario-en-retiro-B38BE0718380AA5761373E686DCF3405 → HTTP 200 (167,516 chars)
2026-09-27 15:38:07,664 INFO     ┌─ SCRAPED JOB ─────────────────────────────────────────
    │ URL          : https://ar.computrabajo.com/ofertas-de-trabajo/oferta-de-trabajo-de-ingeniero-electricista-aeroportuario-en-retiro-B38BE0718380AA5761373E686DCF3405
    │ Title        : Ingeniero Electricista Aeroportuario
    │ Company      : HYTSA estudios y proyectos
    │ Location     : Retiro, Capital Federal
    │ Job type     : temporary
    │ Salary       : (not listed)
    │ Industry     : Servicios Profesionales
    │ Date posted  : 2026-08-26
    │ Deadline     : 2026-10-25
    │ External ID  : 7AF0778E88D0560C
    │ Description  : Estamos seleccionando un Especialista en Electricidad Aeroportuaria para la supervisión de una relevante obra de infraestructura aeroportuaria en Haití.
Requisitos Clave:
Formación: Ingeniero Electric…
    └───────────────────────────────────────────────────────
2026-09-27 15:38:08,459 DEBUG https://argentina.mimusjobs.com:443 "GET /wp-json/wp/v2/companies?slug=hytsa-estudios-y-proyectos HTTP/1.1" 200 None
2026-09-27 15:38:08,459 INFO ⏭ Company exists: HYTSA estudios y proyectos
2026-09-27 15:38:09,202 DEBUG https://argentina.mimusjobs.com:443 "GET /wp-json/wp/v2/job-listings?slug=ingeniero-electricista-aeroportuario HTTP/1.1" 200 None
2026-09-27 15:38:09,202 INFO ⏭ Job already on WP: Ingeniero Electricista Aeroportuario
2026-09-27 15:38:09,203 INFO ✅ SUCCESS — 'Ingeniero Electricista Aeroportuario' → WP ID=22382 🔗 https://argentina.mimusjobs.com/job/ingeniero-electricista-aeroportuario/
2026-09-27 15:38:10,203 INFO ── https://ar.computrabajo.com/empleos-en-capital-federal | page 9 | job 19/20: https://ar.computrabajo.com/ofertas-de-trabajo/oferta-de-trabajo-de-auditor-medico-de-art-microcentro-en-san-nicolas-E7C889D73025FC6B61373E686DCF3405
2026-09-27 15:38:10,280 DEBUG https://ar.computrabajo.com:443 "GET /ofertas-de-trabajo/oferta-de-trabajo-de-auditor-medico-de-art-microcentro-en-san-nicolas-E7C889D73025FC6B61373E686DCF3405 HTTP/1.1" 200 None
2026-09-27 15:38:10,282 DEBUG     GET https://ar.computrabajo.com/ofertas-de-trabajo/oferta-de-trabajo-de-auditor-medico-de-art-microcentro-en-san-nicolas-E7C889D73025FC6B61373E686DCF3405 → HTTP 200 (149,273 chars)
2026-09-27 15:38:10,299 WARNING No JobPosting JSON-LD found, using HTML fallback: https://ar.computrabajo.com/ofertas-de-trabajo/oferta-de-trabajo-de-auditor-medico-de-art-microcentro-en-san-nicolas-E7C889D73025FC6B61373E686DCF3405
2026-09-27 15:38:10,300 INFO     ┌─ SCRAPED JOB ─────────────────────────────────────────
    │ URL          : https://ar.computrabajo.com/ofertas-de-trabajo/oferta-de-trabajo-de-auditor-medico-de-art-microcentro-en-san-nicolas-E7C889D73025FC6B61373E686DCF3405
    │ Title        : Auditor medico de ART Microcentro
    │ Company      : Importante empresa del sector
    │ Location     : San Nicolás, Capital Federal
    │ Job type     : full-time
    │ Salary       : A convenir ARS
    │ Industry     : (none)
    │ Date posted  : (unknown)
    │ Deadline     : (estimated: )
    │ External ID  : (none)
    │ Description  : Somos una empresa de Salud trabajando para brindar soluciones integrales de gestión en salud, asesoría en seguros y servicios de medicina laboral a empresas e instituciones en general.
Estamos en la b…
    └───────────────────────────────────────────────────────
2026-09-27 15:38:10,990 DEBUG https://argentina.mimusjobs.com:443 "GET /wp-json/wp/v2/companies?slug=importante-empresa-del-sector HTTP/1.1" 200 None
2026-09-27 15:38:10,990 INFO ⏭ Company exists: Importante empresa del sector
2026-09-27 15:38:11,923 DEBUG https://argentina.mimusjobs.com:443 "GET /wp-json/wp/v2/job-listings?slug=auditor-medico-de-art-microcentro HTTP/1.1" 200 None
2026-09-27 15:38:11,924 INFO ⏭ Job already on WP: Auditor medico de ART Microcentro
2026-09-27 15:38:11,924 INFO ✅ SUCCESS — 'Auditor medico de ART Microcentro' → WP ID=22401 🔗 https://argentina.mimusjobs.com/job/auditor-medico-de-art-microcentro/
2026-09-27 15:38:12,924 INFO ── https://ar.computrabajo.com/empleos-en-capital-federal | page 9 | job 20/20: https://ar.computrabajo.com/ofertas-de-trabajo/oferta-de-trabajo-de-supervisor-de-cobranzas-caba-en-colegiales-C598F068117306C061373E686DCF3405
2026-09-27 15:38:13,002 DEBUG https://ar.computrabajo.com:443 "GET /ofertas-de-trabajo/oferta-de-trabajo-de-supervisor-de-cobranzas-caba-en-colegiales-C598F068117306C061373E686DCF3405 HTTP/1.1" 200 None
2026-09-27 15:38:13,005 DEBUG     GET https://ar.computrabajo.com/ofertas-de-trabajo/oferta-de-trabajo-de-supervisor-de-cobranzas-caba-en-colegiales-C598F068117306C061373E686DCF3405 → HTTP 200 (175,367 chars)
2026-09-27 15:38:13,028 INFO     ┌─ SCRAPED JOB ─────────────────────────────────────────
    │ URL          : https://ar.computrabajo.com/ofertas-de-trabajo/oferta-de-trabajo-de-supervisor-de-cobranzas-caba-en-colegiales-C598F068117306C061373E686DCF3405
    │ Title        : Supervisor de Cobranzas - Caba
    │ Company      : Ceta Capital Humano
    │ Location     : Colegiales, Capital Federal
    │ Job type     : full-time
    │ Salary       : 250000 ARS
    │ Industry     : RRHH / Personal
    │ Date posted  : 2026-09-11
    │ Deadline     : 2026-11-10
    │ External ID  : 6264F50F0A3B0A7D
    │ Description  : En Ceta Capital Humano, empresa de Grupo Ceta, nos encontramos en la búsqueda de un/a Supervisor/a de Cobranzas para incorporarse a una importante empresa ubicada en Capital Federal.
Buscamos un/a pro…
    └───────────────────────────────────────────────────────
2026-09-27 15:38:13,969 DEBUG https://argentina.mimusjobs.com:443 "GET /wp-json/wp/v2/companies?slug=ceta-capital-humano HTTP/1.1" 200 None
2026-09-27 15:38:13,969 INFO ⏭ Company exists: Ceta Capital Humano
2026-09-27 15:38:14,705 DEBUG https://argentina.mimusjobs.com:443 "GET /wp-json/wp/v2/job-listings?slug=supervisor-de-cobranzas---caba HTTP/1.1" 200 None
2026-09-27 15:38:14,705 INFO ⏭ Job already on WP: Supervisor de Cobranzas - Caba
2026-09-27 15:38:14,705 INFO ✅ SUCCESS — 'Supervisor de Cobranzas - Caba' → WP ID=22255 🔗 https://argentina.mimusjobs.com/job/supervisor-de-cobranzas-caba/
2026-09-27 15:38:15,706 INFO 📊 Running totals — posted: 179 | skipped: 1 | failed: 0
2026-09-27 15:38:15,706 INFO Fetching listing page 10: https://ar.computrabajo.com/empleos-en-capital-federal?p=10
2026-09-27 15:38:15,803 DEBUG https://ar.computrabajo.com:443 "GET /empleos-en-capital-federal?p=10 HTTP/1.1" 200 None
2026-09-27 15:38:15,809 DEBUG     GET https://ar.computrabajo.com/empleos-en-capital-federal?p=10 → HTTP 200 (333,390 chars)
2026-09-27 15:38:15,852 INFO Found 20 job URLs on page 10
2026-09-27 15:38:15,852 DEBUG     job 1: https://ar.computrabajo.com/ofertas-de-trabajo/oferta-de-trabajo-de-vigilador-zona-caba-en-villa-del-parque-46F927FC42DC695E61373E686DCF3405
2026-09-27 15:38:15,852 DEBUG     job 2: https://ar.computrabajo.com/ofertas-de-trabajo/oferta-de-trabajo-de-mucama-con-experiencia-en-geriatrico-en-recoleta-99739C0A66C93F4B61373E686DCF3405
2026-09-27 15:38:15,852 DEBUG     job 3: https://ar.computrabajo.com/ofertas-de-trabajo/oferta-de-trabajo-de-administrativoa-caba-y-gran-bs-as-en-monserrat-E4110812B94F46C861373E686DCF3405
2026-09-27 15:38:15,852 DEBUG     job 4: https://ar.computrabajo.com/ofertas-de-trabajo/oferta-de-trabajo-de-vendedor-de-creditos-zona-sur-en-almagro-5CFF0982AD972CEA61373E686DCF3405
2026-09-27 15:38:15,852 DEBUG     job 5: https://ar.computrabajo.com/ofertas-de-trabajo/oferta-de-trabajo-de-operario-de-servicio-tecnico-de-maquinaria-con-registro-presencial-mataderos-en-mataderos-319C347568E555B561373E686DCF3405
2026-09-27 15:38:15,852 DEBUG     job 6: https://ar.computrabajo.com/ofertas-de-trabajo/oferta-de-trabajo-de-jefe-de-control-de-gestion-de-rrhh-en-barracas-8B254DE4845244F561373E686DCF3405
2026-09-27 15:38:15,852 DEBUG     job 7: https://ar.computrabajo.com/ofertas-de-trabajo/oferta-de-trabajo-de-una administrativoa de recepcion  laboratorio de analisis clinicos-en-retiro-F99697B9C4705CC961373E686DCF3405
2026-09-27 15:38:15,852 DEBUG     job 8: https://ar.computrabajo.com/ofertas-de-trabajo/oferta-de-trabajo-de-acompanante-terapeuticoa-en-villa-del-parque-87F0FC1C7F28543061373E686DCF3405
2026-09-27 15:38:15,852 DEBUG     job 9: https://ar.computrabajo.com/ofertas-de-trabajo/oferta-de-trabajo-de-operadora-de-atencion-al-cliente-en-floresta-7F0E7CE3FBE71C7761373E686DCF3405
2026-09-27 15:38:15,852 DEBUG     job 10: https://ar.computrabajo.com/ofertas-de-trabajo/oferta-de-trabajo-de-porteria-y-control-en-barracas-6FBD199845D1235661373E686DCF3405
2026-09-27 15:38:15,852 DEBUG     job 11: https://ar.computrabajo.com/ofertas-de-trabajo/oferta-de-trabajo-de-asistentes-gerontologicas-con-cama-en-recoleta-BABBA84DDE9AB9BD61373E686DCF3405
2026-09-27 15:38:15,852 DEBUG     job 12: https://ar.computrabajo.com/ofertas-de-trabajo/oferta-de-trabajo-de-oficial-de-mantenimiento-edilicio-en-recoleta-54B6731C863D6E5961373E686DCF3405
2026-09-27 15:38:15,852 DEBUG     job 13: https://ar.computrabajo.com/ofertas-de-trabajo/oferta-de-trabajo-de-tecnico-instalacion-de-pantallas-led-en-monserrat-8849BF2675D011B061373E686DCF3405
2026-09-27 15:38:15,852 DEBUG     job 14: https://ar.computrabajo.com/ofertas-de-trabajo/oferta-de-trabajo-de-coordinadorra-de-housepeeking-para-importante-rental-req213435-eventual-en-retiro-D1D21014501E17D161373E686DCF3405
2026-09-27 15:38:15,852 DEBUG     job 15: https://ar.computrabajo.com/ofertas-de-trabajo/oferta-de-trabajo-de-vigilador-armado-con-conocimientos-de-ingles-en-palermo-118ED987E07AD22F61373E686DCF3405
2026-09-27 15:38:15,852 DEBUG     job 16: https://ar.computrabajo.com/ofertas-de-trabajo/oferta-de-trabajo-de-ejecutivo-comercial-rubro-hoteleria-en-san-nicolas-9C006AC1B8B5FB9961373E686DCF3405
2026-09-27 15:38:15,852 DEBUG     job 17: https://ar.computrabajo.com/ofertas-de-trabajo/oferta-de-trabajo-de-panadero-cadena-de-confiterias-zona-parque-patricios-en-parque-patricios-FFBB807146B1CB5061373E686DCF3405
2026-09-27 15:38:15,852 DEBUG     job 18: https://ar.computrabajo.com/ofertas-de-trabajo/oferta-de-trabajo-de-operario-eventual-para-cabina-de-pintura-de-piezas-metalicas-con-experiencia-similar-excluyente-zona-caba-en-parque-avellaneda-1D53152EE5D760F761373E686DCF3405
2026-09-27 15:38:15,852 DEBUG     job 19: https://ar.computrabajo.com/ofertas-de-trabajo/oferta-de-trabajo-de-administracion-de-personal-junior-en-puerto-madero-F730EAE92E02137F61373E686DCF3405
2026-09-27 15:38:15,852 DEBUG     job 20: https://ar.computrabajo.com/ofertas-de-trabajo/oferta-de-trabajo-de-1360cc-ingeniero-electrico-junior-graduado-empresa-de-soluciones-electricas-zona-munro-en-belgrano-BB3B7AA7349DF06261373E686DCF3405
2026-09-27 15:38:15,852 INFO ── https://ar.computrabajo.com/empleos-en-capital-federal | page 10 | job 1/20: https://ar.computrabajo.com/ofertas-de-trabajo/oferta-de-trabajo-de-vigilador-zona-caba-en-villa-del-parque-46F927FC42DC695E61373E686DCF3405
2026-09-27 15:38:15,907 DEBUG https://ar.computrabajo.com:443 "GET /ofertas-de-trabajo/oferta-de-trabajo-de-vigilador-zona-caba-en-villa-del-parque-46F927FC42DC695E61373E686DCF3405 HTTP/1.1" 200 None
2026-09-27 15:38:15,909 DEBUG     GET https://ar.computrabajo.com/ofertas-de-trabajo/oferta-de-trabajo-de-vigilador-zona-caba-en-villa-del-parque-46F927FC42DC695E61373E686DCF3405 → HTTP 200 (162,062 chars)
2026-09-27 15:38:15,928 INFO     ┌─ SCRAPED JOB ─────────────────────────────────────────
    │ URL          : https://ar.computrabajo.com/ofertas-de-trabajo/oferta-de-trabajo-de-vigilador-zona-caba-en-villa-del-parque-46F927FC42DC695E61373E686DCF3405
    │ Title        : Vigilador - Zona CABA
    │ Company      : Koner Seguridad S.A.
    │ Location     : Villa del Parque, Capital Federal
    │ Job type     : full-time
    │ Salary       : (not listed)
    │ Industry     : Servicios Profesionales
    │ Date posted  : 2026-09-11
    │ Deadline     : 2026-11-10
    │ External ID  : 6E014809EDA54E53
    │ Description  : En Koner Seguridad nos encontramos en la búsqueda de Vigiladores/as con experiencia, para desempeñarse en servicio ubicado en Abasto.
Nos orientamos a perfiles con experiencia comprobable en vigilanci…
    └───────────────────────────────────────────────────────
2026-09-27 15:38:16,564 DEBUG https://argentina.mimusjobs.com:443 "GET /wp-json/wp/v2/companies?slug=koner-seguridad-s-a- HTTP/1.1" 200 None
2026-09-27 15:38:16,565 INFO ⏭ Company exists: Koner Seguridad S.A.
2026-09-27 15:38:17,200 DEBUG https://argentina.mimusjobs.com:443 "GET /wp-json/wp/v2/job-listings?slug=vigilador---zona-caba HTTP/1.1" 200 None
2026-09-27 15:38:17,200 INFO ⏭ Job already on WP: Vigilador - Zona CABA
2026-09-27 15:38:17,200 INFO ✅ SUCCESS — 'Vigilador - Zona CABA' → WP ID=22397 🔗 https://argentina.mimusjobs.com/job/vigilador-zona-caba/
2026-09-27 15:38:18,201 INFO ── https://ar.computrabajo.com/empleos-en-capital-federal | page 10 | job 2/20: https://ar.computrabajo.com/ofertas-de-trabajo/oferta-de-trabajo-de-mucama-con-experiencia-en-geriatrico-en-recoleta-99739C0A66C93F4B61373E686DCF3405
2026-09-27 15:38:18,309 DEBUG https://ar.computrabajo.com:443 "GET /ofertas-de-trabajo/oferta-de-trabajo-de-mucama-con-experiencia-en-geriatrico-en-recoleta-99739C0A66C93F4B61373E686DCF3405 HTTP/1.1" 200 None
2026-09-27 15:38:18,312 DEBUG     GET https://ar.computrabajo.com/ofertas-de-trabajo/oferta-de-trabajo-de-mucama-con-experiencia-en-geriatrico-en-recoleta-99739C0A66C93F4B61373E686DCF3405 → HTTP 200 (158,885 chars)
2026-09-27 15:38:18,332 INFO     ┌─ SCRAPED JOB ─────────────────────────────────────────
    │ URL          : https://ar.computrabajo.com/ofertas-de-trabajo/oferta-de-trabajo-de-mucama-con-experiencia-en-geriatrico-en-recoleta-99739C0A66C93F4B61373E686DCF3405
    │ Title        : Mucama con experiencia en geriatrico
    │ Company      : Aleph
    │ Location     : Recoleta, Capital Federal
    │ Job type     : full-time
    │ Salary       : 11111 ARS
    │ Industry     : Salud / Medicina
    │ Date posted  : 2026-08-10
    │ Deadline     : 2026-10-09
    │ External ID  : 5C3DFE0860DD4516
    │ Description  : Buscamos mucama con experiencia en geriatría para trabajar en un entorno de cuidado de ancianos. Necesitamos una persona responsable, compasiva y con habilidades para atender las necesidades específic…
    └───────────────────────────────────────────────────────
2026-09-27 15:38:19,139 DEBUG https://argentina.mimusjobs.com:443 "GET /wp-json/wp/v2/companies?slug=aleph HTTP/1.1" 200 None
2026-09-27 15:38:19,139 INFO ⏭ Company exists: Aleph
2026-09-27 15:38:19,914 DEBUG https://argentina.mimusjobs.com:443 "GET /wp-json/wp/v2/job-listings?slug=mucama-con-experiencia-en-geriatrico HTTP/1.1" 200 None
2026-09-27 15:38:19,914 INFO ⏭ Job already on WP: Mucama con experiencia en geriatrico
2026-09-27 15:38:19,914 INFO ✅ SUCCESS — 'Mucama con experiencia en geriatrico' → WP ID=22418 🔗 https://argentina.mimusjobs.com/job/mucama-con-experiencia-en-geriatrico/
2026-09-27 15:38:20,915 INFO ── https://ar.computrabajo.com/empleos-en-capital-federal | page 10 | job 3/20: https://ar.computrabajo.com/ofertas-de-trabajo/oferta-de-trabajo-de-administrativoa-caba-y-gran-bs-as-en-monserrat-E4110812B94F46C861373E686DCF3405
2026-09-27 15:38:20,999 DEBUG https://ar.computrabajo.com:443 "GET /ofertas-de-trabajo/oferta-de-trabajo-de-administrativoa-caba-y-gran-bs-as-en-monserrat-E4110812B94F46C861373E686DCF3405 HTTP/1.1" 200 None
2026-09-27 15:38:21,002 DEBUG     GET https://ar.computrabajo.com/ofertas-de-trabajo/oferta-de-trabajo-de-administrativoa-caba-y-gran-bs-as-en-monserrat-E4110812B94F46C861373E686DCF3405 → HTTP 200 (185,778 chars)
2026-09-27 15:38:21,027 INFO     ┌─ SCRAPED JOB ─────────────────────────────────────────
    │ URL          : https://ar.computrabajo.com/ofertas-de-trabajo/oferta-de-trabajo-de-administrativoa-caba-y-gran-bs-as-en-monserrat-E4110812B94F46C861373E686DCF3405
    │ Title        : Administrativo/a (CABA y Gran Bs As)
    │ Company      : Riiing Tecnología
    │ Location     : Monserrat, Capital Federal
    │ Job type     : full-time
    │ Salary       : (not listed)
    │ Industry     : Telecomunicaciones
    │ Date posted  : 2026-08-18
    │ Deadline     : 2026-10-17
    │ External ID  : 073917566537B308
    │ Description  : En Riiing nos encontramos en la búsqueda de un/a Administrativo/a para acompañar la gestión y el control administrativo de nuestros puntos de venta en CABA y Gran Buenos Aires.
Principales responsabil…
    └───────────────────────────────────────────────────────
2026-09-27 15:38:21,685 DEBUG https://argentina.mimusjobs.com:443 "GET /wp-json/wp/v2/companies?slug=riiing-tecnolog-a HTTP/1.1" 200 None
2026-09-27 15:38:21,696 DEBUG https://ii.ct-stc.com:443 "GET /5/logos/empresas/2023/05/10/grupo-meditel-073917566537B308155320614thumbnail.png HTTP/1.1" 200 22038
2026-09-27 15:38:23,397 DEBUG https://argentina.mimusjobs.com:443 "POST /wp-json/wp/v2/media HTTP/1.1" 201 None
2026-09-27 15:38:24,587 DEBUG https://argentina.mimusjobs.com:443 "POST /wp-json/wp/v2/companies HTTP/1.1" 201 None
2026-09-27 15:38:24,587 INFO ✅ Company posted: Riiing Tecnología → ID 35152
2026-09-27 15:38:25,264 DEBUG https://argentina.mimusjobs.com:443 "GET /wp-json/wp/v2/job-listings?slug=administrativo-a--caba-y-gran-bs-as- HTTP/1.1" 200 None
2026-09-27 15:38:25,265 INFO ⏭ Job already on WP: Administrativo/a (CABA y Gran Bs As)
2026-09-27 15:38:25,265 INFO ✅ SUCCESS — 'Administrativo/a (CABA y Gran Bs As)' → WP ID=22405 🔗 https://argentina.mimusjobs.com/job/administrativo-a-caba-y-gran-bs-as/
2026-09-27 15:38:26,265 INFO ── https://ar.computrabajo.com/empleos-en-capital-federal | page 10 | job 4/20: https://ar.computrabajo.com/ofertas-de-trabajo/oferta-de-trabajo-de-vendedor-de-creditos-zona-sur-en-almagro-5CFF0982AD972CEA61373E686DCF3405
2026-09-27 15:38:26,341 DEBUG https://ar.computrabajo.com:443 "GET /ofertas-de-trabajo/oferta-de-trabajo-de-vendedor-de-creditos-zona-sur-en-almagro-5CFF0982AD972CEA61373E686DCF3405 HTTP/1.1" 200 None
2026-09-27 15:38:26,344 DEBUG     GET https://ar.computrabajo.com/ofertas-de-trabajo/oferta-de-trabajo-de-vendedor-de-creditos-zona-sur-en-almagro-5CFF0982AD972CEA61373E686DCF3405 → HTTP 200 (152,826 chars)
2026-09-27 15:38:26,384 WARNING No JobPosting JSON-LD found, using HTML fallback: https://ar.computrabajo.com/ofertas-de-trabajo/oferta-de-trabajo-de-vendedor-de-creditos-zona-sur-en-almagro-5CFF0982AD972CEA61373E686DCF3405
2026-09-27 15:38:26,385 INFO     ┌─ SCRAPED JOB ─────────────────────────────────────────
    │ URL          : https://ar.computrabajo.com/ofertas-de-trabajo/oferta-de-trabajo-de-vendedor-de-creditos-zona-sur-en-almagro-5CFF0982AD972CEA61373E686DCF3405
    │ Title        : Vendedor de Creditos - Zona Sur
    │ Company      : Importante empresa del sector
    │ Location     : Almagro, Capital Federal
    │ Job type     : full-time
    │ Salary       : A convenir ARS
    │ Industry     : (none)
    │ Date posted  : (unknown)
    │ Deadline     : (estimated: )
    │ External ID  : (none)
    │ Description  : ¿Te apasionan las ventas y el trato con el cliente? ¿Queres crecer profesionalmente en el sector financiero? Esta es tu oportunidad para incorporar como vendedor de créditos y productos al consumo.
 S…
    └───────────────────────────────────────────────────────
2026-09-27 15:38:27,069 DEBUG https://argentina.mimusjobs.com:443 "GET /wp-json/wp/v2/companies?slug=importante-empresa-del-sector HTTP/1.1" 200 None
2026-09-27 15:38:27,070 INFO ⏭ Company exists: Importante empresa del sector
2026-09-27 15:38:27,678 DEBUG https://argentina.mimusjobs.com:443 "GET /wp-json/wp/v2/job-listings?slug=vendedor-de-creditos---zona-sur HTTP/1.1" 200 None
2026-09-27 15:38:27,679 INFO ⏭ Job already on WP: Vendedor de Creditos - Zona Sur
2026-09-27 15:38:27,679 INFO ✅ SUCCESS — 'Vendedor de Creditos - Zona Sur' → WP ID=22408 🔗 https://argentina.mimusjobs.com/job/vendedor-de-creditos-zona-sur/
2026-09-27 15:38:28,679 INFO ── https://ar.computrabajo.com/empleos-en-capital-federal | page 10 | job 5/20: https://ar.computrabajo.com/ofertas-de-trabajo/oferta-de-trabajo-de-operario-de-servicio-tecnico-de-maquinaria-con-registro-presencial-mataderos-en-mataderos-319C347568E555B561373E686DCF3405
2026-09-27 15:38:28,756 DEBUG https://ar.computrabajo.com:443 "GET /ofertas-de-trabajo/oferta-de-trabajo-de-operario-de-servicio-tecnico-de-maquinaria-con-registro-presencial-mataderos-en-mataderos-319C347568E555B561373E686DCF3405 HTTP/1.1" 200 None
2026-09-27 15:38:28,758 DEBUG     GET https://ar.computrabajo.com/ofertas-de-trabajo/oferta-de-trabajo-de-operario-de-servicio-tecnico-de-maquinaria-con-registro-presencial-mataderos-en-mataderos-319C347568E555B561373E686DCF3405 → HTTP 200 (168,830 chars)
2026-09-27 15:38:28,780 INFO     ┌─ SCRAPED JOB ─────────────────────────────────────────
    │ URL          : https://ar.computrabajo.com/ofertas-de-trabajo/oferta-de-trabajo-de-operario-de-servicio-tecnico-de-maquinaria-con-registro-presencial-mataderos-en-mataderos-319C347568E555B561373E686DCF3405
    │ Title        : Operario de Servicio Técnico de maquinaria con registro presencial (mataderos)
    │ Company      : Servicio Personal Eventual (Decide SRL)
    │ Location     : Mataderos, Capital Federal
    │ Job type     : full-time
    │ Salary       : (not listed)
    │ Industry     : RRHH / Personal
    │ Date posted  : 2026-08-26
    │ Deadline     : 2026-10-25
    │ External ID  : 76CA8AAFF8568FC6
    │ Description  : Empresa Pyme Argentina dedicada a la fabricación de toda la gama de maquinarias a nivel profesional para cocción, mantenimiento y exhibición de comidas, refrigeración y lavado de vajilla, busca incorp…
    └───────────────────────────────────────────────────────
2026-09-27 15:38:29,593 DEBUG https://argentina.mimusjobs.com:443 "GET /wp-json/wp/v2/companies?slug=servicio-personal-eventual--decide-srl- HTTP/1.1" 200 None
2026-09-27 15:38:29,593 INFO ⏭ Company exists: Servicio Personal Eventual (Decide SRL)
2026-09-27 15:38:30,506 DEBUG https://argentina.mimusjobs.com:443 "GET /wp-json/wp/v2/job-listings?slug=operario-de-servicio-t-cnico-de-maquinaria-con-registro-presencial--mataderos- HTTP/1.1" 200 None
2026-09-27 15:38:30,517 DEBUG https://ii.ct-stc.com:443 "GET /5/logos/empresas/2016/05/26/decide-srl-76CA8AAFF8568FC6thumbnail.png HTTP/1.1" 200 4286
2026-09-27 15:38:31,486 DEBUG https://argentina.mimusjobs.com:443 "POST /wp-json/wp/v2/media HTTP/1.1" 201 None
2026-09-27 15:38:32,105 DEBUG https://argentina.mimusjobs.com:443 "GET /wp-json/wp/v2/job_listing_region?slug=mataderos--capital-federal HTTP/1.1" 200 None
2026-09-27 15:38:33,644 DEBUG https://argentina.mimusjobs.com:443 "POST /wp-json/wp/v2/job-listings HTTP/1.1" 201 None
2026-09-27 15:38:33,644 INFO ✅ Job posted: 'Operario de Servicio Técnico de maquinaria con registro presencial (mataderos)' → WP ID 35154
2026-09-27 15:38:33,645 INFO ✅ SUCCESS — 'Operario de Servicio Técnico de maquinaria con registro presencial (mataderos)' → WP ID=35154 🔗 https://argentina.mimusjobs.com/job/operario-de-servicio-tecnico-de-maquinaria-con-registro-presencial-mataderos-6/
2026-09-27 15:38:34,645 INFO ── https://ar.computrabajo.com/empleos-en-capital-federal | page 10 | job 6/20: https://ar.computrabajo.com/ofertas-de-trabajo/oferta-de-trabajo-de-jefe-de-control-de-gestion-de-rrhh-en-barracas-8B254DE4845244F561373E686DCF3405
2026-09-27 15:38:34,740 DEBUG https://ar.computrabajo.com:443 "GET /ofertas-de-trabajo/oferta-de-trabajo-de-jefe-de-control-de-gestion-de-rrhh-en-barracas-8B254DE4845244F561373E686DCF3405 HTTP/1.1" 200 None
2026-09-27 15:38:34,743 DEBUG     GET https://ar.computrabajo.com/ofertas-de-trabajo/oferta-de-trabajo-de-jefe-de-control-de-gestion-de-rrhh-en-barracas-8B254DE4845244F561373E686DCF3405 → HTTP 200 (176,103 chars)
2026-09-27 15:38:34,765 INFO     ┌─ SCRAPED JOB ─────────────────────────────────────────
    │ URL          : https://ar.computrabajo.com/ofertas-de-trabajo/oferta-de-trabajo-de-jefe-de-control-de-gestion-de-rrhh-en-barracas-8B254DE4845244F561373E686DCF3405
    │ Title        : Jefe de Control de Gestión de RRHH
    │ Company      : Grupo Metropol
    │ Location     : Barracas, Capital Federal
    │ Job type     : full-time
    │ Salary       : (not listed)
    │ Industry     : Transporte
    │ Date posted  : 2026-09-03
    │ Deadline     : 2026-11-02
    │ External ID  : 75502D06F1732B53
    │ Description  : ¡Continuamos con la incorporación de Talentos! Para nuestra área de Transporte Público, estamos en búsqueda de un/a Jefe/a de Control de Gestión de RRHH.
Su misión, será la de liderar el control de ge…
    └───────────────────────────────────────────────────────
2026-09-27 15:38:35,948 DEBUG https://argentina.mimusjobs.com:443 "GET /wp-json/wp/v2/companies?slug=grupo-metropol HTTP/1.1" 200 None
2026-09-27 15:38:35,948 INFO ⏭ Company exists: Grupo Metropol
2026-09-27 15:38:37,569 DEBUG https://argentina.mimusjobs.com:443 "GET /wp-json/wp/v2/job-listings?slug=jefe-de-control-de-gesti-n-de-rrhh HTTP/1.1" 200 None
2026-09-27 15:38:37,580 DEBUG https://ii.ct-stc.com:443 "GET /5/logos/empresas/2023/08/15//grupo-metropol-s-a-201511thumbnail.png HTTP/1.1" 200 10907
2026-09-27 15:38:38,727 DEBUG https://argentina.mimusjobs.com:443 "POST /wp-json/wp/v2/media HTTP/1.1" 201 None
2026-09-27 15:38:40,654 DEBUG https://argentina.mimusjobs.com:443 "POST /wp-json/wp/v2/job-listings HTTP/1.1" 201 None
2026-09-27 15:38:40,654 INFO ✅ Job posted: 'Jefe de Control de Gestión de RRHH' → WP ID 35156
2026-09-27 15:38:40,654 INFO ✅ SUCCESS — 'Jefe de Control de Gestión de RRHH' → WP ID=35156 🔗 https://argentina.mimusjobs.com/job/jefe-de-control-de-gestion-de-rrhh-6/
2026-09-27 15:38:41,654 INFO ── https://ar.computrabajo.com/empleos-en-capital-federal | page 10 | job 7/20: https://ar.computrabajo.com/ofertas-de-trabajo/oferta-de-trabajo-de-una administrativoa de recepcion  laboratorio de analisis clinicos-en-retiro-F99697B9C4705CC961373E686DCF3405
2026-09-27 15:38:41,769 DEBUG https://ar.computrabajo.com:443 "GET /ofertas-de-trabajo/oferta-de-trabajo-de-una%C2%A0administrativoa%C2%A0de%C2%A0recepcion%C2%A0%C2%A0laboratorio%C2%A0de%C2%A0analisis%C2%A0clinicos-en-retiro-F99697B9C4705CC961373E686DCF3405 HTTP/1.1" 200 None
2026-09-27 15:38:41,772 DEBUG     GET https://ar.computrabajo.com/ofertas-de-trabajo/oferta-de-trabajo-de-una administrativoa de recepcion  laboratorio de analisis clinicos-en-retiro-F99697B9C4705CC961373E686DCF3405 → HTTP 200 (175,412 chars)
2026-09-27 15:38:41,793 INFO     ┌─ SCRAPED JOB ─────────────────────────────────────────
    │ URL          : https://ar.computrabajo.com/ofertas-de-trabajo/oferta-de-trabajo-de-una administrativoa de recepcion  laboratorio de analisis clinicos-en-retiro-F99697B9C4705CC961373E686DCF3405
    │ Title        : Un/a Administrativo/a de Recepción – Laboratorio de Análisis Clínicos
    │ Company      : Ecosistemas
    │ Location     : Retiro, Capital Federal
    │ Job type     : full-time
    │ Salary       : (not listed)
    │ Industry     : Informática / Software
    │ Date posted  : 2026-09-03
    │ Deadline     : 2026-11-02
    │ External ID  : 0E89F12838CBBF30
    │ Description  : Somos Ecosistemas Global, una compañía de tecnología que conecta a nuestros clientes con soluciones a medida, integrales e innovadoras. Operamos en más de 15 países, incluyendo Argentina, Chile, Brasi…
    └───────────────────────────────────────────────────────
2026-09-27 15:38:42,605 DEBUG https://argentina.mimusjobs.com:443 "GET /wp-json/wp/v2/companies?slug=ecosistemas HTTP/1.1" 200 None
2026-09-27 15:38:42,605 INFO ⏭ Company exists: Ecosistemas
2026-09-27 15:38:43,339 DEBUG https://argentina.mimusjobs.com:443 "GET /wp-json/wp/v2/job-listings?slug=un-a-administrativo-a-de-recepci-n---laboratorio-de-an-lisis-cl-nicos HTTP/1.1" 200 None
2026-09-27 15:38:43,352 DEBUG https://ii.ct-stc.com:443 "GET /5/logos/empresas/2025/08/21//ecosistemas144638thumbnail.jpeg HTTP/1.1" 200 22807
2026-09-27 15:38:44,288 DEBUG https://argentina.mimusjobs.com:443 "POST /wp-json/wp/v2/media HTTP/1.1" 201 None
2026-09-27 15:38:45,038 DEBUG https://argentina.mimusjobs.com:443 "GET /wp-json/wp/v2/job_listing_region?slug=retiro--capital-federal HTTP/1.1" 200 None
2026-09-27 15:38:46,500 DEBUG https://argentina.mimusjobs.com:443 "POST /wp-json/wp/v2/job-listings HTTP/1.1" 201 None
2026-09-27 15:38:46,500 INFO ✅ Job posted: 'Un/a Administrativo/a de Recepción – Laboratorio de Análisis Clínicos' → WP ID 35158
2026-09-27 15:38:46,500 INFO ✅ SUCCESS — 'Un/a Administrativo/a de Recepción – Laboratorio de Análisis Clínicos' → WP ID=35158 🔗 https://argentina.mimusjobs.com/job/un-a-administrativo-a-de-recepcion-laboratorio-de-analisis-clinicos-6/
2026-09-27 15:38:47,501 INFO ── https://ar.computrabajo.com/empleos-en-capital-federal | page 10 | job 8/20: https://ar.computrabajo.com/ofertas-de-trabajo/oferta-de-trabajo-de-acompanante-terapeuticoa-en-villa-del-parque-87F0FC1C7F28543061373E686DCF3405
2026-09-27 15:38:47,595 DEBUG https://ar.computrabajo.com:443 "GET /ofertas-de-trabajo/oferta-de-trabajo-de-acompanante-terapeuticoa-en-villa-del-parque-87F0FC1C7F28543061373E686DCF3405 HTTP/1.1" 200 None
2026-09-27 15:38:47,597 DEBUG     GET https://ar.computrabajo.com/ofertas-de-trabajo/oferta-de-trabajo-de-acompanante-terapeuticoa-en-villa-del-parque-87F0FC1C7F28543061373E686DCF3405 → HTTP 200 (167,901 chars)
2026-09-27 15:38:47,620 INFO     ┌─ SCRAPED JOB ─────────────────────────────────────────
    │ URL          : https://ar.computrabajo.com/ofertas-de-trabajo/oferta-de-trabajo-de-acompanante-terapeuticoa-en-villa-del-parque-87F0FC1C7F28543061373E686DCF3405
    │ Title        : Acompañante terapéutico/a
    │ Company      : Medincare Argentina S.A.
    │ Location     : Villa del Parque, Capital Federal
    │ Job type     : full-time
    │ Salary       : 2000 ARS
    │ Industry     : Salud / Medicina
    │ Date posted  : 2026-09-03
    │ Deadline     : 2026-11-02
    │ External ID  : A4CA3FBDC0EAFAE6
    │ Description  : ¡Medincare Argentina S.A. está en busca de un/a Acompañante Terapéutico/a dinámico y apasionado, para unirse a nuestro equipo. 
Responsabilidades:
- Proporcionar apoyo emocional y físico a los pacient…
    └───────────────────────────────────────────────────────
2026-09-27 15:38:48,408 DEBUG https://argentina.mimusjobs.com:443 "GET /wp-json/wp/v2/companies?slug=medincare-argentina-s-a- HTTP/1.1" 200 None
2026-09-27 15:38:48,409 INFO ⏭ Company exists: Medincare Argentina S.A.
2026-09-27 15:38:49,403 DEBUG https://argentina.mimusjobs.com:443 "GET /wp-json/wp/v2/job-listings?slug=acompa-ante-terap-utico-a HTTP/1.1" 200 None
2026-09-27 15:38:49,414 DEBUG https://ii.ct-stc.com:443 "GET /5/logos/empresas/2023/04/12//medincare154458thumbnail.png HTTP/1.1" 200 25179
2026-09-27 15:38:50,930 DEBUG https://argentina.mimusjobs.com:443 "POST /wp-json/wp/v2/media HTTP/1.1" 201 None
2026-09-27 15:38:51,888 DEBUG https://argentina.mimusjobs.com:443 "POST /wp-json/wp/v2/job-listings HTTP/1.1" 201 None
2026-09-27 15:38:51,889 INFO ✅ Job posted: 'Acompañante terapéutico/a' → WP ID 35160
2026-09-27 15:38:51,889 INFO ✅ SUCCESS — 'Acompañante terapéutico/a' → WP ID=35160 🔗 https://argentina.mimusjobs.com/job/acompanante-terapeutico-a-10/
2026-09-27 15:38:52,889 INFO ── https://ar.computrabajo.com/empleos-en-capital-federal | page 10 | job 9/20: https://ar.computrabajo.com/ofertas-de-trabajo/oferta-de-trabajo-de-operadora-de-atencion-al-cliente-en-floresta-7F0E7CE3FBE71C7761373E686DCF3405
2026-09-27 15:38:52,963 DEBUG https://ar.computrabajo.com:443 "GET /ofertas-de-trabajo/oferta-de-trabajo-de-operadora-de-atencion-al-cliente-en-floresta-7F0E7CE3FBE71C7761373E686DCF3405 HTTP/1.1" 200 None
2026-09-27 15:38:52,966 DEBUG     GET https://ar.computrabajo.com/ofertas-de-trabajo/oferta-de-trabajo-de-operadora-de-atencion-al-cliente-en-floresta-7F0E7CE3FBE71C7761373E686DCF3405 → HTTP 200 (159,195 chars)
2026-09-27 15:38:52,985 INFO     ┌─ SCRAPED JOB ─────────────────────────────────────────
    │ URL          : https://ar.computrabajo.com/ofertas-de-trabajo/oferta-de-trabajo-de-operadora-de-atencion-al-cliente-en-floresta-7F0E7CE3FBE71C7761373E686DCF3405
    │ Title        : Operador/a de atención al cliente
    │ Company      : Ayax
    │ Location     : Floresta, Capital Federal
    │ Job type     : full-time
    │ Salary       : (not listed)
    │ Industry     : Venta al consumidor
    │ Date posted  : 2026-09-03
    │ Deadline     : 2026-11-02
    │ External ID  : 493F28317442BC40
    │ Description  : ¡Súmate a una empresa líder en seguridad!
Estamos buscando nuevos talentos para incorporarse a nuestro equipo de Atención y Monitoreo.
Si te motiva brindar un servicio de calidad, resolver situaciones…
    └───────────────────────────────────────────────────────
2026-09-27 15:38:53,962 DEBUG https://argentina.mimusjobs.com:443 "GET /wp-json/wp/v2/companies?slug=ayax HTTP/1.1" 200 None
2026-09-27 15:38:53,963 INFO ⏭ Company exists: Ayax
2026-09-27 15:38:55,010 DEBUG https://argentina.mimusjobs.com:443 "GET /wp-json/wp/v2/job-listings?slug=operador-a-de-atenci-n-al-cliente HTTP/1.1" 200 None
2026-09-27 15:38:56,894 DEBUG https://argentina.mimusjobs.com:443 "POST /wp-json/wp/v2/job-listings HTTP/1.1" 201 None
2026-09-27 15:38:56,894 INFO ✅ Job posted: 'Operador/a de atención al cliente' → WP ID 35161
2026-09-27 15:38:56,895 INFO ✅ SUCCESS — 'Operador/a de atención al cliente' → WP ID=35161 🔗 https://argentina.mimusjobs.com/job/operador-a-de-atencion-al-cliente-6/
2026-09-27 15:38:57,895 INFO ── https://ar.computrabajo.com/empleos-en-capital-federal | page 10 | job 10/20: https://ar.computrabajo.com/ofertas-de-trabajo/oferta-de-trabajo-de-porteria-y-control-en-barracas-6FBD199845D1235661373E686DCF3405
2026-09-27 15:38:57,984 DEBUG https://ar.computrabajo.com:443 "GET /ofertas-de-trabajo/oferta-de-trabajo-de-porteria-y-control-en-barracas-6FBD199845D1235661373E686DCF3405 HTTP/1.1" 200 None
2026-09-27 15:38:57,987 DEBUG     GET https://ar.computrabajo.com/ofertas-de-trabajo/oferta-de-trabajo-de-porteria-y-control-en-barracas-6FBD199845D1235661373E686DCF3405 → HTTP 200 (174,299 chars)
2026-09-27 15:38:58,010 INFO     ┌─ SCRAPED JOB ─────────────────────────────────────────
    │ URL          : https://ar.computrabajo.com/ofertas-de-trabajo/oferta-de-trabajo-de-porteria-y-control-en-barracas-6FBD199845D1235661373E686DCF3405
    │ Title        : Portería y Control
    │ Company      : Flecha Bus
    │ Location     : Barracas, Capital Federal
    │ Job type     : full-time
    │ Salary       : (not listed)
    │ Industry     : Transporte
    │ Date posted  : 2026-09-03
    │ Deadline     : 2026-11-02
    │ External ID  : FD3E7A2D76D722B3
    │ Description  : En Grupo Flecha nos encontramos en la búsqueda de un/a colaborador/a para sumarse al equipo de Portería y Control para trabajar en nuestros predios ubicados en CABA.
Principales responsabilidades:
Ver…
    └───────────────────────────────────────────────────────
2026-09-27 15:38:58,830 DEBUG https://argentina.mimusjobs.com:443 "GET /wp-json/wp/v2/companies?slug=flecha-bus HTTP/1.1" 200 None
2026-09-27 15:38:58,831 INFO ⏭ Company exists: Flecha Bus
2026-09-27 15:38:59,578 DEBUG https://argentina.mimusjobs.com:443 "GET /wp-json/wp/v2/job-listings?slug=porter-a-y-control HTTP/1.1" 200 None
2026-09-27 15:38:59,590 DEBUG https://ii.ct-stc.com:443 "GET /5/logos/empresas/2016/06/23/flecha-bus-FD3E7A2D76D722B3thumbnail.jpeg HTTP/1.1" 200 2884
2026-09-27 15:39:00,881 DEBUG https://argentina.mimusjobs.com:443 "POST /wp-json/wp/v2/media HTTP/1.1" 201 None
2026-09-27 15:39:02,040 DEBUG https://argentina.mimusjobs.com:443 "POST /wp-json/wp/v2/job-listings HTTP/1.1" 201 None
2026-09-27 15:39:02,040 INFO ✅ Job posted: 'Portería y Control' → WP ID 35163
2026-09-27 15:39:02,040 INFO ✅ SUCCESS — 'Portería y Control' → WP ID=35163 🔗 https://argentina.mimusjobs.com/job/porteria-y-control-6/
2026-09-27 15:39:03,040 INFO ── https://ar.computrabajo.com/empleos-en-capital-federal | page 10 | job 11/20: https://ar.computrabajo.com/ofertas-de-trabajo/oferta-de-trabajo-de-asistentes-gerontologicas-con-cama-en-recoleta-BABBA84DDE9AB9BD61373E686DCF3405
2026-09-27 15:39:03,119 DEBUG https://ar.computrabajo.com:443 "GET /ofertas-de-trabajo/oferta-de-trabajo-de-asistentes-gerontologicas-con-cama-en-recoleta-BABBA84DDE9AB9BD61373E686DCF3405 HTTP/1.1" 200 None
2026-09-27 15:39:03,120 DEBUG     GET https://ar.computrabajo.com/ofertas-de-trabajo/oferta-de-trabajo-de-asistentes-gerontologicas-con-cama-en-recoleta-BABBA84DDE9AB9BD61373E686DCF3405 → HTTP 200 (148,383 chars)
2026-09-27 15:39:03,136 WARNING No JobPosting JSON-LD found, using HTML fallback: https://ar.computrabajo.com/ofertas-de-trabajo/oferta-de-trabajo-de-asistentes-gerontologicas-con-cama-en-recoleta-BABBA84DDE9AB9BD61373E686DCF3405
2026-09-27 15:39:03,137 INFO     ┌─ SCRAPED JOB ─────────────────────────────────────────
    │ URL          : https://ar.computrabajo.com/ofertas-de-trabajo/oferta-de-trabajo-de-asistentes-gerontologicas-con-cama-en-recoleta-BABBA84DDE9AB9BD61373E686DCF3405
    │ Title        : Asistentes Gerontológicas con cama
    │ Company      : Importante empresa del sector
    │ Location     : Recoleta, Capital Federal
    │ Job type     : full-time
    │ Salary       : A convenir ARS
    │ Industry     : (none)
    │ Date posted  : (unknown)
    │ Deadline     : (estimated: )
    │ External ID  : (none)
    │ Description  : Importante empresa líder del sector de salud, busca personal Con cama (Sin retiro) para el cuidado de pacientes con distintas patologías en DOMICILIO. 

Turnos Con cama (Sin retiro): 
Viernes a Doming…
    └───────────────────────────────────────────────────────
2026-09-27 15:39:03,935 DEBUG https://argentina.mimusjobs.com:443 "GET /wp-json/wp/v2/companies?slug=importante-empresa-del-sector HTTP/1.1" 200 None
2026-09-27 15:39:03,935 INFO ⏭ Company exists: Importante empresa del sector
2026-09-27 15:39:04,625 DEBUG https://argentina.mimusjobs.com:443 "GET /wp-json/wp/v2/job-listings?slug=asistentes-gerontol-gicas-con-cama HTTP/1.1" 200 None
2026-09-27 15:39:05,959 DEBUG https://argentina.mimusjobs.com:443 "POST /wp-json/wp/v2/job-listings HTTP/1.1" 201 None
2026-09-27 15:39:05,959 INFO ✅ Job posted: 'Asistentes Gerontológicas con cama' → WP ID 35164
2026-09-27 15:39:05,959 INFO ✅ SUCCESS — 'Asistentes Gerontológicas con cama' → WP ID=35164 🔗 https://argentina.mimusjobs.com/job/asistentes-gerontologicas-con-cama-6/
2026-09-27 15:39:06,959 INFO ── https://ar.computrabajo.com/empleos-en-capital-federal | page 10 | job 12/20: https://ar.computrabajo.com/ofertas-de-trabajo/oferta-de-trabajo-de-oficial-de-mantenimiento-edilicio-en-recoleta-54B6731C863D6E5961373E686DCF3405
2026-09-27 15:39:07,036 DEBUG https://ar.computrabajo.com:443 "GET /ofertas-de-trabajo/oferta-de-trabajo-de-oficial-de-mantenimiento-edilicio-en-recoleta-54B6731C863D6E5961373E686DCF3405 HTTP/1.1" 200 None
2026-09-27 15:39:07,039 DEBUG     GET https://ar.computrabajo.com/ofertas-de-trabajo/oferta-de-trabajo-de-oficial-de-mantenimiento-edilicio-en-recoleta-54B6731C863D6E5961373E686DCF3405 → HTTP 200 (167,609 chars)
2026-09-27 15:39:07,061 INFO     ┌─ SCRAPED JOB ─────────────────────────────────────────
    │ URL          : https://ar.computrabajo.com/ofertas-de-trabajo/oferta-de-trabajo-de-oficial-de-mantenimiento-edilicio-en-recoleta-54B6731C863D6E5961373E686DCF3405
    │ Title        : Oficial de mantenimiento edilicio
    │ Company      : Medicus S.A.
    │ Location     : Recoleta, Capital Federal
    │ Job type     : full-time
    │ Salary       : (not listed)
    │ Industry     : Salud / Medicina
    │ Date posted  : 2026-09-11
    │ Deadline     : 2026-11-10
    │ External ID  : C10D474E32D85863
    │ Description  : Nos encontramos en la búsqueda de Oficial de Mantenimiento para nuestros Centros Medicus ubicados en CABA
Sus principales responsabilidades serán el mantenimiento preventivo y correctivo de la estruct…
    └───────────────────────────────────────────────────────
2026-09-27 15:39:07,983 DEBUG https://argentina.mimusjobs.com:443 "GET /wp-json/wp/v2/companies?slug=medicus-s-a- HTTP/1.1" 200 None
2026-09-27 15:39:07,984 INFO ⏭ Company exists: Medicus S.A.
2026-09-27 15:39:08,966 DEBUG https://argentina.mimusjobs.com:443 "GET /wp-json/wp/v2/job-listings?slug=oficial-de-mantenimiento-edilicio HTTP/1.1" 200 None
2026-09-27 15:39:08,967 INFO ⏭ Job already on WP: Oficial de mantenimiento edilicio
2026-09-27 15:39:08,967 INFO ✅ SUCCESS — 'Oficial de mantenimiento edilicio' → WP ID=22420 🔗 https://argentina.mimusjobs.com/job/oficial-de-mantenimiento-edilicio/
2026-09-27 15:39:09,967 INFO ── https://ar.computrabajo.com/empleos-en-capital-federal | page 10 | job 13/20: https://ar.computrabajo.com/ofertas-de-trabajo/oferta-de-trabajo-de-tecnico-instalacion-de-pantallas-led-en-monserrat-8849BF2675D011B061373E686DCF3405
2026-09-27 15:39:10,081 DEBUG https://ar.computrabajo.com:443 "GET /ofertas-de-trabajo/oferta-de-trabajo-de-tecnico-instalacion-de-pantallas-led-en-monserrat-8849BF2675D011B061373E686DCF3405 HTTP/1.1" 200 None
2026-09-27 15:39:10,084 DEBUG     GET https://ar.computrabajo.com/ofertas-de-trabajo/oferta-de-trabajo-de-tecnico-instalacion-de-pantallas-led-en-monserrat-8849BF2675D011B061373E686DCF3405 → HTTP 200 (170,036 chars)
2026-09-27 15:39:10,109 INFO     ┌─ SCRAPED JOB ─────────────────────────────────────────
    │ URL          : https://ar.computrabajo.com/ofertas-de-trabajo/oferta-de-trabajo-de-tecnico-instalacion-de-pantallas-led-en-monserrat-8849BF2675D011B061373E686DCF3405
    │ Title        : Técnico - Instalación de pantallas LED
    │ Company      : Multiled
    │ Location     : Monserrat, Capital Federal
    │ Job type     : full-time
    │ Salary       : 9999 ARS
    │ Industry     : Fabricación
    │ Date posted  : 2026-09-11
    │ Deadline     : 2026-11-10
    │ External ID  : 144E9CB1327BA884
    │ Description  : En MULTILED, líderes en soluciones visuales de alta tecnología, seguimos creciendo. Buscamos perfiles proactivos y apasionados por la tecnología para integrarse a nuestro equipo de Instalación en la c…
    └───────────────────────────────────────────────────────
2026-09-27 15:39:10,721 DEBUG https://argentina.mimusjobs.com:443 "GET /wp-json/wp/v2/companies?slug=multiled HTTP/1.1" 200 None
2026-09-27 15:39:10,721 INFO ⏭ Company exists: Multiled
2026-09-27 15:39:11,606 DEBUG https://argentina.mimusjobs.com:443 "GET /wp-json/wp/v2/job-listings?slug=t-cnico---instalaci-n-de-pantallas-led HTTP/1.1" 200 None
2026-09-27 15:39:11,618 DEBUG https://ii.ct-stc.com:443 "GET /5/logos/empresas/2017/12/13/multiled-144E9CB1327BA884151727thumbnail.png HTTP/1.1" 200 11377
2026-09-27 15:39:12,702 DEBUG https://argentina.mimusjobs.com:443 "POST /wp-json/wp/v2/media HTTP/1.1" 201 None
