2026-09-27 13:33:38,369 INFO [STARTUP CHECK] INTERNAL_BOT_KEY is SET (length=64) — X-Internal-Auth header WILL be sent on every WordPress request.
2026-09-27 13:33:38,369 INFO 🚀 Computrabajo Argentina scraper — starting… (Ctrl+C to stop, safe to resume)
2026-09-27 13:33:38,371 DEBUG Starting new HTTPS connection (1): argentina.mimusjobs.com:443
2026-09-27 13:33:39,593 DEBUG https://argentina.mimusjobs.com:443 "GET /wp-json/wp/v2/job_listing_type?slug=full-time HTTP/1.1" 200 None
2026-09-27 13:33:40,297 DEBUG https://argentina.mimusjobs.com:443 "GET /wp-json/wp/v2/job_listing_type?slug=part-time HTTP/1.1" 200 None
2026-09-27 13:33:41,772 DEBUG https://argentina.mimusjobs.com:443 "GET /wp-json/wp/v2/job_listing_type?slug=contract HTTP/1.1" 200 None
2026-09-27 13:33:42,346 DEBUG https://argentina.mimusjobs.com:443 "GET /wp-json/wp/v2/job_listing_type?slug=temporary HTTP/1.1" 200 None
2026-09-27 13:33:43,164 DEBUG https://argentina.mimusjobs.com:443 "GET /wp-json/wp/v2/job_listing_type?slug=internship HTTP/1.1" 200 None
2026-09-27 13:33:44,108 DEBUG https://argentina.mimusjobs.com:443 "GET /wp-json/wp/v2/job_listing_type?slug=volunteer HTTP/1.1" 200 None
2026-09-27 13:33:44,108 INFO 📋 0 jobs already in tracker.
2026-09-27 13:33:44,109 INFO Fetching homepage: https://ar.computrabajo.com/
2026-09-27 13:33:44,110 DEBUG Starting new HTTPS connection (1): ar.computrabajo.com:443
2026-09-27 13:33:44,211 DEBUG https://ar.computrabajo.com:443 "GET / HTTP/1.1" 200 None
2026-09-27 13:33:44,215 DEBUG     GET https://ar.computrabajo.com/ → HTTP 200 (122,902 chars)
2026-09-27 13:33:44,254 INFO 📍 Found 48 location URLs on the homepage.
2026-09-27 13:33:44,254 DEBUG     [0] https://ar.computrabajo.com/empleos-en-capital-federal
2026-09-27 13:33:44,254 DEBUG     [1] https://ar.computrabajo.com/empleos-en-capital-federal-en-palermo
2026-09-27 13:33:44,254 DEBUG     [2] https://ar.computrabajo.com/empleos-en-capital-federal-en-san-nicolas
2026-09-27 13:33:44,254 DEBUG     [3] https://ar.computrabajo.com/empleos-en-capital-federal-en-monserrat
2026-09-27 13:33:44,254 DEBUG     [4] https://ar.computrabajo.com/empleos-en-buenos-aires-gba
2026-09-27 13:33:44,254 DEBUG     [5] https://ar.computrabajo.com/empleos-en-buenos-aires-gba-en-vicente-lopez
2026-09-27 13:33:44,254 DEBUG     [6] https://ar.computrabajo.com/empleos-en-buenos-aires-gba-en-san-martin
2026-09-27 13:33:44,254 DEBUG     [7] https://ar.computrabajo.com/empleos-en-buenos-aires-gba-en-tigre
2026-09-27 13:33:44,254 DEBUG     [8] https://ar.computrabajo.com/empleos-en-buenos-aires
2026-09-27 13:33:44,254 DEBUG     [9] https://ar.computrabajo.com/empleos-en-buenos-aires-en-pila
2026-09-27 13:33:44,254 DEBUG     [10] https://ar.computrabajo.com/empleos-en-buenos-aires-en-la-plata
2026-09-27 13:33:44,254 DEBUG     [11] https://ar.computrabajo.com/empleos-en-buenos-aires-en-3-de-febrero
2026-09-27 13:33:44,254 DEBUG     [12] https://ar.computrabajo.com/empleos-en-cordoba
2026-09-27 13:33:44,255 DEBUG     [13] https://ar.computrabajo.com/empleos-en-cordoba-en-capital
2026-09-27 13:33:44,255 DEBUG     [14] https://ar.computrabajo.com/empleos-en-cordoba-en-rio-cuarto
2026-09-27 13:33:44,255 DEBUG     [15] https://ar.computrabajo.com/empleos-en-cordoba-en-villa-carlos-paz
2026-09-27 13:33:44,255 DEBUG     [16] https://ar.computrabajo.com/empleos-en-santa-fe
2026-09-27 13:33:44,255 DEBUG     [17] https://ar.computrabajo.com/empleos-en-santa-fe-en-rosario
2026-09-27 13:33:44,255 DEBUG     [18] https://ar.computrabajo.com/empleos-en-santa-fe-en-capital
2026-09-27 13:33:44,255 DEBUG     [19] https://ar.computrabajo.com/empleos-en-santa-fe-en-rafaela
2026-09-27 13:33:44,255 DEBUG     [20] https://ar.computrabajo.com/empleos-en-mendoza
2026-09-27 13:33:44,255 DEBUG     [21] https://ar.computrabajo.com/empleos-en-mendoza-en-capital
2026-09-27 13:33:44,255 DEBUG     [22] https://ar.computrabajo.com/empleos-en-mendoza-en-godoy-cruz
2026-09-27 13:33:44,255 DEBUG     [23] https://ar.computrabajo.com/empleos-en-mendoza-en-lujan-de-cuyo
2026-09-27 13:33:44,255 DEBUG     [24] https://ar.computrabajo.com/empleos-en-tucuman
2026-09-27 13:33:44,255 DEBUG     [25] https://ar.computrabajo.com/empleos-en-tucuman-en-san-miguel-de-tucuman
2026-09-27 13:33:44,255 DEBUG     [26] https://ar.computrabajo.com/empleos-en-tucuman-en-yerba-buena
2026-09-27 13:33:44,255 DEBUG     [27] https://ar.computrabajo.com/empleos-en-tucuman-en-concepcion
2026-09-27 13:33:44,255 DEBUG     [28] https://ar.computrabajo.com/empleos-en-neuquen
2026-09-27 13:33:44,255 DEBUG     [29] https://ar.computrabajo.com/empleos-en-neuquen-en-capital
2026-09-27 13:33:44,255 DEBUG     [30] https://ar.computrabajo.com/empleos-en-neuquen-en-cipolletti
2026-09-27 13:33:44,255 DEBUG     [31] https://ar.computrabajo.com/empleos-en-neuquen-en-centenario
2026-09-27 13:33:44,255 DEBUG     [32] https://ar.computrabajo.com/empleos-en-salta
2026-09-27 13:33:44,255 DEBUG     [33] https://ar.computrabajo.com/empleos-en-salta-en-capital
2026-09-27 13:33:44,255 DEBUG     [34] https://ar.computrabajo.com/empleos-en-salta-en-oran
2026-09-27 13:33:44,255 DEBUG     [35] https://ar.computrabajo.com/empleos-en-salta-en-el-galpon
2026-09-27 13:33:44,256 DEBUG     [36] https://ar.computrabajo.com/empleos-en-misiones
2026-09-27 13:33:44,256 DEBUG     [37] https://ar.computrabajo.com/empleos-en-misiones-en-posadas
2026-09-27 13:33:44,256 DEBUG     [38] https://ar.computrabajo.com/empleos-en-misiones-en-pto.-iguazu
2026-09-27 13:33:44,256 DEBUG     [39] https://ar.computrabajo.com/empleos-en-misiones-en-iguazu
2026-09-27 13:33:44,256 DEBUG     [40] https://ar.computrabajo.com/empleos-en-chubut
2026-09-27 13:33:44,256 DEBUG     [41] https://ar.computrabajo.com/empleos-en-chubut-en-comodoro-rivadavia
2026-09-27 13:33:44,256 DEBUG     [42] https://ar.computrabajo.com/empleos-en-chubut-en-trelew
2026-09-27 13:33:44,256 DEBUG     [43] https://ar.computrabajo.com/empleos-en-chubut-en-pto.-madryn
2026-09-27 13:33:44,256 DEBUG     [44] https://ar.computrabajo.com/empleos-en-rio-negro
2026-09-27 13:33:44,256 DEBUG     [45] https://ar.computrabajo.com/empleos-en-rio-negro-en-bariloche
2026-09-27 13:33:44,256 DEBUG     [46] https://ar.computrabajo.com/empleos-en-rio-negro-en-cipolletti
2026-09-27 13:33:44,256 DEBUG     [47] https://ar.computrabajo.com/empleos-en-rio-negro-en-gral.-roca
2026-09-27 13:33:44,256 INFO 🚀 Starting Computrabajo Argentina scrape across 48 locations, resuming at location #0 (https://ar.computrabajo.com/empleos-en-capital-federal), page 1.
2026-09-27 13:33:44,256 INFO Fetching listing page 1: https://ar.computrabajo.com/empleos-en-capital-federal
2026-09-27 13:33:44,318 DEBUG https://ar.computrabajo.com:443 "GET /empleos-en-capital-federal HTTP/1.1" 200 None
2026-09-27 13:33:44,327 DEBUG     GET https://ar.computrabajo.com/empleos-en-capital-federal → HTTP 200 (332,209 chars)
2026-09-27 13:33:44,414 INFO Found 20 job URLs on page 1
2026-09-27 13:33:44,414 DEBUG     job 1: https://ar.computrabajo.com/ofertas-de-trabajo/oferta-de-trabajo-de-pizzeroa-en-puerto-madero-F0591F040BE7CD7A61373E686DCF3405
2026-09-27 13:33:44,414 DEBUG     job 2: https://ar.computrabajo.com/ofertas-de-trabajo/oferta-de-trabajo-de-ayudante-de-oficial-multiple-mantenimiento-integral-y-obras-en-saavedra-AB9BF14E4A5A09CB61373E686DCF3405
2026-09-27 13:33:44,414 DEBUG     job 3: https://ar.computrabajo.com/ofertas-de-trabajo/oferta-de-trabajo-de-tecnico-mantenimiento-productivo-chacarita-caba-en-chacarita-C070D68EE987753461373E686DCF3405
2026-09-27 13:33:44,414 DEBUG     job 4: https://ar.computrabajo.com/ofertas-de-trabajo/oferta-de-trabajo-de-contadora-liquidacion-de-impuestos-z-parque-patricios-en-parque-patricios-52DECD41AFD225B161373E686DCF3405
2026-09-27 13:33:44,414 DEBUG     job 5: https://ar.computrabajo.com/ofertas-de-trabajo/oferta-de-trabajo-de-analista-contable-sr-zona-villa-devoto-en-recoleta-A77EB1533C021F1461373E686DCF3405
2026-09-27 13:33:44,414 DEBUG     job 6: https://ar.computrabajo.com/ofertas-de-trabajo/oferta-de-trabajo-de-asesor-telefonico-de-postventa-y-retencion-en-monserrat-085495F013D7022C61373E686DCF3405
2026-09-27 13:33:44,414 DEBUG     job 7: https://ar.computrabajo.com/ofertas-de-trabajo/oferta-de-trabajo-de-telemarketer-en-retiro-BAB513327B5A32FE61373E686DCF3405
2026-09-27 13:33:44,414 DEBUG     job 8: https://ar.computrabajo.com/ofertas-de-trabajo/oferta-de-trabajo-de-recepcionista-de-eventos-eventual-en-puerto-madero-F82B04018BB56F2661373E686DCF3405
2026-09-27 13:33:44,414 DEBUG     job 9: https://ar.computrabajo.com/ofertas-de-trabajo/oferta-de-trabajo-de-bartender-fulltime-en-puerto-madero-7681CAE73DB08F8761373E686DCF3405
2026-09-27 13:33:44,414 DEBUG     job 10: https://ar.computrabajo.com/ofertas-de-trabajo/oferta-de-trabajo-de-desarrollo-comercial-automotriz-sumate-al-equipo-con-mayores-comisiones-de-caba-en-san-nicolas-F3443288FFD351E861373E686DCF3405
2026-09-27 13:33:44,414 DEBUG     job 11: https://ar.computrabajo.com/ofertas-de-trabajo/oferta-de-trabajo-de-gate-controller-en-retiro-2AB6EA8595F9A3FB61373E686DCF3405
2026-09-27 13:33:44,414 DEBUG     job 12: https://ar.computrabajo.com/ofertas-de-trabajo/oferta-de-trabajo-de-si-tenes-experiencia-como-telemarketer-postulate-aca-en-san-nicolas-04A39E691CFD951A61373E686DCF3405
2026-09-27 13:33:44,415 DEBUG     job 13: https://ar.computrabajo.com/ofertas-de-trabajo/oferta-de-trabajo-de-ingreso-hoy-peon-de-cocina--con-certificado-de-manipulacion-de-alimentos-vigente-excluyente-en-almagro-A524C73231AD140961373E686DCF3405
2026-09-27 13:33:44,415 DEBUG     job 14: https://ar.computrabajo.com/ofertas-de-trabajo/oferta-de-trabajo-de-lider-de-migracion-de-datos-sap-s4hana-rise-en-san-nicolas-BEE906B24965426F61373E686DCF3405
2026-09-27 13:33:44,415 DEBUG     job 15: https://ar.computrabajo.com/ofertas-de-trabajo/oferta-de-trabajo-de-tecnico-electromecanico-full-time-san-telmo-en-san-telmo-B91BBEA958CB5FA261373E686DCF3405
2026-09-27 13:33:44,415 DEBUG     job 16: https://ar.computrabajo.com/ofertas-de-trabajo/oferta-de-trabajo-de-analista-sr-en-atraccion-de-talento-en-barracas-1174BDADE222330061373E686DCF3405
2026-09-27 13:33:44,415 DEBUG     job 17: https://ar.computrabajo.com/ofertas-de-trabajo/oferta-de-trabajo-de-importante-restaurante-de-palermo-busca-mozo-de-barra-en-palermo-04B80D716707BB8D61373E686DCF3405
2026-09-27 13:33:44,415 DEBUG     job 18: https://ar.computrabajo.com/ofertas-de-trabajo/oferta-de-trabajo-de-camareroa-de-eventos-eventual-en-puerto-madero-25B188C6089574F561373E686DCF3405
2026-09-27 13:33:44,415 DEBUG     job 19: https://ar.computrabajo.com/ofertas-de-trabajo/oferta-de-trabajo-de-vendedores-y-comerciales-automotriz-sumate-a-la-marca-lider-de-caba-en-san-nicolas-91544FB0B9FD558061373E686DCF3405
2026-09-27 13:33:44,415 DEBUG     job 20: https://ar.computrabajo.com/ofertas-de-trabajo/oferta-de-trabajo-de-tecnico-multidisciplinario-diurno-en-constitucion-FC494AFC9ABA84EB61373E686DCF3405
2026-09-27 13:33:44,415 INFO ── https://ar.computrabajo.com/empleos-en-capital-federal | page 1 | job 1/20: https://ar.computrabajo.com/ofertas-de-trabajo/oferta-de-trabajo-de-pizzeroa-en-puerto-madero-F0591F040BE7CD7A61373E686DCF3405
2026-09-27 13:33:44,463 DEBUG https://ar.computrabajo.com:443 "GET /ofertas-de-trabajo/oferta-de-trabajo-de-pizzeroa-en-puerto-madero-F0591F040BE7CD7A61373E686DCF3405 HTTP/1.1" 200 None
2026-09-27 13:33:44,468 DEBUG     GET https://ar.computrabajo.com/ofertas-de-trabajo/oferta-de-trabajo-de-pizzeroa-en-puerto-madero-F0591F040BE7CD7A61373E686DCF3405 → HTTP 200 (160,017 chars)
2026-09-27 13:33:44,504 INFO     ┌─ SCRAPED JOB ─────────────────────────────────────────
    │ URL          : https://ar.computrabajo.com/ofertas-de-trabajo/oferta-de-trabajo-de-pizzeroa-en-puerto-madero-F0591F040BE7CD7A61373E686DCF3405
    │ Title        : Pizzero/a
    │ Company      : Consultora gastronómica madero
    │ Location     : Puerto Madero, Capital Federal
    │ Job type     : full-time
    │ Salary       : (not listed)
    │ Industry     : Hostelería / Turismo
    │ Date posted  : 2026-08-10
    │ Deadline     : 2026-10-09
    │ External ID  : DAFBBABBDF4A064F
    │ Description  : Importantes locales gastronómicos ubicados en Palermo y Puerto Madero se encuentran en la búsqueda de Pizzero/a para incorporar a su equipo de trabajo.
Buscamos una persona proactiva, dinámica y respo…
    └───────────────────────────────────────────────────────
2026-09-27 13:33:45,195 DEBUG https://argentina.mimusjobs.com:443 "GET /wp-json/wp/v2/companies?slug=consultora-gastron-mica-madero HTTP/1.1" 200 None
2026-09-27 13:33:45,196 DEBUG Starting new HTTPS connection (1): ii.ct-stc.com:443
2026-09-27 13:33:45,330 DEBUG https://ii.ct-stc.com:443 "GET /5/logos/empresas/2023/09/19/03704ba6c2bd4c2188ef190838090thumbnail.jpeg HTTP/1.1" 200 4734
2026-09-27 13:33:46,173 DEBUG https://argentina.mimusjobs.com:443 "POST /wp-json/wp/v2/media HTTP/1.1" 201 None
2026-09-27 13:33:47,220 DEBUG https://argentina.mimusjobs.com:443 "POST /wp-json/wp/v2/companies HTTP/1.1" 201 None
2026-09-27 13:33:47,221 INFO ✅ Company posted: Consultora gastronómica madero → ID 33595
2026-09-27 13:33:47,880 DEBUG https://argentina.mimusjobs.com:443 "GET /wp-json/wp/v2/job-listings?slug=pizzero-a HTTP/1.1" 200 None
2026-09-27 13:33:47,880 INFO ⏭ Job already on WP: Pizzero/a
2026-09-27 13:33:47,880 INFO ✅ SUCCESS — 'Pizzero/a' → WP ID=18445 🔗 https://argentina.mimusjobs.com/job/pizzero-a/
2026-09-27 13:33:48,881 INFO ── https://ar.computrabajo.com/empleos-en-capital-federal | page 1 | job 2/20: https://ar.computrabajo.com/ofertas-de-trabajo/oferta-de-trabajo-de-ayudante-de-oficial-multiple-mantenimiento-integral-y-obras-en-saavedra-AB9BF14E4A5A09CB61373E686DCF3405
2026-09-27 13:33:48,933 DEBUG https://ar.computrabajo.com:443 "GET /ofertas-de-trabajo/oferta-de-trabajo-de-ayudante-de-oficial-multiple-mantenimiento-integral-y-obras-en-saavedra-AB9BF14E4A5A09CB61373E686DCF3405 HTTP/1.1" 200 None
2026-09-27 13:33:48,938 DEBUG     GET https://ar.computrabajo.com/ofertas-de-trabajo/oferta-de-trabajo-de-ayudante-de-oficial-multiple-mantenimiento-integral-y-obras-en-saavedra-AB9BF14E4A5A09CB61373E686DCF3405 → HTTP 200 (152,556 chars)
2026-09-27 13:33:48,965 WARNING No JobPosting JSON-LD found, using HTML fallback: https://ar.computrabajo.com/ofertas-de-trabajo/oferta-de-trabajo-de-ayudante-de-oficial-multiple-mantenimiento-integral-y-obras-en-saavedra-AB9BF14E4A5A09CB61373E686DCF3405
2026-09-27 13:33:48,968 INFO     ┌─ SCRAPED JOB ─────────────────────────────────────────
    │ URL          : https://ar.computrabajo.com/ofertas-de-trabajo/oferta-de-trabajo-de-ayudante-de-oficial-multiple-mantenimiento-integral-y-obras-en-saavedra-AB9BF14E4A5A09CB61373E686DCF3405
    │ Title        : Ayudante de Oficial Múltiple - (Mantenimiento Integral y Obras)
    │ Company      : Importante empresa del sector
    │ Location     : Saavedra, Capital Federal
    │ Job type     : full-time
    │ Salary       : A convenir ARS
    │ Industry     : (none)
    │ Date posted  : (unknown)
    │ Deadline     : (estimated: )
    │ External ID  : (none)
    │ Description  : Descripción del puesto
Buscamos un Ayudante de Oficial dinámico y con predisposición para aprender, que brinde soporte técnico y operativo continuo a los oficiales de las distintas especialidades en l…
    └───────────────────────────────────────────────────────
2026-09-27 13:33:49,584 DEBUG https://argentina.mimusjobs.com:443 "GET /wp-json/wp/v2/companies?slug=importante-empresa-del-sector HTTP/1.1" 200 None
2026-09-27 13:33:49,584 INFO ⏭ Company exists: Importante empresa del sector
2026-09-27 13:33:50,443 DEBUG https://argentina.mimusjobs.com:443 "GET /wp-json/wp/v2/job-listings?slug=ayudante-de-oficial-m-ltiple----mantenimiento-integral-y-obras- HTTP/1.1" 200 None
2026-09-27 13:33:51,075 DEBUG https://argentina.mimusjobs.com:443 "GET /wp-json/wp/v2/job_listing_region?slug=saavedra--capital-federal HTTP/1.1" 200 None
2026-09-27 13:33:52,097 DEBUG https://argentina.mimusjobs.com:443 "POST /wp-json/wp/v2/job-listings HTTP/1.1" 201 None
2026-09-27 13:33:52,196 INFO ✅ Job posted: 'Ayudante de Oficial Múltiple - (Mantenimiento Integral y Obras)' → WP ID 33596
2026-09-27 13:33:52,196 INFO ✅ SUCCESS — 'Ayudante de Oficial Múltiple - (Mantenimiento Integral y Obras)' → WP ID=33596 🔗 https://argentina.mimusjobs.com/job/ayudante-de-oficial-multiple-mantenimiento-integral-y-obras-4/
2026-09-27 13:33:53,196 INFO ── https://ar.computrabajo.com/empleos-en-capital-federal | page 1 | job 3/20: https://ar.computrabajo.com/ofertas-de-trabajo/oferta-de-trabajo-de-tecnico-mantenimiento-productivo-chacarita-caba-en-chacarita-C070D68EE987753461373E686DCF3405
2026-09-27 13:33:53,260 DEBUG https://ar.computrabajo.com:443 "GET /ofertas-de-trabajo/oferta-de-trabajo-de-tecnico-mantenimiento-productivo-chacarita-caba-en-chacarita-C070D68EE987753461373E686DCF3405 HTTP/1.1" 200 None
2026-09-27 13:33:53,265 DEBUG     GET https://ar.computrabajo.com/ofertas-de-trabajo/oferta-de-trabajo-de-tecnico-mantenimiento-productivo-chacarita-caba-en-chacarita-C070D68EE987753461373E686DCF3405 → HTTP 200 (169,895 chars)
2026-09-27 13:33:53,310 INFO     ┌─ SCRAPED JOB ─────────────────────────────────────────
    │ URL          : https://ar.computrabajo.com/ofertas-de-trabajo/oferta-de-trabajo-de-tecnico-mantenimiento-productivo-chacarita-caba-en-chacarita-C070D68EE987753461373E686DCF3405
    │ Title        : Técnico Mantenimiento Productivo / Chacarita, Caba
    │ Company      : Ceta Capital Humano
    │ Location     : Chacarita, Capital Federal
    │ Job type     : full-time
    │ Salary       : (not listed)
    │ Industry     : RRHH / Personal
    │ Date posted  : 2026-09-03
    │ Deadline     : 2026-11-02
    │ External ID  : 6264F50F0A3B0A7D
    │ Description  : En Ceta Capital Humano nos encontramos en búsqueda de un Técnico de Mantenimiento Productivo para una importante empresa multinacional dedicada al rubro de salud ubicada en Chacarita, Capital Federal.…
    └───────────────────────────────────────────────────────
2026-09-27 13:33:53,936 DEBUG https://argentina.mimusjobs.com:443 "GET /wp-json/wp/v2/companies?slug=ceta-capital-humano HTTP/1.1" 200 None
2026-09-27 13:33:53,936 INFO ⏭ Company exists: Ceta Capital Humano
2026-09-27 13:33:54,992 DEBUG https://argentina.mimusjobs.com:443 "GET /wp-json/wp/v2/job-listings?slug=t-cnico-mantenimiento-productivo---chacarita--caba HTTP/1.1" 200 None
2026-09-27 13:33:54,998 DEBUG https://ii.ct-stc.com:443 "GET /5/logos/empresas/2023/10/11/grupo-ceta-6264F50F0A3B0A7D143811thumbnail.jpeg HTTP/1.1" 200 20851
2026-09-27 13:33:55,978 DEBUG https://argentina.mimusjobs.com:443 "POST /wp-json/wp/v2/media HTTP/1.1" 201 None
2026-09-27 13:33:56,686 DEBUG https://argentina.mimusjobs.com:443 "GET /wp-json/wp/v2/job_listing_region?slug=chacarita--capital-federal HTTP/1.1" 200 None
2026-09-27 13:33:58,083 DEBUG https://argentina.mimusjobs.com:443 "POST /wp-json/wp/v2/job-listings HTTP/1.1" 201 None
2026-09-27 13:33:58,083 INFO ✅ Job posted: 'Técnico Mantenimiento Productivo / Chacarita, Caba' → WP ID 33598
2026-09-27 13:33:58,083 INFO ✅ SUCCESS — 'Técnico Mantenimiento Productivo / Chacarita, Caba' → WP ID=33598 🔗 https://argentina.mimusjobs.com/job/tecnico-mantenimiento-productivo-chacarita-caba-4/
2026-09-27 13:33:59,084 INFO ── https://ar.computrabajo.com/empleos-en-capital-federal | page 1 | job 4/20: https://ar.computrabajo.com/ofertas-de-trabajo/oferta-de-trabajo-de-contadora-liquidacion-de-impuestos-z-parque-patricios-en-parque-patricios-52DECD41AFD225B161373E686DCF3405
2026-09-27 13:33:59,149 DEBUG https://ar.computrabajo.com:443 "GET /ofertas-de-trabajo/oferta-de-trabajo-de-contadora-liquidacion-de-impuestos-z-parque-patricios-en-parque-patricios-52DECD41AFD225B161373E686DCF3405 HTTP/1.1" 200 None
2026-09-27 13:33:59,154 DEBUG     GET https://ar.computrabajo.com/ofertas-de-trabajo/oferta-de-trabajo-de-contadora-liquidacion-de-impuestos-z-parque-patricios-en-parque-patricios-52DECD41AFD225B161373E686DCF3405 → HTTP 200 (175,398 chars)
2026-09-27 13:33:59,191 INFO     ┌─ SCRAPED JOB ─────────────────────────────────────────
    │ URL          : https://ar.computrabajo.com/ofertas-de-trabajo/oferta-de-trabajo-de-contadora-liquidacion-de-impuestos-z-parque-patricios-en-parque-patricios-52DECD41AFD225B161373E686DCF3405
    │ Title        : Contador/a ( liquidacion de Impuestos) - z/ Parque Patricios
    │ Company      : Grupo Servicemen
    │ Location     : Parque Patricios, Capital Federal
    │ Job type     : full-time
    │ Salary       : (not listed)
    │ Industry     : RRHH / Personal
    │ Date posted  : 2026-08-26
    │ Deadline     : 2026-10-25
    │ External ID  : B1DD3E58C205E141
    │ Description  : Importante empresa busca un Contador/a, como analista contable seniro, con personal a cargo
Estudios: Contador Público o Licenciado en Administración
Excluyente: Excel Avanzado (no solamente fórmulas …
    └───────────────────────────────────────────────────────
2026-09-27 13:33:59,828 DEBUG https://argentina.mimusjobs.com:443 "GET /wp-json/wp/v2/companies?slug=grupo-servicemen HTTP/1.1" 200 None
2026-09-27 13:33:59,828 INFO ⏭ Company exists: Grupo Servicemen
2026-09-27 13:34:00,646 DEBUG https://argentina.mimusjobs.com:443 "GET /wp-json/wp/v2/job-listings?slug=contador-a---liquidacion-de-impuestos----z--parque-patricios HTTP/1.1" 200 None
2026-09-27 13:34:00,647 INFO ⏭ Job already on WP: Contador/a ( liquidacion de Impuestos) - z/ Parque Patricios
2026-09-27 13:34:00,647 INFO ✅ SUCCESS — 'Contador/a ( liquidacion de Impuestos) - z/ Parque Patricios' → WP ID=22144 🔗 https://argentina.mimusjobs.com/job/contador-a-liquidacion-de-impuestos-z-parque-patricios/
2026-09-27 13:34:01,647 INFO ── https://ar.computrabajo.com/empleos-en-capital-federal | page 1 | job 5/20: https://ar.computrabajo.com/ofertas-de-trabajo/oferta-de-trabajo-de-analista-contable-sr-zona-villa-devoto-en-recoleta-A77EB1533C021F1461373E686DCF3405
2026-09-27 13:34:01,680 DEBUG https://ar.computrabajo.com:443 "GET /ofertas-de-trabajo/oferta-de-trabajo-de-analista-contable-sr-zona-villa-devoto-en-recoleta-A77EB1533C021F1461373E686DCF3405 HTTP/1.1" 200 None
2026-09-27 13:34:01,685 DEBUG     GET https://ar.computrabajo.com/ofertas-de-trabajo/oferta-de-trabajo-de-analista-contable-sr-zona-villa-devoto-en-recoleta-A77EB1533C021F1461373E686DCF3405 → HTTP 200 (174,902 chars)
2026-09-27 13:34:01,723 INFO     ┌─ SCRAPED JOB ─────────────────────────────────────────
    │ URL          : https://ar.computrabajo.com/ofertas-de-trabajo/oferta-de-trabajo-de-analista-contable-sr-zona-villa-devoto-en-recoleta-A77EB1533C021F1461373E686DCF3405
    │ Title        : Analista Contable SR. Zona Villa Devoto
    │ Company      : Suministra SRL
    │ Location     : Recoleta, Capital Federal
    │ Job type     : full-time
    │ Salary       : (not listed)
    │ Industry     : RRHH / Personal
    │ Date posted  : 2026-08-26
    │ Deadline     : 2026-10-25
    │ External ID  : 5CFBA2E187B9933C
    │ Description  : Importante empresa del rubro textil se encuentra en la búsqueda de un Analista Contable. Zona Villa Devoto.
Principales responsabilidades & Tareas:
Análisis y conciliaciones de cuentas contables.
Elab…
    └───────────────────────────────────────────────────────
2026-09-27 13:34:02,906 DEBUG https://argentina.mimusjobs.com:443 "GET /wp-json/wp/v2/companies?slug=suministra-srl HTTP/1.1" 200 None
2026-09-27 13:34:02,907 INFO ⏭ Company exists: Suministra SRL
2026-09-27 13:34:03,633 DEBUG https://argentina.mimusjobs.com:443 "GET /wp-json/wp/v2/job-listings?slug=analista-contable-sr--zona-villa-devoto HTTP/1.1" 200 None
2026-09-27 13:34:03,634 INFO ⏭ Job already on WP: Analista Contable SR. Zona Villa Devoto
2026-09-27 13:34:03,634 INFO ✅ SUCCESS — 'Analista Contable SR. Zona Villa Devoto' → WP ID=22150 🔗 https://argentina.mimusjobs.com/job/analista-contable-sr-zona-villa-devoto/
2026-09-27 13:34:04,634 INFO ── https://ar.computrabajo.com/empleos-en-capital-federal | page 1 | job 6/20: https://ar.computrabajo.com/ofertas-de-trabajo/oferta-de-trabajo-de-asesor-telefonico-de-postventa-y-retencion-en-monserrat-085495F013D7022C61373E686DCF3405
2026-09-27 13:34:04,669 DEBUG https://ar.computrabajo.com:443 "GET /ofertas-de-trabajo/oferta-de-trabajo-de-asesor-telefonico-de-postventa-y-retencion-en-monserrat-085495F013D7022C61373E686DCF3405 HTTP/1.1" 200 None
2026-09-27 13:34:04,673 DEBUG     GET https://ar.computrabajo.com/ofertas-de-trabajo/oferta-de-trabajo-de-asesor-telefonico-de-postventa-y-retencion-en-monserrat-085495F013D7022C61373E686DCF3405 → HTTP 200 (171,340 chars)
2026-09-27 13:34:04,709 INFO     ┌─ SCRAPED JOB ─────────────────────────────────────────
    │ URL          : https://ar.computrabajo.com/ofertas-de-trabajo/oferta-de-trabajo-de-asesor-telefonico-de-postventa-y-retencion-en-monserrat-085495F013D7022C61373E686DCF3405
    │ Title        : Asesor Telefónico de Postventa y Retención
    │ Company      : Cat-Technologies
    │ Location     : Monserrat, Capital Federal
    │ Job type     : temporary
    │ Salary       : (not listed)
    │ Industry     : Venta al consumidor
    │ Date posted  : 2026-08-10
    │ Deadline     : 2026-10-09
    │ External ID  : 58F854C3E51E13A4
    │ Description  : ¡En CAT Technologies te estamos buscando! Si tenés actitud comercial, pasión por la atención al cliente y buscás un empleo part time con grandes oportunidades de crecimiento, ¡este desafío es para vos…
    └───────────────────────────────────────────────────────
2026-09-27 13:34:05,465 DEBUG https://argentina.mimusjobs.com:443 "GET /wp-json/wp/v2/companies?slug=cat-technologies HTTP/1.1" 200 None
2026-09-27 13:34:05,465 INFO ⏭ Company exists: Cat-Technologies
2026-09-27 13:34:06,217 DEBUG https://argentina.mimusjobs.com:443 "GET /wp-json/wp/v2/job-listings?slug=asesor-telef-nico-de-postventa-y-retenci-n HTTP/1.1" 200 None
2026-09-27 13:34:06,224 DEBUG https://ii.ct-stc.com:443 "GET /5/logos/empresas/2023/01/10/cattechnologies-58F854C3E51E13A4161952585thumbnail.jpg HTTP/1.1" 200 53823
2026-09-27 13:34:08,614 DEBUG https://argentina.mimusjobs.com:443 "POST /wp-json/wp/v2/media HTTP/1.1" 201 None
2026-09-27 13:34:09,252 DEBUG https://argentina.mimusjobs.com:443 "GET /wp-json/wp/v2/job_listing_region?slug=monserrat--capital-federal HTTP/1.1" 200 None
2026-09-27 13:34:11,745 DEBUG https://argentina.mimusjobs.com:443 "POST /wp-json/wp/v2/job-listings HTTP/1.1" 201 None
2026-09-27 13:34:11,745 INFO ✅ Job posted: 'Asesor Telefónico de Postventa y Retención' → WP ID 33600
2026-09-27 13:34:11,746 INFO ✅ SUCCESS — 'Asesor Telefónico de Postventa y Retención' → WP ID=33600 🔗 https://argentina.mimusjobs.com/job/asesor-telefonico-de-postventa-y-retencion-4/
2026-09-27 13:34:12,746 INFO ── https://ar.computrabajo.com/empleos-en-capital-federal | page 1 | job 7/20: https://ar.computrabajo.com/ofertas-de-trabajo/oferta-de-trabajo-de-telemarketer-en-retiro-BAB513327B5A32FE61373E686DCF3405
2026-09-27 13:34:12,800 DEBUG https://ar.computrabajo.com:443 "GET /ofertas-de-trabajo/oferta-de-trabajo-de-telemarketer-en-retiro-BAB513327B5A32FE61373E686DCF3405 HTTP/1.1" 200 None
2026-09-27 13:34:12,806 DEBUG     GET https://ar.computrabajo.com/ofertas-de-trabajo/oferta-de-trabajo-de-telemarketer-en-retiro-BAB513327B5A32FE61373E686DCF3405 → HTTP 200 (175,010 chars)
2026-09-27 13:34:12,844 INFO     ┌─ SCRAPED JOB ─────────────────────────────────────────
    │ URL          : https://ar.computrabajo.com/ofertas-de-trabajo/oferta-de-trabajo-de-telemarketer-en-retiro-BAB513327B5A32FE61373E686DCF3405
    │ Title        : Telemarketer
    │ Company      : Adecco Argentina S.A.
    │ Location     : Retiro, Capital Federal
    │ Job type     : temporary
    │ Salary       : (not listed)
    │ Industry     : RRHH / Personal
    │ Date posted  : 2026-09-11
    │ Deadline     : 2026-11-10
    │ External ID  : 206BA0109DAA5C4A
    │ Description  : ¡Tenemos una oportunidad para vos!
¿Te destacas vendiendo y querés desplegar tus habilidades comerciales en un excelente ambiente laboral? 
Estamos buscando Operador Telefónico para Ventas Telemarketi…
    └───────────────────────────────────────────────────────
2026-09-27 13:34:13,692 DEBUG https://argentina.mimusjobs.com:443 "GET /wp-json/wp/v2/companies?slug=adecco-argentina-s-a- HTTP/1.1" 200 None
2026-09-27 13:34:13,693 INFO ⏭ Company exists: Adecco Argentina S.A.
2026-09-27 13:34:14,314 DEBUG https://argentina.mimusjobs.com:443 "GET /wp-json/wp/v2/job-listings?slug=telemarketer HTTP/1.1" 200 None
2026-09-27 13:34:14,314 INFO ⏭ Job already on WP: Telemarketer
2026-09-27 13:34:14,314 INFO ✅ SUCCESS — 'Telemarketer' → WP ID=12244 🔗 https://argentina.mimusjobs.com/job/telemarketer/
2026-09-27 13:34:15,315 INFO ── https://ar.computrabajo.com/empleos-en-capital-federal | page 1 | job 8/20: https://ar.computrabajo.com/ofertas-de-trabajo/oferta-de-trabajo-de-recepcionista-de-eventos-eventual-en-puerto-madero-F82B04018BB56F2661373E686DCF3405
2026-09-27 13:34:15,375 DEBUG https://ar.computrabajo.com:443 "GET /ofertas-de-trabajo/oferta-de-trabajo-de-recepcionista-de-eventos-eventual-en-puerto-madero-F82B04018BB56F2661373E686DCF3405 HTTP/1.1" 200 None
2026-09-27 13:34:15,378 DEBUG     GET https://ar.computrabajo.com/ofertas-de-trabajo/oferta-de-trabajo-de-recepcionista-de-eventos-eventual-en-puerto-madero-F82B04018BB56F2661373E686DCF3405 → HTTP 200 (157,745 chars)
2026-09-27 13:34:15,407 INFO     ┌─ SCRAPED JOB ─────────────────────────────────────────
    │ URL          : https://ar.computrabajo.com/ofertas-de-trabajo/oferta-de-trabajo-de-recepcionista-de-eventos-eventual-en-puerto-madero-F82B04018BB56F2661373E686DCF3405
    │ Title        : Recepcionista de eventos - Eventual
    │ Company      : MADERO TANGO
    │ Location     : Puerto Madero, Capital Federal
    │ Job type     : part-time
    │ Salary       : (not listed)
    │ Industry     : Hostelería / Turismo
    │ Date posted  : 2026-07-29
    │ Deadline     : 2026-09-27
    │ External ID  : 8D98C1208BB86D8B
    │ Description  : ¡En Madero Tango Eventos buscamos Recepcionista! · En Madero Tango, empresa líder en gastronomía y organización de eventos con más de 20 años de trayectoria en Puerto Madero, estamos sumando Recepcion…
    └───────────────────────────────────────────────────────
2026-09-27 13:34:16,281 DEBUG https://argentina.mimusjobs.com:443 "GET /wp-json/wp/v2/companies?slug=madero-tango HTTP/1.1" 200 None
2026-09-27 13:34:16,281 INFO ⏭ Company exists: MADERO TANGO
2026-09-27 13:34:17,908 DEBUG https://argentina.mimusjobs.com:443 "GET /wp-json/wp/v2/job-listings?slug=recepcionista-de-eventos---eventual HTTP/1.1" 200 None
2026-09-27 13:34:17,908 INFO ⏭ Job already on WP: Recepcionista de eventos - Eventual
2026-09-27 13:34:17,908 INFO ✅ SUCCESS — 'Recepcionista de eventos - Eventual' → WP ID=22156 🔗 https://argentina.mimusjobs.com/job/recepcionista-de-eventos-eventual/
2026-09-27 13:34:18,908 INFO ── https://ar.computrabajo.com/empleos-en-capital-federal | page 1 | job 9/20: https://ar.computrabajo.com/ofertas-de-trabajo/oferta-de-trabajo-de-bartender-fulltime-en-puerto-madero-7681CAE73DB08F8761373E686DCF3405
2026-09-27 13:34:18,945 DEBUG https://ar.computrabajo.com:443 "GET /ofertas-de-trabajo/oferta-de-trabajo-de-bartender-fulltime-en-puerto-madero-7681CAE73DB08F8761373E686DCF3405 HTTP/1.1" 200 None
2026-09-27 13:34:18,948 DEBUG     GET https://ar.computrabajo.com/ofertas-de-trabajo/oferta-de-trabajo-de-bartender-fulltime-en-puerto-madero-7681CAE73DB08F8761373E686DCF3405 → HTTP 200 (161,912 chars)
2026-09-27 13:34:18,980 INFO     ┌─ SCRAPED JOB ─────────────────────────────────────────
    │ URL          : https://ar.computrabajo.com/ofertas-de-trabajo/oferta-de-trabajo-de-bartender-fulltime-en-puerto-madero-7681CAE73DB08F8761373E686DCF3405
    │ Title        : Bartender - Fulltime
    │ Company      : Consultora gastronómica madero
    │ Location     : Puerto Madero, Capital Federal
    │ Job type     : full-time
    │ Salary       : (not listed)
    │ Industry     : Hostelería / Turismo
    │ Date posted  : 2026-08-10
    │ Deadline     : 2026-10-09
    │ External ID  : DAFBBABBDF4A064F
    │ Description  : Importante cervecería con presencia en Palermo y Puerto Madero se encuentra en la búsqueda de Bartenders para incorporarse a su equipo de trabajo.
Buscamos personas proactivas, dinámicas, responsables…
    └───────────────────────────────────────────────────────
2026-09-27 13:34:19,616 DEBUG https://argentina.mimusjobs.com:443 "GET /wp-json/wp/v2/companies?slug=consultora-gastron-mica-madero HTTP/1.1" 200 None
2026-09-27 13:34:19,622 DEBUG https://ii.ct-stc.com:443 "GET /5/logos/empresas/2023/09/19/03704ba6c2bd4c2188ef190838090thumbnail.jpeg HTTP/1.1" 200 4734
2026-09-27 13:34:20,457 DEBUG https://argentina.mimusjobs.com:443 "POST /wp-json/wp/v2/media HTTP/1.1" 201 None
2026-09-27 13:34:21,782 DEBUG https://argentina.mimusjobs.com:443 "POST /wp-json/wp/v2/companies HTTP/1.1" 201 None
2026-09-27 13:34:21,783 INFO ✅ Company posted: Consultora gastronómica madero → ID 33602
2026-09-27 13:34:22,642 DEBUG https://argentina.mimusjobs.com:443 "GET /wp-json/wp/v2/job-listings?slug=bartender---fulltime HTTP/1.1" 200 None
2026-09-27 13:34:22,643 INFO ⏭ Job already on WP: Bartender - Fulltime
2026-09-27 13:34:22,643 INFO ✅ SUCCESS — 'Bartender - Fulltime' → WP ID=22160 🔗 https://argentina.mimusjobs.com/job/bartender-fulltime/
2026-09-27 13:34:23,643 INFO ── https://ar.computrabajo.com/empleos-en-capital-federal | page 1 | job 10/20: https://ar.computrabajo.com/ofertas-de-trabajo/oferta-de-trabajo-de-desarrollo-comercial-automotriz-sumate-al-equipo-con-mayores-comisiones-de-caba-en-san-nicolas-F3443288FFD351E861373E686DCF3405
2026-09-27 13:34:23,675 DEBUG https://ar.computrabajo.com:443 "GET /ofertas-de-trabajo/oferta-de-trabajo-de-desarrollo-comercial-automotriz-sumate-al-equipo-con-mayores-comisiones-de-caba-en-san-nicolas-F3443288FFD351E861373E686DCF3405 HTTP/1.1" 200 None
2026-09-27 13:34:23,677 DEBUG     GET https://ar.computrabajo.com/ofertas-de-trabajo/oferta-de-trabajo-de-desarrollo-comercial-automotriz-sumate-al-equipo-con-mayores-comisiones-de-caba-en-san-nicolas-F3443288FFD351E861373E686DCF3405 → HTTP 200 (162,557 chars)
2026-09-27 13:34:23,707 INFO     ┌─ SCRAPED JOB ─────────────────────────────────────────
    │ URL          : https://ar.computrabajo.com/ofertas-de-trabajo/oferta-de-trabajo-de-desarrollo-comercial-automotriz-sumate-al-equipo-con-mayores-comisiones-de-caba-en-san-nicolas-F3443288FFD351E861373E686DCF3405
    │ Title        : Desarrollo Comercial Automotriz: Sumate al Equipo con Mayores Comisiones de CABA
    │ Company      : EAGLES
    │ Location     : San Nicolás, Capital Federal
    │ Job type     : full-time
    │ Salary       : 800000 ARS
    │ Industry     : Venta al consumidor
    │ Date posted  : 2026-08-10
    │ Deadline     : 2026-10-09
    │ External ID  : 3FA18F68260709BF
    │ Description  : Hay dos tipos de personas: las que esperan que las cosas pasen y las que salen a buscar los resultados. En nuestra organización dentro del sector automotriz, buscamos a las segundas.
No nos importa si…
    └───────────────────────────────────────────────────────
2026-09-27 13:34:24,665 DEBUG https://argentina.mimusjobs.com:443 "GET /wp-json/wp/v2/companies?slug=eagles HTTP/1.1" 200 None
2026-09-27 13:34:24,665 INFO ⏭ Company exists: EAGLES
2026-09-27 13:34:25,282 DEBUG https://argentina.mimusjobs.com:443 "GET /wp-json/wp/v2/job-listings?slug=desarrollo-comercial-automotriz--sumate-al-equipo-con-mayores-comisiones-de-caba HTTP/1.1" 200 None
2026-09-27 13:34:25,282 INFO ⏭ Job already on WP: Desarrollo Comercial Automotriz: Sumate al Equipo con Mayores Comisiones de CABA
2026-09-27 13:34:25,282 INFO ✅ SUCCESS — 'Desarrollo Comercial Automotriz: Sumate al Equipo con Mayores Comisiones de CABA' → WP ID=22164 🔗 https://argentina.mimusjobs.com/job/desarrollo-comercial-automotriz-sumate-al-equipo-con-mayores-comisiones-de-caba/
2026-09-27 13:34:26,283 INFO ── https://ar.computrabajo.com/empleos-en-capital-federal | page 1 | job 11/20: https://ar.computrabajo.com/ofertas-de-trabajo/oferta-de-trabajo-de-gate-controller-en-retiro-2AB6EA8595F9A3FB61373E686DCF3405
2026-09-27 13:34:26,337 DEBUG https://ar.computrabajo.com:443 "GET /ofertas-de-trabajo/oferta-de-trabajo-de-gate-controller-en-retiro-2AB6EA8595F9A3FB61373E686DCF3405 HTTP/1.1" 200 None
2026-09-27 13:34:26,340 DEBUG     GET https://ar.computrabajo.com/ofertas-de-trabajo/oferta-de-trabajo-de-gate-controller-en-retiro-2AB6EA8595F9A3FB61373E686DCF3405 → HTTP 200 (149,497 chars)
2026-09-27 13:34:26,365 WARNING No JobPosting JSON-LD found, using HTML fallback: https://ar.computrabajo.com/ofertas-de-trabajo/oferta-de-trabajo-de-gate-controller-en-retiro-2AB6EA8595F9A3FB61373E686DCF3405
2026-09-27 13:34:26,367 INFO     ┌─ SCRAPED JOB ─────────────────────────────────────────
    │ URL          : https://ar.computrabajo.com/ofertas-de-trabajo/oferta-de-trabajo-de-gate-controller-en-retiro-2AB6EA8595F9A3FB61373E686DCF3405
    │ Title        : Gate Controller
    │ Company      : Importante empresa del sector
    │ Location     : Retiro, Capital Federal
    │ Job type     : full-time
    │ Salary       : A convenir ARS
    │ Industry     : (none)
    │ Date posted  : (unknown)
    │ Deadline     : (estimated: )
    │ External ID  : (none)
    │ Description  : Importante empresa del sector se encuentra en la búsqueda de una persona para desempeñarse como Administrativo/a de gate e incorporarse a nuestro equipo de trabajo, quien será responsable de gestionar…
    └───────────────────────────────────────────────────────
2026-09-27 13:34:29,555 DEBUG https://argentina.mimusjobs.com:443 "GET /wp-json/wp/v2/companies?slug=importante-empresa-del-sector HTTP/1.1" 200 None
2026-09-27 13:34:29,556 INFO ⏭ Company exists: Importante empresa del sector
2026-09-27 13:34:30,433 DEBUG https://argentina.mimusjobs.com:443 "GET /wp-json/wp/v2/job-listings?slug=gate-controller HTTP/1.1" 200 None
2026-09-27 13:34:30,434 INFO ⏭ Job already on WP: Gate Controller
2026-09-27 13:34:30,434 INFO ✅ SUCCESS — 'Gate Controller' → WP ID=22165 🔗 https://argentina.mimusjobs.com/job/gate-controller/
2026-09-27 13:34:31,434 INFO ── https://ar.computrabajo.com/empleos-en-capital-federal | page 1 | job 12/20: https://ar.computrabajo.com/ofertas-de-trabajo/oferta-de-trabajo-de-si-tenes-experiencia-como-telemarketer-postulate-aca-en-san-nicolas-04A39E691CFD951A61373E686DCF3405
2026-09-27 13:34:31,485 DEBUG https://ar.computrabajo.com:443 "GET /ofertas-de-trabajo/oferta-de-trabajo-de-si-tenes-experiencia-como-telemarketer-postulate-aca-en-san-nicolas-04A39E691CFD951A61373E686DCF3405 HTTP/1.1" 200 None
2026-09-27 13:34:31,488 DEBUG     GET https://ar.computrabajo.com/ofertas-de-trabajo/oferta-de-trabajo-de-si-tenes-experiencia-como-telemarketer-postulate-aca-en-san-nicolas-04A39E691CFD951A61373E686DCF3405 → HTTP 200 (172,563 chars)
2026-09-27 13:34:31,523 INFO     ┌─ SCRAPED JOB ─────────────────────────────────────────
    │ URL          : https://ar.computrabajo.com/ofertas-de-trabajo/oferta-de-trabajo-de-si-tenes-experiencia-como-telemarketer-postulate-aca-en-san-nicolas-04A39E691CFD951A61373E686DCF3405
    │ Title        : Si tenes experiencia como Telemarketer, Postulate acá!
    │ Company      : Cat-Technologies
    │ Location     : San Nicolás, Capital Federal
    │ Job type     : temporary
    │ Salary       : (not listed)
    │ Industry     : Venta al consumidor
    │ Date posted  : 2026-08-10
    │ Deadline     : 2026-10-09
    │ External ID  : 58F854C3E51E13A4
    │ Description  : ¡UNITE A CAT-TECHNOLOGIES COMO TELEMARKETER! ¿Sos un apasionado de las ventas y te encanta enfrentar nuevos desafíos? ¡Esta es tu oportunidad! En Cat-Technologies, el Contact Center líder de Argentina…
    └───────────────────────────────────────────────────────
2026-09-27 13:34:33,087 DEBUG https://argentina.mimusjobs.com:443 "GET /wp-json/wp/v2/companies?slug=cat-technologies HTTP/1.1" 200 None
2026-09-27 13:34:33,087 INFO ⏭ Company exists: Cat-Technologies
2026-09-27 13:34:34,191 DEBUG https://argentina.mimusjobs.com:443 "GET /wp-json/wp/v2/job-listings?slug=si-tenes-experiencia-como-telemarketer--postulate-ac-- HTTP/1.1" 200 None
2026-09-27 13:34:34,198 DEBUG https://ii.ct-stc.com:443 "GET /5/logos/empresas/2023/01/10/cattechnologies-58F854C3E51E13A4161952585thumbnail.jpg HTTP/1.1" 200 53823
2026-09-27 13:34:36,516 DEBUG https://argentina.mimusjobs.com:443 "POST /wp-json/wp/v2/media HTTP/1.1" 201 None
2026-09-27 13:34:37,060 DEBUG https://argentina.mimusjobs.com:443 "GET /wp-json/wp/v2/job_listing_region?slug=san-nicol-s--capital-federal HTTP/1.1" 200 None
2026-09-27 13:34:38,881 DEBUG https://argentina.mimusjobs.com:443 "POST /wp-json/wp/v2/job-listings HTTP/1.1" 201 None
2026-09-27 13:34:38,881 INFO ✅ Job posted: 'Si tenes experiencia como Telemarketer, Postulate acá!' → WP ID 33604
2026-09-27 13:34:38,881 INFO ✅ SUCCESS — 'Si tenes experiencia como Telemarketer, Postulate acá!' → WP ID=33604 🔗 https://argentina.mimusjobs.com/job/si-tenes-experiencia-como-telemarketer-postulate-aca-4/
2026-09-27 13:34:39,882 INFO ── https://ar.computrabajo.com/empleos-en-capital-federal | page 1 | job 13/20: https://ar.computrabajo.com/ofertas-de-trabajo/oferta-de-trabajo-de-ingreso-hoy-peon-de-cocina--con-certificado-de-manipulacion-de-alimentos-vigente-excluyente-en-almagro-A524C73231AD140961373E686DCF3405
2026-09-27 13:34:39,941 DEBUG https://ar.computrabajo.com:443 "GET /ofertas-de-trabajo/oferta-de-trabajo-de-ingreso-hoy-peon-de-cocina--con-certificado-de-manipulacion-de-alimentos-vigente-excluyente-en-almagro-A524C73231AD140961373E686DCF3405 HTTP/1.1" 200 None
2026-09-27 13:34:39,944 DEBUG     GET https://ar.computrabajo.com/ofertas-de-trabajo/oferta-de-trabajo-de-ingreso-hoy-peon-de-cocina--con-certificado-de-manipulacion-de-alimentos-vigente-excluyente-en-almagro-A524C73231AD140961373E686DCF3405 → HTTP 200 (175,419 chars)
2026-09-27 13:34:39,982 INFO     ┌─ SCRAPED JOB ─────────────────────────────────────────
    │ URL          : https://ar.computrabajo.com/ofertas-de-trabajo/oferta-de-trabajo-de-ingreso-hoy-peon-de-cocina--con-certificado-de-manipulacion-de-alimentos-vigente-excluyente-en-almagro-A524C73231AD140961373E686DCF3405
    │ Title        : Ingreso Hoy/ Peón de Cocina / Con Certificado de Manipulación de Alimentos Vigente (Excluyente)
    │ Company      : Ceta Capital Humano
    │ Location     : Almagro, Capital Federal
    │ Job type     : full-time
    │ Salary       : (not listed)
    │ Industry     : RRHH / Personal
    │ Date posted  : 2026-09-11
    │ Deadline     : 2026-11-10
    │ External ID  : 6264F50F0A3B0A7D
    │ Description  : Grupo Ceta se encuentra en la búsqueda de Peones de Cocina (Bacha/ Limpieza) para desempeñarse en un importantes Sanatorios/ Hospitales de Caba. 
Buscamos personas responsables, comprometidas y con ex…
    └───────────────────────────────────────────────────────
2026-09-27 13:34:40,683 DEBUG https://argentina.mimusjobs.com:443 "GET /wp-json/wp/v2/companies?slug=ceta-capital-humano HTTP/1.1" 200 None
2026-09-27 13:34:40,683 INFO ⏭ Company exists: Ceta Capital Humano
2026-09-27 13:34:41,287 DEBUG https://argentina.mimusjobs.com:443 "GET /wp-json/wp/v2/job-listings?slug=ingreso-hoy--pe-n-de-cocina---con-certificado-de-manipulaci-n-de-alimentos-vigen HTTP/1.1" 200 None
2026-09-27 13:34:41,294 DEBUG https://ii.ct-stc.com:443 "GET /5/logos/empresas/2023/10/11/grupo-ceta-6264F50F0A3B0A7D143811thumbnail.jpeg HTTP/1.1" 200 20851
2026-09-27 13:34:42,228 DEBUG https://argentina.mimusjobs.com:443 "POST /wp-json/wp/v2/media HTTP/1.1" 201 None
2026-09-27 13:34:43,064 DEBUG https://argentina.mimusjobs.com:443 "GET /wp-json/wp/v2/job_listing_region?slug=almagro--capital-federal HTTP/1.1" 200 None
2026-09-27 13:34:43,928 DEBUG https://argentina.mimusjobs.com:443 "POST /wp-json/wp/v2/job-listings HTTP/1.1" 201 None
2026-09-27 13:34:43,928 INFO ✅ Job posted: 'Ingreso Hoy/ Peón de Cocina / Con Certificado de Manipulación de Alimentos Vigente (Excluyente)' → WP ID 33606
2026-09-27 13:34:43,929 INFO ✅ SUCCESS — 'Ingreso Hoy/ Peón de Cocina / Con Certificado de Manipulación de Alimentos Vigente (Excluyente)' → WP ID=33606 🔗 https://argentina.mimusjobs.com/job/ingreso-hoy-peon-de-cocina-con-certificado-de-manipulacion-de-alimentos-vigente-excluyente-4/
2026-09-27 13:34:44,929 INFO ── https://ar.computrabajo.com/empleos-en-capital-federal | page 1 | job 14/20: https://ar.computrabajo.com/ofertas-de-trabajo/oferta-de-trabajo-de-lider-de-migracion-de-datos-sap-s4hana-rise-en-san-nicolas-BEE906B24965426F61373E686DCF3405
2026-09-27 13:34:44,966 DEBUG https://ar.computrabajo.com:443 "GET /ofertas-de-trabajo/oferta-de-trabajo-de-lider-de-migracion-de-datos-sap-s4hana-rise-en-san-nicolas-BEE906B24965426F61373E686DCF3405 HTTP/1.1" 200 None
2026-09-27 13:34:44,969 DEBUG     GET https://ar.computrabajo.com/ofertas-de-trabajo/oferta-de-trabajo-de-lider-de-migracion-de-datos-sap-s4hana-rise-en-san-nicolas-BEE906B24965426F61373E686DCF3405 → HTTP 200 (181,193 chars)
2026-09-27 13:34:45,008 INFO     ┌─ SCRAPED JOB ─────────────────────────────────────────
    │ URL          : https://ar.computrabajo.com/ofertas-de-trabajo/oferta-de-trabajo-de-lider-de-migracion-de-datos-sap-s4hana-rise-en-san-nicolas-BEE906B24965426F61373E686DCF3405
    │ Title        : Líder de Migración de Datos – SAP S/4HANA (RISE)
    │ Company      : C&S informática s.a.
    │ Location     : San Nicolás, Capital Federal
    │ Job type     : full-time
    │ Salary       : (not listed)
    │ Industry     : Informática / Software
    │ Date posted  : 2026-08-26
    │ Deadline     : 2026-10-25
    │ External ID  : 32E96FB614994708
    │ Description  : ¡Hola! Somos C&S, una empresa de informática que posee una prevalencia de 40 años en el mercado. Nos dedicamos al desarrollo de software, consultoría y talent outsourcing. Priorizamos la calidad, la i…
    └───────────────────────────────────────────────────────
2026-09-27 13:34:46,668 DEBUG https://argentina.mimusjobs.com:443 "GET /wp-json/wp/v2/companies?slug=c-s-inform-tica-s-a- HTTP/1.1" 200 None
2026-09-27 13:34:46,676 DEBUG https://ii.ct-stc.com:443 "GET /5/logos/empresas/2016/05/26/cs-informatica-sa-32E96FB614994708thumbnail.png HTTP/1.1" 200 4294
2026-09-27 13:34:47,728 DEBUG https://argentina.mimusjobs.com:443 "POST /wp-json/wp/v2/media HTTP/1.1" 201 None
2026-09-27 13:34:49,640 DEBUG https://argentina.mimusjobs.com:443 "POST /wp-json/wp/v2/companies HTTP/1.1" 201 None
2026-09-27 13:34:49,640 INFO ✅ Company posted: C&S informática s.a. → ID 33608
2026-09-27 13:34:50,424 DEBUG https://argentina.mimusjobs.com:443 "GET /wp-json/wp/v2/job-listings?slug=l-der-de-migraci-n-de-datos---sap-s-4hana--rise- HTTP/1.1" 200 None
2026-09-27 13:34:50,430 DEBUG https://ii.ct-stc.com:443 "GET /5/logos/empresas/2016/05/26/cs-informatica-sa-32E96FB614994708thumbnail.png HTTP/1.1" 200 4294
2026-09-27 13:34:51,754 DEBUG https://argentina.mimusjobs.com:443 "POST /wp-json/wp/v2/media HTTP/1.1" 201 None
2026-09-27 13:34:53,704 DEBUG https://argentina.mimusjobs.com:443 "POST /wp-json/wp/v2/job-listings HTTP/1.1" 201 None
2026-09-27 13:34:53,704 INFO ✅ Job posted: 'Líder de Migración de Datos – SAP S/4HANA (RISE)' → WP ID 33610
2026-09-27 13:34:53,705 INFO ✅ SUCCESS — 'Líder de Migración de Datos – SAP S/4HANA (RISE)' → WP ID=33610 🔗 https://argentina.mimusjobs.com/job/lider-de-migracion-de-datos-sap-s-4hana-rise-4/
2026-09-27 13:34:54,705 INFO ── https://ar.computrabajo.com/empleos-en-capital-federal | page 1 | job 15/20: https://ar.computrabajo.com/ofertas-de-trabajo/oferta-de-trabajo-de-tecnico-electromecanico-full-time-san-telmo-en-san-telmo-B91BBEA958CB5FA261373E686DCF3405
2026-09-27 13:34:54,758 DEBUG https://ar.computrabajo.com:443 "GET /ofertas-de-trabajo/oferta-de-trabajo-de-tecnico-electromecanico-full-time-san-telmo-en-san-telmo-B91BBEA958CB5FA261373E686DCF3405 HTTP/1.1" 200 None
2026-09-27 13:34:54,760 DEBUG     GET https://ar.computrabajo.com/ofertas-de-trabajo/oferta-de-trabajo-de-tecnico-electromecanico-full-time-san-telmo-en-san-telmo-B91BBEA958CB5FA261373E686DCF3405 → HTTP 200 (172,203 chars)
2026-09-27 13:34:54,796 INFO     ┌─ SCRAPED JOB ─────────────────────────────────────────
    │ URL          : https://ar.computrabajo.com/ofertas-de-trabajo/oferta-de-trabajo-de-tecnico-electromecanico-full-time-san-telmo-en-san-telmo-B91BBEA958CB5FA261373E686DCF3405
    │ Title        : Tecnico Electromecanico - full time San Telmo
    │ Company      : Excelencia Laboral S.A.
    │ Location     : San Telmo, Capital Federal
    │ Job type     : full-time
    │ Salary       : (not listed)
    │ Industry     : Servicios Profesionales
    │ Date posted  : 2026-08-18
    │ Deadline     : 2026-10-17
    │ External ID  : DF02596F8A87A7AB
    │ Description  : ¡Estamos sumamos talento técnico! 
Buscamos 2 Técnicos/as Electromecánicos/as, Electricistas Industriales o Electrónicos/as para incorporarse a una importante empresa de servicios tecnológicos, líder …
    └───────────────────────────────────────────────────────
2026-09-27 13:34:56,391 DEBUG https://argentina.mimusjobs.com:443 "GET /wp-json/wp/v2/companies?slug=excelencia-laboral-s-a- HTTP/1.1" 200 None
2026-09-27 13:34:56,392 INFO ⏭ Company exists: Excelencia Laboral S.A.
2026-09-27 13:34:57,948 DEBUG https://argentina.mimusjobs.com:443 "GET /wp-json/wp/v2/job-listings?slug=tecnico-electromecanico---full-time-san-telmo HTTP/1.1" 200 None
2026-09-27 13:34:57,949 INFO ⏭ Job already on WP: Tecnico Electromecanico - full time San Telmo
2026-09-27 13:34:57,949 INFO ✅ SUCCESS — 'Tecnico Electromecanico - full time San Telmo' → WP ID=22169 🔗 https://argentina.mimusjobs.com/job/tecnico-electromecanico-full-time-san-telmo/
2026-09-27 13:34:58,949 INFO ── https://ar.computrabajo.com/empleos-en-capital-federal | page 1 | job 16/20: https://ar.computrabajo.com/ofertas-de-trabajo/oferta-de-trabajo-de-analista-sr-en-atraccion-de-talento-en-barracas-1174BDADE222330061373E686DCF3405
2026-09-27 13:34:58,982 DEBUG https://ar.computrabajo.com:443 "GET /ofertas-de-trabajo/oferta-de-trabajo-de-analista-sr-en-atraccion-de-talento-en-barracas-1174BDADE222330061373E686DCF3405 HTTP/1.1" 200 None
2026-09-27 13:34:58,985 DEBUG     GET https://ar.computrabajo.com/ofertas-de-trabajo/oferta-de-trabajo-de-analista-sr-en-atraccion-de-talento-en-barracas-1174BDADE222330061373E686DCF3405 → HTTP 200 (177,720 chars)
2026-09-27 13:34:59,051 INFO     ┌─ SCRAPED JOB ─────────────────────────────────────────
    │ URL          : https://ar.computrabajo.com/ofertas-de-trabajo/oferta-de-trabajo-de-analista-sr-en-atraccion-de-talento-en-barracas-1174BDADE222330061373E686DCF3405
    │ Title        : Analista Sr. en Atracción de Talento
    │ Company      : Bayton
    │ Location     : Barracas, Capital Federal
    │ Job type     : full-time
    │ Salary       : (not listed)
    │ Industry     : RRHH / Personal
    │ Date posted  : 2026-09-11
    │ Deadline     : 2026-11-10
    │ External ID  : FBAE22C05CF7EAEA
    │ Description  : Para importante empresa en zona CABA nos encontramos en búsqueda de un Analista de Atracción de Talento Sr. El objetivo del puesto es Liderar procesos de reclutamiento y selección de personal, enfocad…
    └───────────────────────────────────────────────────────
2026-09-27 13:34:59,874 DEBUG https://argentina.mimusjobs.com:443 "GET /wp-json/wp/v2/companies?slug=bayton HTTP/1.1" 200 None
2026-09-27 13:34:59,874 INFO ⏭ Company exists: Bayton
2026-09-27 13:35:00,635 DEBUG https://argentina.mimusjobs.com:443 "GET /wp-json/wp/v2/job-listings?slug=analista-sr--en-atracci-n-de-talento HTTP/1.1" 200 None
2026-09-27 13:35:00,643 DEBUG https://ii.ct-stc.com:443 "GET /5/logos/empresas/2019/10/24/5cf1da26594c43928cc8154531478thumbnail.jpg HTTP/1.1" 200 3669
2026-09-27 13:35:01,372 DEBUG https://argentina.mimusjobs.com:443 "POST /wp-json/wp/v2/media HTTP/1.1" 201 None
2026-09-27 13:35:02,483 DEBUG https://argentina.mimusjobs.com:443 "GET /wp-json/wp/v2/job_listing_region?slug=barracas--capital-federal HTTP/1.1" 200 None
2026-09-27 13:35:03,573 DEBUG https://argentina.mimusjobs.com:443 "POST /wp-json/wp/v2/job-listings HTTP/1.1" 201 None
2026-09-27 13:35:03,573 INFO ✅ Job posted: 'Analista Sr. en Atracción de Talento' → WP ID 33612
2026-09-27 13:35:03,573 INFO ✅ SUCCESS — 'Analista Sr. en Atracción de Talento' → WP ID=33612 🔗 https://argentina.mimusjobs.com/job/analista-sr-en-atraccion-de-talento-4/
2026-09-27 13:35:04,573 INFO ── https://ar.computrabajo.com/empleos-en-capital-federal | page 1 | job 17/20: https://ar.computrabajo.com/ofertas-de-trabajo/oferta-de-trabajo-de-importante-restaurante-de-palermo-busca-mozo-de-barra-en-palermo-04B80D716707BB8D61373E686DCF3405
2026-09-27 13:35:04,634 DEBUG https://ar.computrabajo.com:443 "GET /ofertas-de-trabajo/oferta-de-trabajo-de-importante-restaurante-de-palermo-busca-mozo-de-barra-en-palermo-04B80D716707BB8D61373E686DCF3405 HTTP/1.1" 200 None
2026-09-27 13:35:04,637 DEBUG     GET https://ar.computrabajo.com/ofertas-de-trabajo/oferta-de-trabajo-de-importante-restaurante-de-palermo-busca-mozo-de-barra-en-palermo-04B80D716707BB8D61373E686DCF3405 → HTTP 200 (159,100 chars)
2026-09-27 13:35:04,665 INFO     ┌─ SCRAPED JOB ─────────────────────────────────────────
    │ URL          : https://ar.computrabajo.com/ofertas-de-trabajo/oferta-de-trabajo-de-importante-restaurante-de-palermo-busca-mozo-de-barra-en-palermo-04B80D716707BB8D61373E686DCF3405
    │ Title        : importante restaurante de palermo busca mozo de barra
    │ Company      : LA PAYUCA
    │ Location     : Palermo, Capital Federal
    │ Job type     : full-time
    │ Salary       : (not listed)
    │ Industry     : Hostelería / Turismo
    │ Date posted  : 2026-09-27
    │ Deadline     : 2026-11-26
    │ External ID  : BE1F2F9362921990
    │ Description  : Oferta de trabajo: Mozo de Barra · Importante restaurante de palermo busca incorporar a su equipo de trabajo a un Mozo de Barra altamente capacitado y con experiencia en el campo. Esta es una excelent…
    └───────────────────────────────────────────────────────
2026-09-27 13:35:06,196 DEBUG https://argentina.mimusjobs.com:443 "GET /wp-json/wp/v2/companies?slug=la-payuca HTTP/1.1" 200 None
2026-09-27 13:35:06,196 INFO ⏭ Company exists: LA PAYUCA
2026-09-27 13:35:07,081 DEBUG https://argentina.mimusjobs.com:443 "GET /wp-json/wp/v2/job-listings?slug=importante-restaurante-de-palermo-busca-mozo-de-barra HTTP/1.1" 200 None
2026-09-27 13:35:07,081 INFO ⏭ Job already on WP: importante restaurante de palermo busca mozo de barra
2026-09-27 13:35:07,081 INFO ✅ SUCCESS — 'importante restaurante de palermo busca mozo de barra' → WP ID=31663 🔗 https://argentina.mimusjobs.com/job/importante-restaurante-de-palermo-busca-mozo-de-barra/
2026-09-27 13:35:08,082 INFO ── https://ar.computrabajo.com/empleos-en-capital-federal | page 1 | job 18/20: https://ar.computrabajo.com/ofertas-de-trabajo/oferta-de-trabajo-de-camareroa-de-eventos-eventual-en-puerto-madero-25B188C6089574F561373E686DCF3405
2026-09-27 13:35:08,135 DEBUG https://ar.computrabajo.com:443 "GET /ofertas-de-trabajo/oferta-de-trabajo-de-camareroa-de-eventos-eventual-en-puerto-madero-25B188C6089574F561373E686DCF3405 HTTP/1.1" 200 None
2026-09-27 13:35:08,138 DEBUG     GET https://ar.computrabajo.com/ofertas-de-trabajo/oferta-de-trabajo-de-camareroa-de-eventos-eventual-en-puerto-madero-25B188C6089574F561373E686DCF3405 → HTTP 200 (160,458 chars)
2026-09-27 13:35:08,167 INFO     ┌─ SCRAPED JOB ─────────────────────────────────────────
    │ URL          : https://ar.computrabajo.com/ofertas-de-trabajo/oferta-de-trabajo-de-camareroa-de-eventos-eventual-en-puerto-madero-25B188C6089574F561373E686DCF3405
    │ Title        : Camarero/a de eventos - Eventual
    │ Company      : MADERO TANGO
    │ Location     : Puerto Madero, Capital Federal
    │ Job type     : full-time
    │ Salary       : (not listed)
    │ Industry     : Hostelería / Turismo
    │ Date posted  : 2026-07-29
    │ Deadline     : 2026-09-27
    │ External ID  : 8D98C1208BB86D8B
    │ Description  : ¡En Madero Tango Eventos buscamos Camareros/as para Eventos Sociales y Corporativos! En Madero Tango, empresa líder en gastronomía y organización de eventos con más de 20 años de trayectoria en Puerto…
    └───────────────────────────────────────────────────────
2026-09-27 13:35:09,426 DEBUG https://argentina.mimusjobs.com:443 "GET /wp-json/wp/v2/companies?slug=madero-tango HTTP/1.1" 200 None
2026-09-27 13:35:09,426 INFO ⏭ Company exists: MADERO TANGO
2026-09-27 13:35:10,120 DEBUG https://argentina.mimusjobs.com:443 "GET /wp-json/wp/v2/job-listings?slug=camarero-a-de-eventos---eventual HTTP/1.1" 200 None
2026-09-27 13:35:10,120 INFO ⏭ Job already on WP: Camarero/a de eventos - Eventual
2026-09-27 13:35:10,120 INFO ✅ SUCCESS — 'Camarero/a de eventos - Eventual' → WP ID=22179 🔗 https://argentina.mimusjobs.com/job/camarero-a-de-eventos-eventual/
2026-09-27 13:35:11,121 INFO ── https://ar.computrabajo.com/empleos-en-capital-federal | page 1 | job 19/20: https://ar.computrabajo.com/ofertas-de-trabajo/oferta-de-trabajo-de-vendedores-y-comerciales-automotriz-sumate-a-la-marca-lider-de-caba-en-san-nicolas-91544FB0B9FD558061373E686DCF3405
2026-09-27 13:35:11,155 DEBUG https://ar.computrabajo.com:443 "GET /ofertas-de-trabajo/oferta-de-trabajo-de-vendedores-y-comerciales-automotriz-sumate-a-la-marca-lider-de-caba-en-san-nicolas-91544FB0B9FD558061373E686DCF3405 HTTP/1.1" 200 None
2026-09-27 13:35:11,158 DEBUG     GET https://ar.computrabajo.com/ofertas-de-trabajo/oferta-de-trabajo-de-vendedores-y-comerciales-automotriz-sumate-a-la-marca-lider-de-caba-en-san-nicolas-91544FB0B9FD558061373E686DCF3405 → HTTP 200 (162,164 chars)
2026-09-27 13:35:11,187 INFO     ┌─ SCRAPED JOB ─────────────────────────────────────────
    │ URL          : https://ar.computrabajo.com/ofertas-de-trabajo/oferta-de-trabajo-de-vendedores-y-comerciales-automotriz-sumate-a-la-marca-lider-de-caba-en-san-nicolas-91544FB0B9FD558061373E686DCF3405
    │ Title        : Vendedores y Comerciales Automotriz: Sumate a la Marca Líder de CABA
    │ Company      : EAGLES
    │ Location     : San Nicolás, Capital Federal
    │ Job type     : full-time
    │ Salary       : (not listed)
    │ Industry     : Venta al consumidor
    │ Date posted  : 2026-08-10
    │ Deadline     : 2026-10-09
    │ External ID  : 3FA18F68260709BF
    │ Description  : ¿Sentís que tenés un potencial enorme pero en tus empleos anteriores no te dejaron demostrarlo? En nuestra compañía dentro del sector automotriz estamos seleccionando a los próximos líderes de nuestro…
    └───────────────────────────────────────────────────────
2026-09-27 13:35:11,769 DEBUG https://argentina.mimusjobs.com:443 "GET /wp-json/wp/v2/companies?slug=eagles HTTP/1.1" 200 None
2026-09-27 13:35:11,770 INFO ⏭ Company exists: EAGLES
2026-09-27 13:35:13,031 DEBUG https://argentina.mimusjobs.com:443 "GET /wp-json/wp/v2/job-listings?slug=vendedores-y-comerciales-automotriz--sumate-a-la-marca-l-der-de-caba HTTP/1.1" 200 None
2026-09-27 13:35:13,101 DEBUG https://ii.ct-stc.com:443 "GET /5/logos/empresas/2025/12/09/c5c1d898f3ff4fe99b2b191832637thumbnail.png HTTP/1.1" 200 6627
2026-09-27 13:35:13,949 DEBUG https://argentina.mimusjobs.com:443 "POST /wp-json/wp/v2/media HTTP/1.1" 201 None
2026-09-27 13:35:15,273 DEBUG https://argentina.mimusjobs.com:443 "POST /wp-json/wp/v2/job-listings HTTP/1.1" 201 None
2026-09-27 13:35:15,274 INFO ✅ Job posted: 'Vendedores y Comerciales Automotriz: Sumate a la Marca Líder de CABA' → WP ID 33614
2026-09-27 13:35:15,274 INFO ✅ SUCCESS — 'Vendedores y Comerciales Automotriz: Sumate a la Marca Líder de CABA' → WP ID=33614 🔗 https://argentina.mimusjobs.com/job/vendedores-y-comerciales-automotriz-sumate-a-la-marca-lider-de-caba-5/
2026-09-27 13:35:16,274 INFO ── https://ar.computrabajo.com/empleos-en-capital-federal | page 1 | job 20/20: https://ar.computrabajo.com/ofertas-de-trabajo/oferta-de-trabajo-de-tecnico-multidisciplinario-diurno-en-constitucion-FC494AFC9ABA84EB61373E686DCF3405
2026-09-27 13:35:16,329 DEBUG https://ar.computrabajo.com:443 "GET /ofertas-de-trabajo/oferta-de-trabajo-de-tecnico-multidisciplinario-diurno-en-constitucion-FC494AFC9ABA84EB61373E686DCF3405 HTTP/1.1" 200 None
2026-09-27 13:35:16,332 DEBUG     GET https://ar.computrabajo.com/ofertas-de-trabajo/oferta-de-trabajo-de-tecnico-multidisciplinario-diurno-en-constitucion-FC494AFC9ABA84EB61373E686DCF3405 → HTTP 200 (160,518 chars)
2026-09-27 13:35:16,359 INFO     ┌─ SCRAPED JOB ─────────────────────────────────────────
    │ URL          : https://ar.computrabajo.com/ofertas-de-trabajo/oferta-de-trabajo-de-tecnico-multidisciplinario-diurno-en-constitucion-FC494AFC9ABA84EB61373E686DCF3405
    │ Title        : Técnico Multidisciplinario - Diurno
    │ Company      : Diagnostico y Soluciones SA
    │ Location     : Constitución, Capital Federal
    │ Job type     : full-time
    │ Salary       : (not listed)
    │ Industry     : Servicios Profesionales
    │ Date posted  : 2026-09-03
    │ Deadline     : 2026-11-02
    │ External ID  : 3DCA0F911BAFA228
    │ Description  : En Diagnóstico y Soluciones nos encontramos en la búsqueda de un Técnico Multidisciplinario (diurno) para uno de nuestros clientes.
Especialidades: Edilicia (electricidad, sanitarios, herrería, pintur…
    └───────────────────────────────────────────────────────
2026-09-27 13:35:18,066 DEBUG https://argentina.mimusjobs.com:443 "GET /wp-json/wp/v2/companies?slug=diagnostico-y-soluciones-sa HTTP/1.1" 200 None
2026-09-27 13:35:18,066 INFO ⏭ Company exists: Diagnostico y Soluciones SA
2026-09-27 13:35:18,864 DEBUG https://argentina.mimusjobs.com:443 "GET /wp-json/wp/v2/job-listings?slug=t-cnico-multidisciplinario---diurno HTTP/1.1" 200 None
2026-09-27 13:35:19,892 DEBUG https://argentina.mimusjobs.com:443 "GET /wp-json/wp/v2/job_listing_region?slug=constituci-n--capital-federal HTTP/1.1" 200 None
2026-09-27 13:35:21,421 DEBUG https://argentina.mimusjobs.com:443 "POST /wp-json/wp/v2/job-listings HTTP/1.1" 201 None
2026-09-27 13:35:21,421 INFO ✅ Job posted: 'Técnico Multidisciplinario - Diurno' → WP ID 33615
2026-09-27 13:35:21,422 INFO ✅ SUCCESS — 'Técnico Multidisciplinario - Diurno' → WP ID=33615 🔗 https://argentina.mimusjobs.com/job/tecnico-multidisciplinario-diurno-8/
2026-09-27 13:35:22,422 INFO 📊 Running totals — posted: 20 | skipped: 0 | failed: 0
2026-09-27 13:35:22,422 INFO Fetching listing page 2: https://ar.computrabajo.com/empleos-en-capital-federal?p=2
2026-09-27 13:35:22,484 DEBUG https://ar.computrabajo.com:443 "GET /empleos-en-capital-federal?p=2 HTTP/1.1" 200 None
2026-09-27 13:35:22,490 DEBUG     GET https://ar.computrabajo.com/empleos-en-capital-federal?p=2 → HTTP 200 (332,515 chars)
2026-09-27 13:35:22,556 INFO Found 20 job URLs on page 2
2026-09-27 13:35:22,557 DEBUG     job 1: https://ar.computrabajo.com/ofertas-de-trabajo/oferta-de-trabajo-de-buscamos-asesores-comerciales-telefonicos-en-san-nicolas-685022C4FAD80A4761373E686DCF3405
2026-09-27 13:35:22,557 DEBUG     job 2: https://ar.computrabajo.com/ofertas-de-trabajo/oferta-de-trabajo-de-sap-cap-fullstack-developer-senior-en-san-nicolas-7AE38847034D997361373E686DCF3405
2026-09-27 13:35:22,557 DEBUG     job 3: https://ar.computrabajo.com/ofertas-de-trabajo/oferta-de-trabajo-de-bartender-eventual-en-puerto-madero-52C743157908A4B261373E686DCF3405
2026-09-27 13:35:22,557 DEBUG     job 4: https://ar.computrabajo.com/ofertas-de-trabajo/oferta-de-trabajo-de-referente-de-mucamoas-eventual-en-recoleta-A8ABDE776E1DD35F61373E686DCF3405
2026-09-27 13:35:22,557 DEBUG     job 5: https://ar.computrabajo.com/ofertas-de-trabajo/oferta-de-trabajo-de-gerente-de-unidad-de-negocio-fulltime-en-puerto-madero-503F8F9B1F5FA3C061373E686DCF3405
2026-09-27 13:35:22,557 DEBUG     job 6: https://ar.computrabajo.com/ofertas-de-trabajo/oferta-de-trabajo-de-captador-de-fondos-ong-techo-part-time-caba-en-palermo-12ED7298A4E671C761373E686DCF3405
2026-09-27 13:35:22,557 DEBUG     job 7: https://ar.computrabajo.com/ofertas-de-trabajo/oferta-de-trabajo-de-buscamos-perfil-competitivo-y-de-alto-rendimiento-desarrollo-comercial-automotriz-en-san-nicolas-C57ED0F5092F0CEC61373E686DCF3405
2026-09-27 13:35:22,557 DEBUG     job 8: https://ar.computrabajo.com/ofertas-de-trabajo/oferta-de-trabajo-de-referente-comercial-de-campo-en-parque-patricios-303394ED4C23922D61373E686DCF3405
2026-09-27 13:35:22,557 DEBUG     job 9: https://ar.computrabajo.com/ofertas-de-trabajo/oferta-de-trabajo-de-vendedor-telefonico-para-importante-banco-en-san-nicolas-E6E22D6B53BD503361373E686DCF3405
2026-09-27 13:35:22,557 DEBUG     job 10: https://ar.computrabajo.com/ofertas-de-trabajo/oferta-de-trabajo-de-preparacion-y-entrega-de-motos-0km-san-isidro-en-barracas-41D78C3B3F4EAF8861373E686DCF3405
2026-09-27 13:35:22,557 DEBUG     job 11: https://ar.computrabajo.com/ofertas-de-trabajo/oferta-de-trabajo-de-consultor-sap-pm-senior-en-san-nicolas-9C5CEE1C3FB30C7B61373E686DCF3405
2026-09-27 13:35:22,557 DEBUG     job 12: https://ar.computrabajo.com/ofertas-de-trabajo/oferta-de-trabajo-de-asesor-comercial-inmobiliario-en-caballito-752D85981C2012DB61373E686DCF3405
2026-09-27 13:35:22,557 DEBUG     job 13: https://ar.computrabajo.com/ofertas-de-trabajo/oferta-de-trabajo-de-supervisor-de-asesores-comerciales-en-calle-caba-en-caballito-EA69A7329E26A6B361373E686DCF3405
2026-09-27 13:35:22,557 DEBUG     job 14: https://ar.computrabajo.com/ofertas-de-trabajo/oferta-de-trabajo-de-vigilador-general-zona-caba-en-velez-sarsfield-C751C25401ACE23661373E686DCF3405
2026-09-27 13:35:22,557 DEBUG     job 15: https://ar.computrabajo.com/ofertas-de-trabajo/oferta-de-trabajo-de-auxiliar-de-despensa-olivos-en-belgrano-E083FCBBD6D6EB8461373E686DCF3405
2026-09-27 13:35:22,557 DEBUG     job 16: https://ar.computrabajo.com/ofertas-de-trabajo/oferta-de-trabajo-de-operarioa-de-produccion-rubro-alimenticio-en-palermo-7CBB1F424B54DD9461373E686DCF3405
2026-09-27 13:35:22,557 DEBUG     job 17: https://ar.computrabajo.com/ofertas-de-trabajo/oferta-de-trabajo-de-encargado-de-area-caba-en-villa-ortuzar-49D24889D705D16861373E686DCF3405
2026-09-27 13:35:22,557 DEBUG     job 18: https://ar.computrabajo.com/ofertas-de-trabajo/oferta-de-trabajo-de-cocineroa-produccion-y-eventos-en-barracas-F6BDB56DDEF9A51961373E686DCF3405
2026-09-27 13:35:22,557 DEBUG     job 19: https://ar.computrabajo.com/ofertas-de-trabajo/oferta-de-trabajo-de-gestion-administrativa-de-internaciones-turno-tarde-en-recoleta-580541E0F825196C61373E686DCF3405
2026-09-27 13:35:22,557 DEBUG     job 20: https://ar.computrabajo.com/ofertas-de-trabajo/oferta-de-trabajo-de-gerente-de-desarrollo-de-negocios-empero-en-recoleta-C08296F323A5BAC561373E686DCF3405
2026-09-27 13:35:22,557 INFO ── https://ar.computrabajo.com/empleos-en-capital-federal | page 2 | job 1/20: https://ar.computrabajo.com/ofertas-de-trabajo/oferta-de-trabajo-de-buscamos-asesores-comerciales-telefonicos-en-san-nicolas-685022C4FAD80A4761373E686DCF3405
2026-09-27 13:35:22,596 DEBUG https://ar.computrabajo.com:443 "GET /ofertas-de-trabajo/oferta-de-trabajo-de-buscamos-asesores-comerciales-telefonicos-en-san-nicolas-685022C4FAD80A4761373E686DCF3405 HTTP/1.1" 200 None
2026-09-27 13:35:22,599 DEBUG     GET https://ar.computrabajo.com/ofertas-de-trabajo/oferta-de-trabajo-de-buscamos-asesores-comerciales-telefonicos-en-san-nicolas-685022C4FAD80A4761373E686DCF3405 → HTTP 200 (168,213 chars)
2026-09-27 13:35:22,633 INFO     ┌─ SCRAPED JOB ─────────────────────────────────────────
    │ URL          : https://ar.computrabajo.com/ofertas-de-trabajo/oferta-de-trabajo-de-buscamos-asesores-comerciales-telefonicos-en-san-nicolas-685022C4FAD80A4761373E686DCF3405
    │ Title        : Buscamos Asesores Comerciales Telefónicos
    │ Company      : Cat-Technologies
    │ Location     : San Nicolás, Capital Federal
    │ Job type     : temporary
    │ Salary       : (not listed)
    │ Industry     : Venta al consumidor
    │ Date posted  : 2026-08-10
    │ Deadline     : 2026-10-09
    │ External ID  : 58F854C3E51E13A4
    │ Description  : ¿Tenés actitud comercial, entusiasmo y experiencia en ventas? ¡Esta es tu oportunidad para sumarte a una empresa líder con más de 3.000 colaboradores en todo el país! En CAT Technologies, el contact c…
    └───────────────────────────────────────────────────────
2026-09-27 13:35:23,701 DEBUG https://argentina.mimusjobs.com:443 "GET /wp-json/wp/v2/companies?slug=cat-technologies HTTP/1.1" 200 None
2026-09-27 13:35:23,701 INFO ⏭ Company exists: Cat-Technologies
2026-09-27 13:35:24,632 DEBUG https://argentina.mimusjobs.com:443 "GET /wp-json/wp/v2/job-listings?slug=buscamos-asesores-comerciales-telef-nicos HTTP/1.1" 200 None
2026-09-27 13:35:24,637 DEBUG https://ii.ct-stc.com:443 "GET /5/logos/empresas/2023/01/10/cattechnologies-58F854C3E51E13A4161952585thumbnail.jpg HTTP/1.1" 200 53823
2026-09-27 13:35:26,795 DEBUG https://argentina.mimusjobs.com:443 "POST /wp-json/wp/v2/media HTTP/1.1" 201 None
2026-09-27 13:35:27,789 DEBUG https://argentina.mimusjobs.com:443 "POST /wp-json/wp/v2/job-listings HTTP/1.1" 201 None
2026-09-27 13:35:27,790 INFO ✅ Job posted: 'Buscamos Asesores Comerciales Telefónicos' → WP ID 33617
2026-09-27 13:35:27,790 INFO ✅ SUCCESS — 'Buscamos Asesores Comerciales Telefónicos' → WP ID=33617 🔗 https://argentina.mimusjobs.com/job/buscamos-asesores-comerciales-telefonicos-5/
2026-09-27 13:35:28,790 INFO ── https://ar.computrabajo.com/empleos-en-capital-federal | page 2 | job 2/20: https://ar.computrabajo.com/ofertas-de-trabajo/oferta-de-trabajo-de-sap-cap-fullstack-developer-senior-en-san-nicolas-7AE38847034D997361373E686DCF3405
2026-09-27 13:35:28,842 DEBUG https://ar.computrabajo.com:443 "GET /ofertas-de-trabajo/oferta-de-trabajo-de-sap-cap-fullstack-developer-senior-en-san-nicolas-7AE38847034D997361373E686DCF3405 HTTP/1.1" 200 None
2026-09-27 13:35:28,845 DEBUG     GET https://ar.computrabajo.com/ofertas-de-trabajo/oferta-de-trabajo-de-sap-cap-fullstack-developer-senior-en-san-nicolas-7AE38847034D997361373E686DCF3405 → HTTP 200 (183,935 chars)
2026-09-27 13:35:28,884 INFO     ┌─ SCRAPED JOB ─────────────────────────────────────────
    │ URL          : https://ar.computrabajo.com/ofertas-de-trabajo/oferta-de-trabajo-de-sap-cap-fullstack-developer-senior-en-san-nicolas-7AE38847034D997361373E686DCF3405
    │ Title        : SAP CAP Fullstack Developer Senior
    │ Company      : C&S informática s.a.
    │ Location     : San Nicolás, Capital Federal
    │ Job type     : full-time
    │ Salary       : (not listed)
    │ Industry     : Informática / Software
    │ Date posted  : 2026-08-26
    │ Deadline     : 2026-10-25
    │ External ID  : 32E96FB614994708
    │ Description  : Fullstack Developer Senior Analyst/Specialist Desde C&S nos encontramos en la búsqueda de un/a Fullstack Developer Senior Analyst/Specialist para trabajar en una reconocida empresa del sector. Modalid…
    └───────────────────────────────────────────────────────
2026-09-27 13:35:30,108 DEBUG https://argentina.mimusjobs.com:443 "GET /wp-json/wp/v2/companies?slug=c-s-inform-tica-s-a- HTTP/1.1" 200 None
2026-09-27 13:35:30,112 DEBUG https://ii.ct-stc.com:443 "GET /5/logos/empresas/2016/05/26/cs-informatica-sa-32E96FB614994708thumbnail.png HTTP/1.1" 200 4294
2026-09-27 13:35:31,742 DEBUG https://argentina.mimusjobs.com:443 "POST /wp-json/wp/v2/media HTTP/1.1" 201 None
2026-09-27 13:35:33,024 DEBUG https://argentina.mimusjobs.com:443 "POST /wp-json/wp/v2/companies HTTP/1.1" 201 None
2026-09-27 13:35:33,024 INFO ✅ Company posted: C&S informática s.a. → ID 33619
2026-09-27 13:35:33,698 DEBUG https://argentina.mimusjobs.com:443 "GET /wp-json/wp/v2/job-listings?slug=sap-cap-fullstack-developer-senior HTTP/1.1" 200 None
2026-09-27 13:35:33,698 INFO ⏭ Job already on WP: SAP CAP Fullstack Developer Senior
2026-09-27 13:35:33,698 INFO ✅ SUCCESS — 'SAP CAP Fullstack Developer Senior' → WP ID=22193 🔗 https://argentina.mimusjobs.com/job/sap-cap-fullstack-developer-senior/
2026-09-27 13:35:34,699 INFO ── https://ar.computrabajo.com/empleos-en-capital-federal | page 2 | job 3/20: https://ar.computrabajo.com/ofertas-de-trabajo/oferta-de-trabajo-de-bartender-eventual-en-puerto-madero-52C743157908A4B261373E686DCF3405
2026-09-27 13:35:34,756 DEBUG https://ar.computrabajo.com:443 "GET /ofertas-de-trabajo/oferta-de-trabajo-de-bartender-eventual-en-puerto-madero-52C743157908A4B261373E686DCF3405 HTTP/1.1" 200 None
2026-09-27 13:35:34,759 DEBUG     GET https://ar.computrabajo.com/ofertas-de-trabajo/oferta-de-trabajo-de-bartender-eventual-en-puerto-madero-52C743157908A4B261373E686DCF3405 → HTTP 200 (161,442 chars)
2026-09-27 13:35:34,788 INFO     ┌─ SCRAPED JOB ─────────────────────────────────────────
    │ URL          : https://ar.computrabajo.com/ofertas-de-trabajo/oferta-de-trabajo-de-bartender-eventual-en-puerto-madero-52C743157908A4B261373E686DCF3405
    │ Title        : Bartender - Eventual
    │ Company      : MADERO TANGO
    │ Location     : Puerto Madero, Capital Federal
    │ Job type     : full-time
    │ Salary       : (not listed)
    │ Industry     : Hostelería / Turismo
    │ Date posted  : 2026-07-29
    │ Deadline     : 2026-09-27
    │ External ID  : 8D98C1208BB86D8B
    │ Description  : ¡En Madero Tango buscamos Bartender para nuestra sector de EVENTOS! En Madero Tango, empresa líder en gastronomía y organización de eventos con más de 20 años de trayectoria en Puerto Madero, estamos …
    └───────────────────────────────────────────────────────
2026-09-27 13:35:35,738 DEBUG https://argentina.mimusjobs.com:443 "GET /wp-json/wp/v2/companies?slug=madero-tango HTTP/1.1" 200 None
2026-09-27 13:35:35,739 INFO ⏭ Company exists: MADERO TANGO
2026-09-27 13:35:37,359 DEBUG https://argentina.mimusjobs.com:443 "GET /wp-json/wp/v2/job-listings?slug=bartender---eventual HTTP/1.1" 200 None
2026-09-27 13:35:37,360 INFO ⏭ Job already on WP: Bartender - Eventual
2026-09-27 13:35:37,360 INFO ✅ SUCCESS — 'Bartender - Eventual' → WP ID=22195 🔗 https://argentina.mimusjobs.com/job/bartender-eventual/
2026-09-27 13:35:38,360 INFO ── https://ar.computrabajo.com/empleos-en-capital-federal | page 2 | job 4/20: https://ar.computrabajo.com/ofertas-de-trabajo/oferta-de-trabajo-de-referente-de-mucamoas-eventual-en-recoleta-A8ABDE776E1DD35F61373E686DCF3405
2026-09-27 13:35:38,399 DEBUG https://ar.computrabajo.com:443 "GET /ofertas-de-trabajo/oferta-de-trabajo-de-referente-de-mucamoas-eventual-en-recoleta-A8ABDE776E1DD35F61373E686DCF3405 HTTP/1.1" 200 None
2026-09-27 13:35:38,402 DEBUG     GET https://ar.computrabajo.com/ofertas-de-trabajo/oferta-de-trabajo-de-referente-de-mucamoas-eventual-en-recoleta-A8ABDE776E1DD35F61373E686DCF3405 → HTTP 200 (156,155 chars)
2026-09-27 13:35:38,431 INFO     ┌─ SCRAPED JOB ─────────────────────────────────────────
    │ URL          : https://ar.computrabajo.com/ofertas-de-trabajo/oferta-de-trabajo-de-referente-de-mucamoas-eventual-en-recoleta-A8ABDE776E1DD35F61373E686DCF3405
    │ Title        : Referente de mucamo/as - eventual
    │ Company      : ITAC
    │ Location     : Recoleta, Capital Federal
    │ Job type     : full-time
    │ Salary       : (not listed)
    │ Industry     : Salud / Medicina
    │ Date posted  : 2026-08-18
    │ Deadline     : 2026-10-17
    │ External ID  : C4385D190E73C5B1
    │ Description  : Coordinar y supervisar el servicio de hotelería y ropería en todas las sedes de la Institución, asegurando condiciones óptimas de limpieza, orden y bioseguridad, mediante la gestión eficiente de los r…
    └───────────────────────────────────────────────────────
2026-09-27 13:35:39,240 DEBUG https://argentina.mimusjobs.com:443 "GET /wp-json/wp/v2/companies?slug=itac HTTP/1.1" 200 None
2026-09-27 13:35:39,241 INFO ⏭ Company exists: ITAC
2026-09-27 13:35:40,587 DEBUG https://argentina.mimusjobs.com:443 "GET /wp-json/wp/v2/job-listings?slug=referente-de-mucamo-as---eventual HTTP/1.1" 200 None
2026-09-27 13:35:40,587 INFO ⏭ Job already on WP: Referente de mucamo/as - eventual
2026-09-27 13:35:40,588 INFO ✅ SUCCESS — 'Referente de mucamo/as - eventual' → WP ID=22200 🔗 https://argentina.mimusjobs.com/job/referente-de-mucamo-as-eventual/
2026-09-27 13:35:41,588 INFO ── https://ar.computrabajo.com/empleos-en-capital-federal | page 2 | job 5/20: https://ar.computrabajo.com/ofertas-de-trabajo/oferta-de-trabajo-de-gerente-de-unidad-de-negocio-fulltime-en-puerto-madero-503F8F9B1F5FA3C061373E686DCF3405
2026-09-27 13:35:41,631 DEBUG https://ar.computrabajo.com:443 "GET /ofertas-de-trabajo/oferta-de-trabajo-de-gerente-de-unidad-de-negocio-fulltime-en-puerto-madero-503F8F9B1F5FA3C061373E686DCF3405 HTTP/1.1" 200 None
2026-09-27 13:35:41,634 DEBUG     GET https://ar.computrabajo.com/ofertas-de-trabajo/oferta-de-trabajo-de-gerente-de-unidad-de-negocio-fulltime-en-puerto-madero-503F8F9B1F5FA3C061373E686DCF3405 → HTTP 200 (163,642 chars)
2026-09-27 13:35:41,663 INFO     ┌─ SCRAPED JOB ─────────────────────────────────────────
    │ URL          : https://ar.computrabajo.com/ofertas-de-trabajo/oferta-de-trabajo-de-gerente-de-unidad-de-negocio-fulltime-en-puerto-madero-503F8F9B1F5FA3C061373E686DCF3405
    │ Title        : Gerente de unidad de negocio - Fulltime
    │ Company      : Consultora gastronómica madero
    │ Location     : Puerto Madero, Capital Federal
    │ Job type     : full-time
    │ Salary       : (not listed)
    │ Industry     : Hostelería / Turismo
    │ Date posted  : 2026-08-18
    │ Deadline     : 2026-10-17
    │ External ID  : DAFBBABBDF4A064F
    │ Description  : Importante grupo gastronómico, con locales ubicados en Palermo y Puerto Madero, se encuentra en la búsqueda de un/a Gerente de Unidad de Negocio para liderar la operación integral de uno de sus establ…
    └───────────────────────────────────────────────────────
2026-09-27 13:35:42,591 DEBUG https://argentina.mimusjobs.com:443 "GET /wp-json/wp/v2/companies?slug=consultora-gastron-mica-madero HTTP/1.1" 200 None
2026-09-27 13:35:42,596 DEBUG https://ii.ct-stc.com:443 "GET /5/logos/empresas/2023/09/19/03704ba6c2bd4c2188ef190838090thumbnail.jpeg HTTP/1.1" 200 4734
2026-09-27 13:35:43,469 DEBUG https://argentina.mimusjobs.com:443 "POST /wp-json/wp/v2/media HTTP/1.1" 201 None
2026-09-27 13:35:44,357 DEBUG https://argentina.mimusjobs.com:443 "POST /wp-json/wp/v2/companies HTTP/1.1" 201 None
2026-09-27 13:35:44,357 INFO ✅ Company posted: Consultora gastronómica madero → ID 33621
2026-09-27 13:35:45,269 DEBUG https://argentina.mimusjobs.com:443 "GET /wp-json/wp/v2/job-listings?slug=gerente-de-unidad-de-negocio---fulltime HTTP/1.1" 200 None
2026-09-27 13:35:45,269 INFO ⏭ Job already on WP: Gerente de unidad de negocio - Fulltime
2026-09-27 13:35:45,270 INFO ✅ SUCCESS — 'Gerente de unidad de negocio - Fulltime' → WP ID=22199 🔗 https://argentina.mimusjobs.com/job/gerente-de-unidad-de-negocio-fulltime/
2026-09-27 13:35:46,270 INFO ── https://ar.computrabajo.com/empleos-en-capital-federal | page 2 | job 6/20: https://ar.computrabajo.com/ofertas-de-trabajo/oferta-de-trabajo-de-captador-de-fondos-ong-techo-part-time-caba-en-palermo-12ED7298A4E671C761373E686DCF3405
2026-09-27 13:35:46,324 DEBUG https://ar.computrabajo.com:443 "GET /ofertas-de-trabajo/oferta-de-trabajo-de-captador-de-fondos-ong-techo-part-time-caba-en-palermo-12ED7298A4E671C761373E686DCF3405 HTTP/1.1" 200 None
2026-09-27 13:35:46,326 DEBUG     GET https://ar.computrabajo.com/ofertas-de-trabajo/oferta-de-trabajo-de-captador-de-fondos-ong-techo-part-time-caba-en-palermo-12ED7298A4E671C761373E686DCF3405 → HTTP 200 (167,175 chars)
2026-09-27 13:35:46,356 INFO     ┌─ SCRAPED JOB ─────────────────────────────────────────
    │ URL          : https://ar.computrabajo.com/ofertas-de-trabajo/oferta-de-trabajo-de-captador-de-fondos-ong-techo-part-time-caba-en-palermo-12ED7298A4E671C761373E686DCF3405
    │ Title        : Captador/ de Fondos ONG Techo - Part time, Caba
    │ Company      : Yakú Consultora
    │ Location     : Palermo, Capital Federal
    │ Job type     : temporary
    │ Salary       : (not listed)
    │ Industry     : RRHH / Personal
    │ Date posted  : 2026-07-31
    │ Deadline     : 2026-09-29
    │ External ID  : ED500CC85521E0C3
    │ Description  : ÚNETE A TECHO!
¿Te apasiona generar un impacto positivo en la sociedad? ¡Esta es tu oportunidad! En colaboración con TECHO, una ONG Internacional, estamos buscando personas como vos para ser parte de …
    └───────────────────────────────────────────────────────
2026-09-27 13:35:47,460 DEBUG https://argentina.mimusjobs.com:443 "GET /wp-json/wp/v2/companies?slug=yak--consultora HTTP/1.1" 200 None
2026-09-27 13:35:47,525 DEBUG https://ii.ct-stc.com:443 "GET /5/logos/empresas/2022/04/21/9dea5ad1169f40bd804e130548892thumbnail.png HTTP/1.1" 200 4292
2026-09-27 13:35:48,540 DEBUG https://argentina.mimusjobs.com:443 "POST /wp-json/wp/v2/media HTTP/1.1" 201 None
2026-09-27 13:35:49,286 DEBUG https://argentina.mimusjobs.com:443 "POST /wp-json/wp/v2/companies HTTP/1.1" 201 None
2026-09-27 13:35:49,286 INFO ✅ Company posted: Yakú Consultora → ID 33623
2026-09-27 13:35:50,123 DEBUG https://argentina.mimusjobs.com:443 "GET /wp-json/wp/v2/job-listings?slug=captador--de-fondos-ong-techo---part-time--caba HTTP/1.1" 200 None
2026-09-27 13:35:50,123 INFO ⏭ Job already on WP: Captador/ de Fondos ONG Techo - Part time, Caba
2026-09-27 13:35:50,123 INFO ✅ SUCCESS — 'Captador/ de Fondos ONG Techo - Part time, Caba' → WP ID=21746 🔗 https://argentina.mimusjobs.com/job/captador-de-fondos-ong-techo-part-time-caba/
2026-09-27 13:35:51,123 INFO ── https://ar.computrabajo.com/empleos-en-capital-federal | page 2 | job 7/20: https://ar.computrabajo.com/ofertas-de-trabajo/oferta-de-trabajo-de-buscamos-perfil-competitivo-y-de-alto-rendimiento-desarrollo-comercial-automotriz-en-san-nicolas-C57ED0F5092F0CEC61373E686DCF3405
2026-09-27 13:35:51,197 DEBUG https://ar.computrabajo.com:443 "GET /ofertas-de-trabajo/oferta-de-trabajo-de-buscamos-perfil-competitivo-y-de-alto-rendimiento-desarrollo-comercial-automotriz-en-san-nicolas-C57ED0F5092F0CEC61373E686DCF3405 HTTP/1.1" 200 None
2026-09-27 13:35:51,200 DEBUG     GET https://ar.computrabajo.com/ofertas-de-trabajo/oferta-de-trabajo-de-buscamos-perfil-competitivo-y-de-alto-rendimiento-desarrollo-comercial-automotriz-en-san-nicolas-C57ED0F5092F0CEC61373E686DCF3405 → HTTP 200 (162,945 chars)
2026-09-27 13:35:51,230 INFO     ┌─ SCRAPED JOB ─────────────────────────────────────────
    │ URL          : https://ar.computrabajo.com/ofertas-de-trabajo/oferta-de-trabajo-de-buscamos-perfil-competitivo-y-de-alto-rendimiento-desarrollo-comercial-automotriz-en-san-nicolas-C57ED0F5092F0CEC61373E686DCF3405
    │ Title        : Buscamos Perfil Competitivo y de Alto Rendimiento - Desarrollo Comercial Automotriz
    │ Company      : EAGLES
    │ Location     : San Nicolás, Capital Federal
    │ Job type     : full-time
    │ Salary       : 900000 ARS
    │ Industry     : Venta al consumidor
    │ Date posted  : 2026-08-10
    │ Deadline     : 2026-10-09
    │ External ID  : 3FA18F68260709BF
    │ Description  : ¿Te considerás una persona competitiva, con energía de sobra y que no soporta quedarse quieta? ¿Hacés deportes o estás acostumbrado a exigirte al máximo para ganar? En nuestra organización dentro del …
    └───────────────────────────────────────────────────────
2026-09-27 13:35:53,273 DEBUG https://argentina.mimusjobs.com:443 "GET /wp-json/wp/v2/companies?slug=eagles HTTP/1.1" 200 None
2026-09-27 13:35:53,273 INFO ⏭ Company exists: EAGLES
2026-09-27 13:35:54,191 DEBUG https://argentina.mimusjobs.com:443 "GET /wp-json/wp/v2/job-listings?slug=buscamos-perfil-competitivo-y-de-alto-rendimiento---desarrollo-comercial-automot HTTP/1.1" 200 None
2026-09-27 13:35:54,200 DEBUG https://ii.ct-stc.com:443 "GET /5/logos/empresas/2025/12/09/c5c1d898f3ff4fe99b2b191832637thumbnail.png HTTP/1.1" 200 6627
2026-09-27 13:35:55,026 DEBUG https://argentina.mimusjobs.com:443 "POST /wp-json/wp/v2/media HTTP/1.1" 201 None
2026-09-27 13:35:56,829 DEBUG https://argentina.mimusjobs.com:443 "POST /wp-json/wp/v2/job-listings HTTP/1.1" 201 None
2026-09-27 13:35:56,829 INFO ✅ Job posted: 'Buscamos Perfil Competitivo y de Alto Rendimiento - Desarrollo Comercial Automotriz' → WP ID 33625
2026-09-27 13:35:56,830 INFO ✅ SUCCESS — 'Buscamos Perfil Competitivo y de Alto Rendimiento - Desarrollo Comercial Automotriz' → WP ID=33625 🔗 https://argentina.mimusjobs.com/job/buscamos-perfil-competitivo-y-de-alto-rendimiento-desarrollo-comercial-automotriz-5/
2026-09-27 13:35:57,830 INFO ── https://ar.computrabajo.com/empleos-en-capital-federal | page 2 | job 8/20: https://ar.computrabajo.com/ofertas-de-trabajo/oferta-de-trabajo-de-referente-comercial-de-campo-en-parque-patricios-303394ED4C23922D61373E686DCF3405
2026-09-27 13:35:57,862 DEBUG https://ar.computrabajo.com:443 "GET /ofertas-de-trabajo/oferta-de-trabajo-de-referente-comercial-de-campo-en-parque-patricios-303394ED4C23922D61373E686DCF3405 HTTP/1.1" 200 None
2026-09-27 13:35:57,865 DEBUG     GET https://ar.computrabajo.com/ofertas-de-trabajo/oferta-de-trabajo-de-referente-comercial-de-campo-en-parque-patricios-303394ED4C23922D61373E686DCF3405 → HTTP 200 (162,688 chars)
2026-09-27 13:35:57,893 INFO     ┌─ SCRAPED JOB ─────────────────────────────────────────
    │ URL          : https://ar.computrabajo.com/ofertas-de-trabajo/oferta-de-trabajo-de-referente-comercial-de-campo-en-parque-patricios-303394ED4C23922D61373E686DCF3405
    │ Title        : Referente comercial de campo
    │ Company      : Área IT
    │ Location     : Parque Patricios, Capital Federal
    │ Job type     : full-time
    │ Salary       : (not listed)
    │ Industry     : Informática / Hardware
    │ Date posted  : 2026-08-10
    │ Deadline     : 2026-10-09
    │ External ID  : A93B321126A84B65
    │ Description  : ¡Sumate a una Empresa Líder en Soluciones IT y Field Services!
Somos una empresa 100% nacional con más de 10 años de experiencia conectando a personas, empresas y organizaciones con tecnología de vang…
    └───────────────────────────────────────────────────────
2026-09-27 13:35:59,572 DEBUG https://argentina.mimusjobs.com:443 "GET /wp-json/wp/v2/companies?slug=-rea-it HTTP/1.1" 200 None
2026-09-27 13:35:59,640 DEBUG https://ii.ct-stc.com:443 "GET /5/logos/empresas/2020/06/08/c88d321f015844eab424131550015thumbnail.png HTTP/1.1" 200 3971
2026-09-27 13:36:00,699 DEBUG https://argentina.mimusjobs.com:443 "POST /wp-json/wp/v2/media HTTP/1.1" 201 None
2026-09-27 13:36:01,968 DEBUG https://argentina.mimusjobs.com:443 "POST /wp-json/wp/v2/companies HTTP/1.1" 201 None
2026-09-27 13:36:01,968 INFO ✅ Company posted: Área IT → ID 33627
2026-09-27 13:36:03,224 DEBUG https://argentina.mimusjobs.com:443 "GET /wp-json/wp/v2/job-listings?slug=referente-comercial-de-campo HTTP/1.1" 200 None
2026-09-27 13:36:03,225 INFO ⏭ Job already on WP: Referente comercial de campo
2026-09-27 13:36:03,225 INFO ✅ SUCCESS — 'Referente comercial de campo' → WP ID=22207 🔗 https://argentina.mimusjobs.com/job/referente-comercial-de-campo/
2026-09-27 13:36:04,225 INFO ── https://ar.computrabajo.com/empleos-en-capital-federal | page 2 | job 9/20: https://ar.computrabajo.com/ofertas-de-trabajo/oferta-de-trabajo-de-vendedor-telefonico-para-importante-banco-en-san-nicolas-E6E22D6B53BD503361373E686DCF3405
2026-09-27 13:36:04,257 DEBUG https://ar.computrabajo.com:443 "GET /ofertas-de-trabajo/oferta-de-trabajo-de-vendedor-telefonico-para-importante-banco-en-san-nicolas-E6E22D6B53BD503361373E686DCF3405 HTTP/1.1" 200 None
2026-09-27 13:36:04,260 DEBUG     GET https://ar.computrabajo.com/ofertas-de-trabajo/oferta-de-trabajo-de-vendedor-telefonico-para-importante-banco-en-san-nicolas-E6E22D6B53BD503361373E686DCF3405 → HTTP 200 (168,947 chars)
2026-09-27 13:36:04,293 INFO     ┌─ SCRAPED JOB ─────────────────────────────────────────
    │ URL          : https://ar.computrabajo.com/ofertas-de-trabajo/oferta-de-trabajo-de-vendedor-telefonico-para-importante-banco-en-san-nicolas-E6E22D6B53BD503361373E686DCF3405
    │ Title        : Vendedor telefónico para importante Banco
    │ Company      : Cat-Technologies
    │ Location     : San Nicolás, Capital Federal
    │ Job type     : temporary
    │ Salary       : (not listed)
    │ Industry     : Venta al consumidor
    │ Date posted  : 2026-08-10
    │ Deadline     : 2026-10-09
    │ External ID  : 58F854C3E51E13A4
    │ Description  : ¡En CAT Technologies la actitud es todo! Estamos incorporando a nuestros equipos de CALL CENTER a los mejores vendedores para comercializar productos bancarios, con o sin experiencia. Contamos con una…
    └───────────────────────────────────────────────────────
2026-09-27 13:36:06,295 DEBUG https://argentina.mimusjobs.com:443 "GET /wp-json/wp/v2/companies?slug=cat-technologies HTTP/1.1" 200 None
2026-09-27 13:36:06,296 INFO ⏭ Company exists: Cat-Technologies
2026-09-27 13:36:07,309 DEBUG https://argentina.mimusjobs.com:443 "GET /wp-json/wp/v2/job-listings?slug=vendedor-telef-nico-para-importante-banco HTTP/1.1" 200 None
2026-09-27 13:36:07,316 DEBUG https://ii.ct-stc.com:443 "GET /5/logos/empresas/2023/01/10/cattechnologies-58F854C3E51E13A4161952585thumbnail.jpg HTTP/1.1" 200 53823
2026-09-27 13:36:09,762 DEBUG https://argentina.mimusjobs.com:443 "POST /wp-json/wp/v2/media HTTP/1.1" 201 None
2026-09-27 13:36:11,568 DEBUG https://argentina.mimusjobs.com:443 "POST /wp-json/wp/v2/job-listings HTTP/1.1" 201 None
2026-09-27 13:36:11,568 INFO ✅ Job posted: 'Vendedor telefónico para importante Banco' → WP ID 33629
2026-09-27 13:36:11,568 INFO ✅ SUCCESS — 'Vendedor telefónico para importante Banco' → WP ID=33629 🔗 https://argentina.mimusjobs.com/job/vendedor-telefonico-para-importante-banco-5/
2026-09-27 13:36:12,568 INFO ── https://ar.computrabajo.com/empleos-en-capital-federal | page 2 | job 10/20: https://ar.computrabajo.com/ofertas-de-trabajo/oferta-de-trabajo-de-preparacion-y-entrega-de-motos-0km-san-isidro-en-barracas-41D78C3B3F4EAF8861373E686DCF3405
2026-09-27 13:36:12,621 DEBUG https://ar.computrabajo.com:443 "GET /ofertas-de-trabajo/oferta-de-trabajo-de-preparacion-y-entrega-de-motos-0km-san-isidro-en-barracas-41D78C3B3F4EAF8861373E686DCF3405 HTTP/1.1" 200 None
2026-09-27 13:36:12,623 DEBUG     GET https://ar.computrabajo.com/ofertas-de-trabajo/oferta-de-trabajo-de-preparacion-y-entrega-de-motos-0km-san-isidro-en-barracas-41D78C3B3F4EAF8861373E686DCF3405 → HTTP 200 (150,341 chars)
2026-09-27 13:36:12,673 WARNING No JobPosting JSON-LD found, using HTML fallback: https://ar.computrabajo.com/ofertas-de-trabajo/oferta-de-trabajo-de-preparacion-y-entrega-de-motos-0km-san-isidro-en-barracas-41D78C3B3F4EAF8861373E686DCF3405
2026-09-27 13:36:12,674 INFO     ┌─ SCRAPED JOB ─────────────────────────────────────────
    │ URL          : https://ar.computrabajo.com/ofertas-de-trabajo/oferta-de-trabajo-de-preparacion-y-entrega-de-motos-0km-san-isidro-en-barracas-41D78C3B3F4EAF8861373E686DCF3405
    │ Title        : Preparación y Entrega de Motos 0km – San Isidro
    │ Company      : Importante empresa del sector
    │ Location     : Barracas, Capital Federal
    │ Job type     : full-time
    │ Salary       : A convenir ARS
    │ Industry     : (none)
    │ Date posted  : (unknown)
    │ Deadline     : (estimated: )
    │ External ID  : (none)
    │ Description  : Somos un grupo del rubro automotor y estamos incorporando una persona para el área de Logística y Entregas de nuestra sucursal de San Isidro, para la recepción, preparación y entrega de motos 0km de l…
    └───────────────────────────────────────────────────────
2026-09-27 13:36:13,791 DEBUG https://argentina.mimusjobs.com:443 "GET /wp-json/wp/v2/companies?slug=importante-empresa-del-sector HTTP/1.1" 200 None
2026-09-27 13:36:13,792 INFO ⏭ Company exists: Importante empresa del sector
2026-09-27 13:36:14,336 DEBUG https://argentina.mimusjobs.com:443 "GET /wp-json/wp/v2/job-listings?slug=preparaci-n-y-entrega-de-motos-0km---san-isidro HTTP/1.1" 200 None
2026-09-27 13:36:15,315 DEBUG https://argentina.mimusjobs.com:443 "POST /wp-json/wp/v2/job-listings HTTP/1.1" 201 None
2026-09-27 13:36:15,315 INFO ✅ Job posted: 'Preparación y Entrega de Motos 0km – San Isidro' → WP ID 33630
2026-09-27 13:36:15,315 INFO ✅ SUCCESS — 'Preparación y Entrega de Motos 0km – San Isidro' → WP ID=33630 🔗 https://argentina.mimusjobs.com/job/preparacion-y-entrega-de-motos-0km-san-isidro-5/
2026-09-27 13:36:16,315 INFO ── https://ar.computrabajo.com/empleos-en-capital-federal | page 2 | job 11/20: https://ar.computrabajo.com/ofertas-de-trabajo/oferta-de-trabajo-de-consultor-sap-pm-senior-en-san-nicolas-9C5CEE1C3FB30C7B61373E686DCF3405
2026-09-27 13:36:16,375 DEBUG https://ar.computrabajo.com:443 "GET /ofertas-de-trabajo/oferta-de-trabajo-de-consultor-sap-pm-senior-en-san-nicolas-9C5CEE1C3FB30C7B61373E686DCF3405 HTTP/1.1" 200 None
2026-09-27 13:36:16,379 DEBUG     GET https://ar.computrabajo.com/ofertas-de-trabajo/oferta-de-trabajo-de-consultor-sap-pm-senior-en-san-nicolas-9C5CEE1C3FB30C7B61373E686DCF3405 → HTTP 200 (181,816 chars)
2026-09-27 13:36:16,417 INFO     ┌─ SCRAPED JOB ─────────────────────────────────────────
    │ URL          : https://ar.computrabajo.com/ofertas-de-trabajo/oferta-de-trabajo-de-consultor-sap-pm-senior-en-san-nicolas-9C5CEE1C3FB30C7B61373E686DCF3405
    │ Title        : Consultor SAP PM Senior
    │ Company      : C&S informática s.a.
    │ Location     : San Nicolás, Capital Federal
    │ Job type     : full-time
    │ Salary       : (not listed)
    │ Industry     : Informática / Software
    │ Date posted  : 2026-08-26
    │ Deadline     : 2026-10-25
    │ External ID  : 32E96FB614994708
    │ Description  : Consultor SAP PM Senior Desde C&S nos encontramos en la búsqueda de un/a Consultor/a SAP PM para sumarse a un equipo funcional enfocado en evolución y mejoras continuas de procesos. Modalidad: Híbrido…
    └───────────────────────────────────────────────────────
2026-09-27 13:36:17,149 DEBUG https://argentina.mimusjobs.com:443 "GET /wp-json/wp/v2/companies?slug=c-s-inform-tica-s-a- HTTP/1.1" 200 None
2026-09-27 13:36:17,155 DEBUG https://ii.ct-stc.com:443 "GET /5/logos/empresas/2016/05/26/cs-informatica-sa-32E96FB614994708thumbnail.png HTTP/1.1" 200 4294
2026-09-27 13:36:19,053 DEBUG https://argentina.mimusjobs.com:443 "POST /wp-json/wp/v2/media HTTP/1.1" 201 None
2026-09-27 13:36:20,356 DEBUG https://argentina.mimusjobs.com:443 "POST /wp-json/wp/v2/companies HTTP/1.1" 201 None
2026-09-27 13:36:20,356 INFO ✅ Company posted: C&S informática s.a. → ID 33632
2026-09-27 13:36:21,928 DEBUG https://argentina.mimusjobs.com:443 "GET /wp-json/wp/v2/job-listings?slug=consultor-sap-pm-senior HTTP/1.1" 200 None
2026-09-27 13:36:21,928 INFO ⏭ Job already on WP: Consultor SAP PM Senior
2026-09-27 13:36:21,928 INFO ✅ SUCCESS — 'Consultor SAP PM Senior' → WP ID=22215 🔗 https://argentina.mimusjobs.com/job/consultor-sap-pm-senior/
2026-09-27 13:36:22,929 INFO ── https://ar.computrabajo.com/empleos-en-capital-federal | page 2 | job 12/20: https://ar.computrabajo.com/ofertas-de-trabajo/oferta-de-trabajo-de-asesor-comercial-inmobiliario-en-caballito-752D85981C2012DB61373E686DCF3405
2026-09-27 13:36:22,962 DEBUG https://ar.computrabajo.com:443 "GET /ofertas-de-trabajo/oferta-de-trabajo-de-asesor-comercial-inmobiliario-en-caballito-752D85981C2012DB61373E686DCF3405 HTTP/1.1" 200 None
2026-09-27 13:36:22,965 DEBUG     GET https://ar.computrabajo.com/ofertas-de-trabajo/oferta-de-trabajo-de-asesor-comercial-inmobiliario-en-caballito-752D85981C2012DB61373E686DCF3405 → HTTP 200 (174,564 chars)
2026-09-27 13:36:23,000 INFO     ┌─ SCRAPED JOB ─────────────────────────────────────────
    │ URL          : https://ar.computrabajo.com/ofertas-de-trabajo/oferta-de-trabajo-de-asesor-comercial-inmobiliario-en-caballito-752D85981C2012DB61373E686DCF3405
    │ Title        : Asesor Comercial Inmobiliario
    │ Company      : Remax Parque
    │ Location     : Caballito, Capital Federal
    │ Job type     : full-time
    │ Salary       : (not listed)
    │ Industry     : Servicios Profesionales
    │ Date posted  : 2026-08-04
    │ Deadline     : 2026-10-03
    │ External ID  : FFFBF5F4FEBC6313
    │ Description  : Desarrolla tu carrera en el rubro inmobiliario con el respaldo de la marca líder en el mundo.
Súmate al equipo de Agentes comerciales de RE/MAX Parque.
Somos una de las primeras oficinas oficiales de …
    └───────────────────────────────────────────────────────
2026-09-27 13:36:23,755 DEBUG https://argentina.mimusjobs.com:443 "GET /wp-json/wp/v2/companies?slug=remax-parque HTTP/1.1" 200 None
2026-09-27 13:36:23,756 INFO ⏭ Company exists: Remax Parque
2026-09-27 13:36:24,791 DEBUG https://argentina.mimusjobs.com:443 "GET /wp-json/wp/v2/job-listings?slug=asesor-comercial-inmobiliario HTTP/1.1" 200 None
2026-09-27 13:36:24,791 INFO ⏭ Job already on WP: Asesor Comercial Inmobiliario
2026-09-27 13:36:24,792 INFO ✅ SUCCESS — 'Asesor Comercial Inmobiliario' → WP ID=15440 🔗 https://argentina.mimusjobs.com/job/asesor-comercial-inmobiliario/
2026-09-27 13:36:25,792 INFO ── https://ar.computrabajo.com/empleos-en-capital-federal | page 2 | job 13/20: https://ar.computrabajo.com/ofertas-de-trabajo/oferta-de-trabajo-de-supervisor-de-asesores-comerciales-en-calle-caba-en-caballito-EA69A7329E26A6B361373E686DCF3405
2026-09-27 13:36:25,826 DEBUG https://ar.computrabajo.com:443 "GET /ofertas-de-trabajo/oferta-de-trabajo-de-supervisor-de-asesores-comerciales-en-calle-caba-en-caballito-EA69A7329E26A6B361373E686DCF3405 HTTP/1.1" 200 None
2026-09-27 13:36:25,829 DEBUG     GET https://ar.computrabajo.com/ofertas-de-trabajo/oferta-de-trabajo-de-supervisor-de-asesores-comerciales-en-calle-caba-en-caballito-EA69A7329E26A6B361373E686DCF3405 → HTTP 200 (179,957 chars)
2026-09-27 13:36:25,865 INFO     ┌─ SCRAPED JOB ─────────────────────────────────────────
    │ URL          : https://ar.computrabajo.com/ofertas-de-trabajo/oferta-de-trabajo-de-supervisor-de-asesores-comerciales-en-calle-caba-en-caballito-EA69A7329E26A6B361373E686DCF3405
    │ Title        : Supervisor de asesores comerciales en calle / CABA
    │ Company      : Solvens Servicios Especializados
    │ Location     : Caballito, Capital Federal
    │ Job type     : full-time
    │ Salary       : (not listed)
    │ Industry     : Servicios Profesionales
    │ Date posted  : 2026-08-18
    │ Deadline     : 2026-10-17
    │ External ID  : 58F4D195C13D65D9
    │ Description  : Nos encontramos en la búsqueda de un Supervisor con experiencia en manejo de equipos, que resida en CABA para liderar una importante empresa de Tecnología, numero 1 del Mercado.
Requisitos excluyentes…
    └───────────────────────────────────────────────────────
2026-09-27 13:36:26,764 DEBUG https://argentina.mimusjobs.com:443 "GET /wp-json/wp/v2/companies?slug=solvens-servicios-especializados HTTP/1.1" 200 None
2026-09-27 13:36:26,765 INFO ⏭ Company exists: Solvens Servicios Especializados
2026-09-27 13:36:27,821 DEBUG https://argentina.mimusjobs.com:443 "GET /wp-json/wp/v2/job-listings?slug=supervisor-de-asesores-comerciales-en-calle---caba HTTP/1.1" 200 None
2026-09-27 13:36:27,822 INFO ⏭ Job already on WP: Supervisor de asesores comerciales en calle / CABA
2026-09-27 13:36:27,822 INFO ✅ SUCCESS — 'Supervisor de asesores comerciales en calle / CABA' → WP ID=18146 🔗 https://argentina.mimusjobs.com/job/supervisor-de-asesores-comerciales-en-calle-caba/
2026-09-27 13:36:28,822 INFO ── https://ar.computrabajo.com/empleos-en-capital-federal | page 2 | job 14/20: https://ar.computrabajo.com/ofertas-de-trabajo/oferta-de-trabajo-de-vigilador-general-zona-caba-en-velez-sarsfield-C751C25401ACE23661373E686DCF3405
2026-09-27 13:36:28,873 DEBUG https://ar.computrabajo.com:443 "GET /ofertas-de-trabajo/oferta-de-trabajo-de-vigilador-general-zona-caba-en-velez-sarsfield-C751C25401ACE23661373E686DCF3405 HTTP/1.1" 200 None
2026-09-27 13:36:28,876 DEBUG     GET https://ar.computrabajo.com/ofertas-de-trabajo/oferta-de-trabajo-de-vigilador-general-zona-caba-en-velez-sarsfield-C751C25401ACE23661373E686DCF3405 → HTTP 200 (166,685 chars)
2026-09-27 13:36:28,908 INFO     ┌─ SCRAPED JOB ─────────────────────────────────────────
    │ URL          : https://ar.computrabajo.com/ofertas-de-trabajo/oferta-de-trabajo-de-vigilador-general-zona-caba-en-velez-sarsfield-C751C25401ACE23661373E686DCF3405
    │ Title        : Vigilador General Zona CABA
    │ Company      : Murata Sa
    │ Location     : Vélez Sársfield, Capital Federal
    │ Job type     : full-time
    │ Salary       : (not listed)
    │ Industry     : Servicios Profesionales
    │ Date posted  : 2026-08-18
    │ Deadline     : 2026-10-17
    │ External ID  : CBCD3FB28BECFABC
    │ Description  : Importante oportunidad laboral en Murata SA Vigilador General (Zona CABA)
En Murata SA nos encontramos en la búsqueda de Vigiladores Generales para incorporarse a nuestro equipo de trabajo en CABA.
Bu…
    └───────────────────────────────────────────────────────
2026-09-27 13:36:30,477 DEBUG https://argentina.mimusjobs.com:443 "GET /wp-json/wp/v2/companies?slug=murata-sa HTTP/1.1" 200 None
2026-09-27 13:36:30,477 INFO ⏭ Company exists: Murata Sa
2026-09-27 13:36:31,209 DEBUG https://argentina.mimusjobs.com:443 "GET /wp-json/wp/v2/job-listings?slug=vigilador-general-zona-caba HTTP/1.1" 200 None
2026-09-27 13:36:31,210 INFO ⏭ Job already on WP: Vigilador General Zona CABA
2026-09-27 13:36:31,210 INFO ✅ SUCCESS — 'Vigilador General Zona CABA' → WP ID=22222 🔗 https://argentina.mimusjobs.com/job/vigilador-general-zona-caba/
2026-09-27 13:36:32,210 INFO ── https://ar.computrabajo.com/empleos-en-capital-federal | page 2 | job 15/20: https://ar.computrabajo.com/ofertas-de-trabajo/oferta-de-trabajo-de-auxiliar-de-despensa-olivos-en-belgrano-E083FCBBD6D6EB8461373E686DCF3405
2026-09-27 13:36:32,271 DEBUG https://ar.computrabajo.com:443 "GET /ofertas-de-trabajo/oferta-de-trabajo-de-auxiliar-de-despensa-olivos-en-belgrano-E083FCBBD6D6EB8461373E686DCF3405 HTTP/1.1" 200 None
2026-09-27 13:36:32,274 DEBUG     GET https://ar.computrabajo.com/ofertas-de-trabajo/oferta-de-trabajo-de-auxiliar-de-despensa-olivos-en-belgrano-E083FCBBD6D6EB8461373E686DCF3405 → HTTP 200 (151,068 chars)
2026-09-27 13:36:32,302 WARNING No JobPosting JSON-LD found, using HTML fallback: https://ar.computrabajo.com/ofertas-de-trabajo/oferta-de-trabajo-de-auxiliar-de-despensa-olivos-en-belgrano-E083FCBBD6D6EB8461373E686DCF3405
2026-09-27 13:36:32,303 INFO     ┌─ SCRAPED JOB ─────────────────────────────────────────
    │ URL          : https://ar.computrabajo.com/ofertas-de-trabajo/oferta-de-trabajo-de-auxiliar-de-despensa-olivos-en-belgrano-E083FCBBD6D6EB8461373E686DCF3405
    │ Title        : Auxiliar de despensa - Olivos
    │ Company      : Importante empresa del sector
    │ Location     : Belgrano, Capital Federal
    │ Job type     : full-time
    │ Salary       : A convenir ARS
    │ Industry     : (none)
    │ Date posted  : (unknown)
    │ Deadline     : (estimated: )
    │ External ID  : (none)
    │ Description  : Importante Empresa de Servicios se encuentra en la búsqueda de un Auxiliar de despensa para trabajar en comedores industriales en Olivos- Buenos Aires.
Se requiere experiencia previa de al menos 2 año…
    └───────────────────────────────────────────────────────
2026-09-27 13:36:33,500 DEBUG https://argentina.mimusjobs.com:443 "GET /wp-json/wp/v2/companies?slug=importante-empresa-del-sector HTTP/1.1" 200 None
2026-09-27 13:36:33,500 INFO ⏭ Company exists: Importante empresa del sector
2026-09-27 13:36:34,251 DEBUG https://argentina.mimusjobs.com:443 "GET /wp-json/wp/v2/job-listings?slug=auxiliar-de-despensa---olivos HTTP/1.1" 200 None
2026-09-27 13:36:34,251 INFO ⏭ Job already on WP: Auxiliar de despensa - Olivos
2026-09-27 13:36:34,252 INFO ✅ SUCCESS — 'Auxiliar de despensa - Olivos' → WP ID=22216 🔗 https://argentina.mimusjobs.com/job/auxiliar-de-despensa-olivos/
2026-09-27 13:36:35,252 INFO ── https://ar.computrabajo.com/empleos-en-capital-federal | page 2 | job 16/20: https://ar.computrabajo.com/ofertas-de-trabajo/oferta-de-trabajo-de-operarioa-de-produccion-rubro-alimenticio-en-palermo-7CBB1F424B54DD9461373E686DCF3405
2026-09-27 13:36:35,307 DEBUG https://ar.computrabajo.com:443 "GET /ofertas-de-trabajo/oferta-de-trabajo-de-operarioa-de-produccion-rubro-alimenticio-en-palermo-7CBB1F424B54DD9461373E686DCF3405 HTTP/1.1" 200 None
2026-09-27 13:36:35,310 DEBUG     GET https://ar.computrabajo.com/ofertas-de-trabajo/oferta-de-trabajo-de-operarioa-de-produccion-rubro-alimenticio-en-palermo-7CBB1F424B54DD9461373E686DCF3405 → HTTP 200 (165,767 chars)
2026-09-27 13:36:35,343 INFO     ┌─ SCRAPED JOB ─────────────────────────────────────────
    │ URL          : https://ar.computrabajo.com/ofertas-de-trabajo/oferta-de-trabajo-de-operarioa-de-produccion-rubro-alimenticio-en-palermo-7CBB1F424B54DD9461373E686DCF3405
    │ Title        : Operario/a de Producción - Rubro Alimenticio
    │ Company      : ETT Faster Argentina SA
    │ Location     : Palermo, Capital Federal
    │ Job type     : full-time
    │ Salary       : (not listed)
    │ Industry     : RRHH / Personal
    │ Date posted  : 2026-08-18
    │ Deadline     : 2026-10-17
    │ External ID  : A5C885307F8746A7
    │ Description  : Importante empresa ubicada en Capital Federal, se encuentra en la búsqueda de un/a operario de producción con experiencia en manipulación de alimentos.-Requerimientos- Educación mínima: Secundaria 2 a…
    └───────────────────────────────────────────────────────
2026-09-27 13:36:36,047 DEBUG https://argentina.mimusjobs.com:443 "GET /wp-json/wp/v2/companies?slug=ett-faster-argentina-sa HTTP/1.1" 200 None
2026-09-27 13:36:36,048 INFO ⏭ Company exists: ETT Faster Argentina SA
2026-09-27 13:36:37,216 DEBUG https://argentina.mimusjobs.com:443 "GET /wp-json/wp/v2/job-listings?slug=operario-a-de-producci-n---rubro-alimenticio HTTP/1.1" 200 None
2026-09-27 13:36:37,223 DEBUG https://ii.ct-stc.com:443 "GET /5/logos/empresas/2017/11/21/ett-faster-argentina-sa-A5C885307F8746A7180927thumbnail.jpeg HTTP/1.1" 200 6708
2026-09-27 13:36:38,314 DEBUG https://argentina.mimusjobs.com:443 "POST /wp-json/wp/v2/media HTTP/1.1" 201 None
2026-09-27 13:36:38,866 DEBUG https://argentina.mimusjobs.com:443 "GET /wp-json/wp/v2/job_listing_region?slug=palermo--capital-federal HTTP/1.1" 200 None
2026-09-27 13:36:40,673 DEBUG https://argentina.mimusjobs.com:443 "POST /wp-json/wp/v2/job-listings HTTP/1.1" 201 None
2026-09-27 13:36:40,674 INFO ✅ Job posted: 'Operario/a de Producción - Rubro Alimenticio' → WP ID 33634
2026-09-27 13:36:40,674 INFO ✅ SUCCESS — 'Operario/a de Producción - Rubro Alimenticio' → WP ID=33634 🔗 https://argentina.mimusjobs.com/job/operario-a-de-produccion-rubro-alimenticio-5/
2026-09-27 13:36:41,674 INFO ── https://ar.computrabajo.com/empleos-en-capital-federal | page 2 | job 17/20: https://ar.computrabajo.com/ofertas-de-trabajo/oferta-de-trabajo-de-encargado-de-area-caba-en-villa-ortuzar-49D24889D705D16861373E686DCF3405
2026-09-27 13:36:41,709 DEBUG https://ar.computrabajo.com:443 "GET /ofertas-de-trabajo/oferta-de-trabajo-de-encargado-de-area-caba-en-villa-ortuzar-49D24889D705D16861373E686DCF3405 HTTP/1.1" 200 None
2026-09-27 13:36:41,712 DEBUG     GET https://ar.computrabajo.com/ofertas-de-trabajo/oferta-de-trabajo-de-encargado-de-area-caba-en-villa-ortuzar-49D24889D705D16861373E686DCF3405 → HTTP 200 (168,740 chars)
2026-09-27 13:36:41,745 INFO     ┌─ SCRAPED JOB ─────────────────────────────────────────
    │ URL          : https://ar.computrabajo.com/ofertas-de-trabajo/oferta-de-trabajo-de-encargado-de-area-caba-en-villa-ortuzar-49D24889D705D16861373E686DCF3405
    │ Title        : Encargado de área CABA
    │ Company      : Supermayorista VITAL
    │ Location     : Villa Ortúzar, Capital Federal
    │ Job type     : full-time
    │ Salary       : (not listed)
    │ Industry     : Venta al por mayor
    │ Date posted  : 2026-08-26
    │ Deadline     : 2026-10-25
    │ External ID  : 262EEE74214A2A7F
    │ Description  : Importante empresa nacional del rubro retail / consumo masivo, con sólida trayectoria en el mercado y presencia en CABA, AMBA e interior del país, se encuentra en la búsqueda de perfiles para sumarse …
    └───────────────────────────────────────────────────────
2026-09-27 13:36:42,562 DEBUG https://argentina.mimusjobs.com:443 "GET /wp-json/wp/v2/companies?slug=supermayorista-vital HTTP/1.1" 200 None
2026-09-27 13:36:42,562 INFO ⏭ Company exists: Supermayorista VITAL
2026-09-27 13:36:43,211 DEBUG https://argentina.mimusjobs.com:443 "GET /wp-json/wp/v2/job-listings?slug=encargado-de--rea-caba HTTP/1.1" 200 None
2026-09-27 13:36:43,216 DEBUG https://ii.ct-stc.com:443 "GET /5/logos/empresas/2021/02/19/b53d38ec95804809afee111731678thumbnail.PNG HTTP/1.1" 200 7646
2026-09-27 13:36:44,647 DEBUG https://argentina.mimusjobs.com:443 "POST /wp-json/wp/v2/media HTTP/1.1" 201 None
2026-09-27 13:36:45,643 DEBUG https://argentina.mimusjobs.com:443 "GET /wp-json/wp/v2/job_listing_region?slug=villa-ort-zar--capital-federal HTTP/1.1" 200 None
2026-09-27 13:36:46,975 DEBUG https://argentina.mimusjobs.com:443 "POST /wp-json/wp/v2/job-listings HTTP/1.1" 201 None
2026-09-27 13:36:46,975 INFO ✅ Job posted: 'Encargado de área CABA' → WP ID 33636
2026-09-27 13:36:46,975 INFO ✅ SUCCESS — 'Encargado de área CABA' → WP ID=33636 🔗 https://argentina.mimusjobs.com/job/encargado-de-area-caba-5/
2026-09-27 13:36:47,975 INFO ── https://ar.computrabajo.com/empleos-en-capital-federal | page 2 | job 18/20: https://ar.computrabajo.com/ofertas-de-trabajo/oferta-de-trabajo-de-cocineroa-produccion-y-eventos-en-barracas-F6BDB56DDEF9A51961373E686DCF3405
2026-09-27 13:36:48,026 DEBUG https://ar.computrabajo.com:443 "GET /ofertas-de-trabajo/oferta-de-trabajo-de-cocineroa-produccion-y-eventos-en-barracas-F6BDB56DDEF9A51961373E686DCF3405 HTTP/1.1" 200 None
2026-09-27 13:36:48,029 DEBUG     GET https://ar.computrabajo.com/ofertas-de-trabajo/oferta-de-trabajo-de-cocineroa-produccion-y-eventos-en-barracas-F6BDB56DDEF9A51961373E686DCF3405 → HTTP 200 (163,282 chars)
2026-09-27 13:36:48,056 INFO     ┌─ SCRAPED JOB ─────────────────────────────────────────
    │ URL          : https://ar.computrabajo.com/ofertas-de-trabajo/oferta-de-trabajo-de-cocineroa-produccion-y-eventos-en-barracas-F6BDB56DDEF9A51961373E686DCF3405
    │ Title        : Cocinero/a - Producción y eventos
    │ Company      : MADERO TANGO
    │ Location     : Barracas, Capital Federal
    │ Job type     : full-time
    │ Salary       : (not listed)
    │ Industry     : Hostelería / Turismo
    │ Date posted  : 2026-07-29
    │ Deadline     : 2026-09-27
    │ External ID  : 8D98C1208BB86D8B
    │ Description  : Nos encontramos en la búsqueda de un/a cocinero/a con experiencia para incorporarse a nuestro equipo de producción gastronómica y eventos.
Buscamos una persona dinámica, organizada y con capacidad par…
    └───────────────────────────────────────────────────────
2026-09-27 13:36:48,822 DEBUG https://argentina.mimusjobs.com:443 "GET /wp-json/wp/v2/companies?slug=madero-tango HTTP/1.1" 200 None
2026-09-27 13:36:48,823 INFO ⏭ Company exists: MADERO TANGO
2026-09-27 13:36:49,922 DEBUG https://argentina.mimusjobs.com:443 "GET /wp-json/wp/v2/job-listings?slug=cocinero-a---producci-n-y-eventos HTTP/1.1" 200 None
2026-09-27 13:36:49,990 DEBUG https://ii.ct-stc.com:443 "GET /5/logos/empresas/2025/10/07/a2e74e8be11c4ac5b619181237315thumbnail.png HTTP/1.1" 200 7039
2026-09-27 13:36:51,166 DEBUG https://argentina.mimusjobs.com:443 "POST /wp-json/wp/v2/media HTTP/1.1" 201 None
2026-09-27 13:36:52,151 DEBUG https://argentina.mimusjobs.com:443 "POST /wp-json/wp/v2/job-listings HTTP/1.1" 201 None
2026-09-27 13:36:52,151 INFO ✅ Job posted: 'Cocinero/a - Producción y eventos' → WP ID 33638
2026-09-27 13:36:52,151 INFO ✅ SUCCESS — 'Cocinero/a - Producción y eventos' → WP ID=33638 🔗 https://argentina.mimusjobs.com/job/cocinero-a-produccion-y-eventos-5/
2026-09-27 13:36:53,151 INFO ── https://ar.computrabajo.com/empleos-en-capital-federal | page 2 | job 19/20: https://ar.computrabajo.com/ofertas-de-trabajo/oferta-de-trabajo-de-gestion-administrativa-de-internaciones-turno-tarde-en-recoleta-580541E0F825196C61373E686DCF3405
2026-09-27 13:36:53,204 DEBUG https://ar.computrabajo.com:443 "GET /ofertas-de-trabajo/oferta-de-trabajo-de-gestion-administrativa-de-internaciones-turno-tarde-en-recoleta-580541E0F825196C61373E686DCF3405 HTTP/1.1" 200 None
2026-09-27 13:36:53,207 DEBUG     GET https://ar.computrabajo.com/ofertas-de-trabajo/oferta-de-trabajo-de-gestion-administrativa-de-internaciones-turno-tarde-en-recoleta-580541E0F825196C61373E686DCF3405 → HTTP 200 (152,209 chars)
2026-09-27 13:36:53,233 WARNING No JobPosting JSON-LD found, using HTML fallback: https://ar.computrabajo.com/ofertas-de-trabajo/oferta-de-trabajo-de-gestion-administrativa-de-internaciones-turno-tarde-en-recoleta-580541E0F825196C61373E686DCF3405
2026-09-27 13:36:53,235 INFO     ┌─ SCRAPED JOB ─────────────────────────────────────────
    │ URL          : https://ar.computrabajo.com/ofertas-de-trabajo/oferta-de-trabajo-de-gestion-administrativa-de-internaciones-turno-tarde-en-recoleta-580541E0F825196C61373E686DCF3405
    │ Title        : Gestión administrativa de internaciones - Turno Tarde
    │ Company      : Importante empresa del sector
    │ Location     : Recoleta, Capital Federal
    │ Job type     : full-time
    │ Salary       : A convenir ARS
    │ Industry     : (none)
    │ Date posted  : (unknown)
    │ Deadline     : (estimated: )
    │ External ID  : (none)
    │ Description  : Gestión administrativa de internaciones: admisiones, asignación y control de camas, autorizaciones, identificación de pacientes, censos a financiadores, documentación y prefacturación, prórrogas, alta…
    └───────────────────────────────────────────────────────
2026-09-27 13:36:53,836 DEBUG https://argentina.mimusjobs.com:443 "GET /wp-json/wp/v2/companies?slug=importante-empresa-del-sector HTTP/1.1" 200 None
2026-09-27 13:36:53,837 INFO ⏭ Company exists: Importante empresa del sector
2026-09-27 13:36:54,520 DEBUG https://argentina.mimusjobs.com:443 "GET /wp-json/wp/v2/job-listings?slug=gesti-n-administrativa-de-internaciones---turno-tarde HTTP/1.1" 200 None
2026-09-27 13:36:55,142 DEBUG https://argentina.mimusjobs.com:443 "GET /wp-json/wp/v2/job_listing_region?slug=recoleta--capital-federal HTTP/1.1" 200 None
2026-09-27 13:36:56,697 DEBUG https://argentina.mimusjobs.com:443 "POST /wp-json/wp/v2/job-listings HTTP/1.1" 201 None
2026-09-27 13:36:56,700 INFO ✅ Job posted: 'Gestión administrativa de internaciones - Turno Tarde' → WP ID 33639
2026-09-27 13:36:56,700 INFO ✅ SUCCESS — 'Gestión administrativa de internaciones - Turno Tarde' → WP ID=33639 🔗 https://argentina.mimusjobs.com/job/gestion-administrativa-de-internaciones-turno-tarde-5/
2026-09-27 13:36:57,700 INFO ── https://ar.computrabajo.com/empleos-en-capital-federal | page 2 | job 20/20: https://ar.computrabajo.com/ofertas-de-trabajo/oferta-de-trabajo-de-gerente-de-desarrollo-de-negocios-empero-en-recoleta-C08296F323A5BAC561373E686DCF3405
2026-09-27 13:36:57,731 DEBUG https://ar.computrabajo.com:443 "GET /ofertas-de-trabajo/oferta-de-trabajo-de-gerente-de-desarrollo-de-negocios-empero-en-recoleta-C08296F323A5BAC561373E686DCF3405 HTTP/1.1" 200 None
2026-09-27 13:36:57,733 DEBUG     GET https://ar.computrabajo.com/ofertas-de-trabajo/oferta-de-trabajo-de-gerente-de-desarrollo-de-negocios-empero-en-recoleta-C08296F323A5BAC561373E686DCF3405 → HTTP 200 (161,859 chars)
2026-09-27 13:36:57,761 INFO     ┌─ SCRAPED JOB ─────────────────────────────────────────
    │ URL          : https://ar.computrabajo.com/ofertas-de-trabajo/oferta-de-trabajo-de-gerente-de-desarrollo-de-negocios-empero-en-recoleta-C08296F323A5BAC561373E686DCF3405
    │ Title        : Gerente de desarrollo de negocios - Empero
    │ Company      : ILQUOTIDIANO S.R.L.
    │ Location     : Recoleta, Capital Federal
    │ Job type     : full-time
    │ Salary       : 111111 ARS
    │ Industry     : Hostelería / Turismo
    │ Date posted  : 2026-08-26
    │ Deadline     : 2026-10-25
    │ External ID  : 410805707C162DE6
    │ Description  : EMPERO , equipamiento gastronómico premium para restaurantes y hotelería líneas de cocción, frío, elaboración, lavado y acero inoxidable, con alto potencial de desarrollo.
Buscamos incorporar un profe…
    └───────────────────────────────────────────────────────
2026-09-27 13:36:59,080 DEBUG https://argentina.mimusjobs.com:443 "GET /wp-json/wp/v2/companies?slug=ilquotidiano-s-r-l- HTTP/1.1" 200 None
2026-09-27 13:36:59,081 INFO ⏭ Company exists: ILQUOTIDIANO S.R.L.
2026-09-27 13:37:00,187 DEBUG https://argentina.mimusjobs.com:443 "GET /wp-json/wp/v2/job-listings?slug=gerente-de-desarrollo-de-negocios---empero HTTP/1.1" 200 None
2026-09-27 13:37:00,187 INFO ⏭ Job already on WP: Gerente de desarrollo de negocios - Empero
2026-09-27 13:37:00,187 INFO ✅ SUCCESS — 'Gerente de desarrollo de negocios - Empero' → WP ID=22234 🔗 https://argentina.mimusjobs.com/job/gerente-de-desarrollo-de-negocios-empero/
2026-09-27 13:37:01,188 INFO 📊 Running totals — posted: 40 | skipped: 0 | failed: 0
2026-09-27 13:37:01,188 INFO Fetching listing page 3: https://ar.computrabajo.com/empleos-en-capital-federal?p=3
2026-09-27 13:37:01,250 DEBUG https://ar.computrabajo.com:443 "GET /empleos-en-capital-federal?p=3 HTTP/1.1" 200 None
2026-09-27 13:37:01,256 DEBUG     GET https://ar.computrabajo.com/empleos-en-capital-federal?p=3 → HTTP 200 (329,592 chars)
2026-09-27 13:37:01,323 INFO Found 20 job URLs on page 3
2026-09-27 13:37:01,323 DEBUG     job 1: https://ar.computrabajo.com/ofertas-de-trabajo/oferta-de-trabajo-de-tecnico-electromecanico-junior-para-obras-y-o-mantenimiento-en-boedo-9D8F01B7C2B596FB61373E686DCF3405
2026-09-27 13:37:01,323 DEBUG     job 2: https://ar.computrabajo.com/ofertas-de-trabajo/oferta-de-trabajo-de-ejecutiva-de-ventas-vendedora-de-maquinas-para-la-gastronomia-en-caballito-E53D656C8203802261373E686DCF3405
2026-09-27 13:37:01,323 DEBUG     job 3: https://ar.computrabajo.com/ofertas-de-trabajo/oferta-de-trabajo-de-ejecutivo-de-ventas-b2b-part-time-zona-belgrano-caba-en-belgrano-475FDD2B4C038F2B61373E686DCF3405
2026-09-27 13:37:01,323 DEBUG     job 4: https://ar.computrabajo.com/ofertas-de-trabajo/oferta-de-trabajo-de-vendedor-oficial-peugeot-b-en-caballito-A175A5840EDC6C0761373E686DCF3405
2026-09-27 13:37:01,324 DEBUG     job 5: https://ar.computrabajo.com/ofertas-de-trabajo/oferta-de-trabajo-de-jefe-de-cocina-con-2-anos-minimo-de-experiencia-en-palermo-2A5D950794B9342561373E686DCF3405
2026-09-27 13:37:01,324 DEBUG     job 6: https://ar.computrabajo.com/ofertas-de-trabajo/oferta-de-trabajo-de-ayudante-de-cocina-turno-noche-en-villa-crespo-A85E8ED0D511CBB161373E686DCF3405
2026-09-27 13:37:01,324 DEBUG     job 7: https://ar.computrabajo.com/ofertas-de-trabajo/oferta-de-trabajo-de-fundraiser-para-captacion-de-socios-para-ong-techo-part-time-caba-en-belgrano-181417E6FE6D61DC61373E686DCF3405
2026-09-27 13:37:01,324 DEBUG     job 8: https://ar.computrabajo.com/ofertas-de-trabajo/oferta-de-trabajo-de-medico-a-domicilio-en-caba-en-recoleta-A144916EA359AE2B61373E686DCF3405
2026-09-27 13:37:01,324 DEBUG     job 9: https://ar.computrabajo.com/ofertas-de-trabajo/oferta-de-trabajo-de-operarios-de-produccion-rubro-plastico-zona-villa-lugano-caba-en-caballito-D328AB40AF168BBD61373E686DCF3405
2026-09-27 13:37:01,324 DEBUG     job 10: https://ar.computrabajo.com/ofertas-de-trabajo/oferta-de-trabajo-de-barista-para-cafeteria-en-colegiales-EAACABE8D235342F61373E686DCF3405
2026-09-27 13:37:01,324 DEBUG     job 11: https://ar.computrabajo.com/ofertas-de-trabajo/oferta-de-trabajo-de-gerente-de-local-gastronomico-en-recoleta-F8798AF69561EB9561373E686DCF3405
2026-09-27 13:37:01,324 DEBUG     job 12: https://ar.computrabajo.com/ofertas-de-trabajo/oferta-de-trabajo-de-asesores-comerciales-con-alta-fluidez-verbal-rubro-automotriz-en-san-nicolas-5F7483F540645CF261373E686DCF3405
2026-09-27 13:37:01,324 DEBUG     job 13: https://ar.computrabajo.com/ofertas-de-trabajo/oferta-de-trabajo-de-agente-de-televentas-b2c-telecomunicaciones-en-parque-patricios-C3C4C724269A803661373E686DCF3405
2026-09-27 13:37:01,324 DEBUG     job 14: https://ar.computrabajo.com/ofertas-de-trabajo/oferta-de-trabajo-de-ejecutivo-comercial-en-retiro-C9BE47B98E88AB5361373E686DCF3405
2026-09-27 13:37:01,324 DEBUG     job 15: https://ar.computrabajo.com/ofertas-de-trabajo/oferta-de-trabajo-de-supervisor-tecnico-integrado-diurno-emergencias-en-monserrat-13ECAB4A0C58E2AE61373E686DCF3405
2026-09-27 13:37:01,324 DEBUG     job 16: https://ar.computrabajo.com/ofertas-de-trabajo/oferta-de-trabajo-de-bartender-jefe-de-barra-en-caballito-E3DBE472E08CF2F961373E686DCF3405
2026-09-27 13:37:01,324 DEBUG     job 17: https://ar.computrabajo.com/ofertas-de-trabajo/oferta-de-trabajo-de-asesora-comercial-convencional-villa-devoto-concesionaria-chery-en-villa-devoto-C9A08090CC1F891961373E686DCF3405
2026-09-27 13:37:01,324 DEBUG     job 18: https://ar.computrabajo.com/ofertas-de-trabajo/oferta-de-trabajo-de-gerente-de-administracion-de-siniestros-en-san-nicolas-B8152263FF29977561373E686DCF3405
2026-09-27 13:37:01,324 DEBUG     job 19: https://ar.computrabajo.com/ofertas-de-trabajo/oferta-de-trabajo-de-buscamos-operador-telefonico-en-san-nicolas-E86980E822D4587161373E686DCF3405
2026-09-27 13:37:01,324 DEBUG     job 20: https://ar.computrabajo.com/ofertas-de-trabajo/oferta-de-trabajo-de-operario-canista-parque-patricios-caba-en-parque-patricios-5E97E78910AE3B4061373E686DCF3405
2026-09-27 13:37:01,324 INFO ── https://ar.computrabajo.com/empleos-en-capital-federal | page 3 | job 1/20: https://ar.computrabajo.com/ofertas-de-trabajo/oferta-de-trabajo-de-tecnico-electromecanico-junior-para-obras-y-o-mantenimiento-en-boedo-9D8F01B7C2B596FB61373E686DCF3405
2026-09-27 13:37:01,376 DEBUG https://ar.computrabajo.com:443 "GET /ofertas-de-trabajo/oferta-de-trabajo-de-tecnico-electromecanico-junior-para-obras-y-o-mantenimiento-en-boedo-9D8F01B7C2B596FB61373E686DCF3405 HTTP/1.1" 200 None
2026-09-27 13:37:01,378 DEBUG     GET https://ar.computrabajo.com/ofertas-de-trabajo/oferta-de-trabajo-de-tecnico-electromecanico-junior-para-obras-y-o-mantenimiento-en-boedo-9D8F01B7C2B596FB61373E686DCF3405 → HTTP 200 (153,191 chars)
2026-09-27 13:37:01,406 WARNING No JobPosting JSON-LD found, using HTML fallback: https://ar.computrabajo.com/ofertas-de-trabajo/oferta-de-trabajo-de-tecnico-electromecanico-junior-para-obras-y-o-mantenimiento-en-boedo-9D8F01B7C2B596FB61373E686DCF3405
2026-09-27 13:37:01,408 INFO     ┌─ SCRAPED JOB ─────────────────────────────────────────
    │ URL          : https://ar.computrabajo.com/ofertas-de-trabajo/oferta-de-trabajo-de-tecnico-electromecanico-junior-para-obras-y-o-mantenimiento-en-boedo-9D8F01B7C2B596FB61373E686DCF3405
    │ Title        : Técnico electromecánico Junior - para Obras y o Mantenimiento
    │ Company      : Importante empresa del sector
    │ Location     : Boedo, Capital Federal
    │ Job type     : full-time
    │ Salary       : A convenir ARS
    │ Industry     : (none)
    │ Date posted  : (unknown)
    │ Deadline     : (estimated: )
    │ External ID  : (none)
    │ Description  : Requerimos técnicos junior para cubrir distintas posiciones relacionadas con instalaciones y o mantenimiento de equipos de aire acondicionado. Tareas a desarrollar según puesto. La selección serà segú…
    └───────────────────────────────────────────────────────
2026-09-27 13:37:03,302 DEBUG https://argentina.mimusjobs.com:443 "GET /wp-json/wp/v2/companies?slug=importante-empresa-del-sector HTTP/1.1" 200 None
2026-09-27 13:37:03,303 INFO ⏭ Company exists: Importante empresa del sector
2026-09-27 13:37:03,870 DEBUG https://argentina.mimusjobs.com:443 "GET /wp-json/wp/v2/job-listings?slug=t-cnico-electromec-nico-junior---para-obras-y-o-mantenimiento HTTP/1.1" 200 None
2026-09-27 13:37:04,454 DEBUG https://argentina.mimusjobs.com:443 "GET /wp-json/wp/v2/job_listing_region?slug=boedo--capital-federal HTTP/1.1" 200 None
2026-09-27 13:37:06,068 DEBUG https://argentina.mimusjobs.com:443 "POST /wp-json/wp/v2/job-listings HTTP/1.1" 201 None
2026-09-27 13:37:06,071 INFO ✅ Job posted: 'Técnico electromecánico Junior - para Obras y o Mantenimiento' → WP ID 33640
2026-09-27 13:37:06,071 INFO ✅ SUCCESS — 'Técnico electromecánico Junior - para Obras y o Mantenimiento' → WP ID=33640 🔗 https://argentina.mimusjobs.com/job/tecnico-electromecanico-junior-para-obras-y-o-mantenimiento-4/
2026-09-27 13:37:07,071 INFO ── https://ar.computrabajo.com/empleos-en-capital-federal | page 3 | job 2/20: https://ar.computrabajo.com/ofertas-de-trabajo/oferta-de-trabajo-de-ejecutiva-de-ventas-vendedora-de-maquinas-para-la-gastronomia-en-caballito-E53D656C8203802261373E686DCF3405
2026-09-27 13:37:07,106 DEBUG https://ar.computrabajo.com:443 "GET /ofertas-de-trabajo/oferta-de-trabajo-de-ejecutiva-de-ventas-vendedora-de-maquinas-para-la-gastronomia-en-caballito-E53D656C8203802261373E686DCF3405 HTTP/1.1" 200 None
2026-09-27 13:37:07,109 DEBUG     GET https://ar.computrabajo.com/ofertas-de-trabajo/oferta-de-trabajo-de-ejecutiva-de-ventas-vendedora-de-maquinas-para-la-gastronomia-en-caballito-E53D656C8203802261373E686DCF3405 → HTTP 200 (163,892 chars)
2026-09-27 13:37:07,140 INFO     ┌─ SCRAPED JOB ─────────────────────────────────────────
    │ URL          : https://ar.computrabajo.com/ofertas-de-trabajo/oferta-de-trabajo-de-ejecutiva-de-ventas-vendedora-de-maquinas-para-la-gastronomia-en-caballito-E53D656C8203802261373E686DCF3405
    │ Title        : Ejecutiva de Ventas - Vendedora de maquinas para la gastronomía
    │ Company      : INDUSTRIAS INNOVA SA
    │ Location     : Caballito, Capital Federal
    │ Job type     : full-time
    │ Salary       : (not listed)
    │ Industry     : Venta al consumidor
    │ Date posted  : 2026-08-18
    │ Deadline     : 2026-10-17
    │ External ID  : E50CBDB33D89996C
    │ Description  : Importante Empresa y Fabrica de Maquinas Gastronómicas , necesita vendedora de excelente presencia , para hacer negocios y ventas con clientes importantes de todo el país. Requisitos: Edad de 19 a 40 …
    └───────────────────────────────────────────────────────
2026-09-27 13:37:08,293 DEBUG https://argentina.mimusjobs.com:443 "GET /wp-json/wp/v2/companies?slug=industrias-innova-sa HTTP/1.1" 200 None
2026-09-27 13:37:08,293 INFO ⏭ Company exists: INDUSTRIAS INNOVA SA
2026-09-27 13:37:08,903 DEBUG https://argentina.mimusjobs.com:443 "GET /wp-json/wp/v2/job-listings?slug=ejecutiva-de-ventas---vendedora-de-maquinas-para-la-gastronom-a HTTP/1.1" 200 None
2026-09-27 13:37:09,749 DEBUG https://argentina.mimusjobs.com:443 "GET /wp-json/wp/v2/job_listing_region?slug=caballito--capital-federal HTTP/1.1" 200 None
2026-09-27 13:37:11,956 DEBUG https://argentina.mimusjobs.com:443 "POST /wp-json/wp/v2/job-listings HTTP/1.1" 201 None
2026-09-27 13:37:11,956 INFO ✅ Job posted: 'Ejecutiva de Ventas - Vendedora de maquinas para la gastronomía' → WP ID 33641
2026-09-27 13:37:11,957 INFO ✅ SUCCESS — 'Ejecutiva de Ventas - Vendedora de maquinas para la gastronomía' → WP ID=33641 🔗 https://argentina.mimusjobs.com/job/ejecutiva-de-ventas-vendedora-de-maquinas-para-la-gastronomia-4/
2026-09-27 13:37:12,957 INFO ── https://ar.computrabajo.com/empleos-en-capital-federal | page 3 | job 3/20: https://ar.computrabajo.com/ofertas-de-trabajo/oferta-de-trabajo-de-ejecutivo-de-ventas-b2b-part-time-zona-belgrano-caba-en-belgrano-475FDD2B4C038F2B61373E686DCF3405
2026-09-27 13:37:12,987 DEBUG https://ar.computrabajo.com:443 "GET /ofertas-de-trabajo/oferta-de-trabajo-de-ejecutivo-de-ventas-b2b-part-time-zona-belgrano-caba-en-belgrano-475FDD2B4C038F2B61373E686DCF3405 HTTP/1.1" 200 None
2026-09-27 13:37:12,990 DEBUG     GET https://ar.computrabajo.com/ofertas-de-trabajo/oferta-de-trabajo-de-ejecutivo-de-ventas-b2b-part-time-zona-belgrano-caba-en-belgrano-475FDD2B4C038F2B61373E686DCF3405 → HTTP 200 (175,866 chars)
2026-09-27 13:37:13,052 INFO     ┌─ SCRAPED JOB ─────────────────────────────────────────
    │ URL          : https://ar.computrabajo.com/ofertas-de-trabajo/oferta-de-trabajo-de-ejecutivo-de-ventas-b2b-part-time-zona-belgrano-caba-en-belgrano-475FDD2B4C038F2B61373E686DCF3405
    │ Title        : Ejecutivo de Ventas B2B Part Time - Zona Belgrano CABA
    │ Company      : Link Solution
    │ Location     : Belgrano, Capital Federal
    │ Job type     : temporary
    │ Salary       : (not listed)
    │ Industry     : Informática / Software
    │ Date posted  : 2026-09-03
    │ Deadline     : 2026-11-02
    │ External ID  : 1E3D4AC86EB596B4
    │ Description  : Nos encontramos en la búsqueda de un/a Ejecutivo/a de Ventas B2B con perfil comercial, excelente comunicación y experiencia en gestiones outbound.
Si te motiva el contacto con potenciales clientes, la…
    └───────────────────────────────────────────────────────
2026-09-27 13:37:13,974 DEBUG https://argentina.mimusjobs.com:443 "GET /wp-json/wp/v2/companies?slug=link-solution HTTP/1.1" 200 None
2026-09-27 13:37:13,974 INFO ⏭ Company exists: Link Solution
2026-09-27 13:37:14,790 DEBUG https://argentina.mimusjobs.com:443 "GET /wp-json/wp/v2/job-listings?slug=ejecutivo-de-ventas-b2b-part-time---zona-belgrano-caba HTTP/1.1" 200 None
2026-09-27 13:37:14,791 INFO ⏭ Job already on WP: Ejecutivo de Ventas B2B Part Time - Zona Belgrano CABA
2026-09-27 13:37:14,791 INFO ✅ SUCCESS — 'Ejecutivo de Ventas B2B Part Time - Zona Belgrano CABA' → WP ID=22237 🔗 https://argentina.mimusjobs.com/job/ejecutivo-de-ventas-b2b-part-time-zona-belgrano-caba/
2026-09-27 13:37:15,791 INFO ── https://ar.computrabajo.com/empleos-en-capital-federal | page 3 | job 4/20: https://ar.computrabajo.com/ofertas-de-trabajo/oferta-de-trabajo-de-vendedor-oficial-peugeot-b-en-caballito-A175A5840EDC6C0761373E686DCF3405
2026-09-27 13:37:15,835 DEBUG https://ar.computrabajo.com:443 "GET /ofertas-de-trabajo/oferta-de-trabajo-de-vendedor-oficial-peugeot-b-en-caballito-A175A5840EDC6C0761373E686DCF3405 HTTP/1.1" 200 None
2026-09-27 13:37:15,838 DEBUG     GET https://ar.computrabajo.com/ofertas-de-trabajo/oferta-de-trabajo-de-vendedor-oficial-peugeot-b-en-caballito-A175A5840EDC6C0761373E686DCF3405 → HTTP 200 (161,275 chars)
2026-09-27 13:37:15,867 INFO     ┌─ SCRAPED JOB ─────────────────────────────────────────
    │ URL          : https://ar.computrabajo.com/ofertas-de-trabajo/oferta-de-trabajo-de-vendedor-oficial-peugeot-b-en-caballito-A175A5840EDC6C0761373E686DCF3405
    │ Title        : Vendedor Oficial Peugeot B
    │ Company      : NEXO AUTOMOTRIZ S.R.L
    │ Location     : Caballito, Capital Federal
    │ Job type     : full-time
    │ Salary       : 970000 ARS
    │ Industry     : Venta al consumidor
    │ Date posted  : 2026-09-03
    │ Deadline     : 2026-11-02
    │ External ID  : 5F70A1C9160163DF
    │ Description  : Importante concesionario oficial Peugeot, incorpora personal.
Nos orientamos a perfiles proactivos, con actitud positiva y ganas de desarrollarse en una empresa líder en el rubro.
Responsabilidades pr…
    └───────────────────────────────────────────────────────
2026-09-27 13:37:16,829 DEBUG https://argentina.mimusjobs.com:443 "GET /wp-json/wp/v2/companies?slug=nexo-automotriz-s-r-l HTTP/1.1" 200 None
2026-09-27 13:37:16,830 INFO ⏭ Company exists: NEXO AUTOMOTRIZ S.R.L
2026-09-27 13:37:17,702 DEBUG https://argentina.mimusjobs.com:443 "GET /wp-json/wp/v2/job-listings?slug=vendedor-oficial-peugeot-b HTTP/1.1" 200 None
2026-09-27 13:37:17,703 INFO ⏭ Job already on WP: Vendedor Oficial Peugeot B
2026-09-27 13:37:17,703 INFO ✅ SUCCESS — 'Vendedor Oficial Peugeot B' → WP ID=22252 🔗 https://argentina.mimusjobs.com/job/vendedor-oficial-peugeot-b/
2026-09-27 13:37:18,704 INFO ── https://ar.computrabajo.com/empleos-en-capital-federal | page 3 | job 5/20: https://ar.computrabajo.com/ofertas-de-trabajo/oferta-de-trabajo-de-jefe-de-cocina-con-2-anos-minimo-de-experiencia-en-palermo-2A5D950794B9342561373E686DCF3405
2026-09-27 13:37:18,744 DEBUG https://ar.computrabajo.com:443 "GET /ofertas-de-trabajo/oferta-de-trabajo-de-jefe-de-cocina-con-2-anos-minimo-de-experiencia-en-palermo-2A5D950794B9342561373E686DCF3405 HTTP/1.1" 200 None
2026-09-27 13:37:18,746 DEBUG     GET https://ar.computrabajo.com/ofertas-de-trabajo/oferta-de-trabajo-de-jefe-de-cocina-con-2-anos-minimo-de-experiencia-en-palermo-2A5D950794B9342561373E686DCF3405 → HTTP 200 (161,673 chars)
2026-09-27 13:37:18,776 INFO     ┌─ SCRAPED JOB ─────────────────────────────────────────
    │ URL          : https://ar.computrabajo.com/ofertas-de-trabajo/oferta-de-trabajo-de-jefe-de-cocina-con-2-anos-minimo-de-experiencia-en-palermo-2A5D950794B9342561373E686DCF3405
    │ Title        : Jefe de Cocina - Con 2 años Minimo de Experiencia
    │ Company      : Garibaldi Restaurante
    │ Location     : Palermo, Capital Federal
    │ Job type     : full-time
    │ Salary       : (not listed)
    │ Industry     : Hostelería / Turismo
    │ Date posted  : 2026-08-10
    │ Deadline     : 2026-10-09
    │ External ID  : 0D5FE27863D3B9D5
    │ Description  : Buscamos Jefe de Cocina/a con amplia experiencia en despacho. La búsqueda se orienta a personas entre 30/45 años con título gastronómico terciario y amplia disponibilidad horaria, con amplia experienc…
    └───────────────────────────────────────────────────────
2026-09-27 13:37:19,651 DEBUG https://argentina.mimusjobs.com:443 "GET /wp-json/wp/v2/companies?slug=garibaldi-restaurante HTTP/1.1" 200 None
2026-09-27 13:37:19,652 INFO ⏭ Company exists: Garibaldi Restaurante
2026-09-27 13:37:20,509 DEBUG https://argentina.mimusjobs.com:443 "GET /wp-json/wp/v2/job-listings?slug=jefe-de-cocina---con-2-a-os-minimo-de-experiencia HTTP/1.1" 200 None
2026-09-27 13:37:20,516 DEBUG https://ii.ct-stc.com:443 "GET /5/logos/empresas/2023/01/08/garibaldi-restaurante-0D5FE27863D3B9D5220012thumbnail.jpeg HTTP/1.1" 200 41617
2026-09-27 13:37:22,557 DEBUG https://argentina.mimusjobs.com:443 "POST /wp-json/wp/v2/media HTTP/1.1" 201 None
2026-09-27 13:37:23,807 DEBUG https://argentina.mimusjobs.com:443 "POST /wp-json/wp/v2/job-listings HTTP/1.1" 201 None
2026-09-27 13:37:23,808 INFO ✅ Job posted: 'Jefe de Cocina - Con 2 años Minimo de Experiencia' → WP ID 33643
2026-09-27 13:37:23,808 INFO ✅ SUCCESS — 'Jefe de Cocina - Con 2 años Minimo de Experiencia' → WP ID=33643 🔗 https://argentina.mimusjobs.com/job/jefe-de-cocina-con-2-anos-minimo-de-experiencia-5/
2026-09-27 13:37:24,808 INFO ── https://ar.computrabajo.com/empleos-en-capital-federal | page 3 | job 6/20: https://ar.computrabajo.com/ofertas-de-trabajo/oferta-de-trabajo-de-ayudante-de-cocina-turno-noche-en-villa-crespo-A85E8ED0D511CBB161373E686DCF3405
2026-09-27 13:37:24,857 DEBUG https://ar.computrabajo.com:443 "GET /ofertas-de-trabajo/oferta-de-trabajo-de-ayudante-de-cocina-turno-noche-en-villa-crespo-A85E8ED0D511CBB161373E686DCF3405 HTTP/1.1" 200 None
2026-09-27 13:37:24,860 DEBUG     GET https://ar.computrabajo.com/ofertas-de-trabajo/oferta-de-trabajo-de-ayudante-de-cocina-turno-noche-en-villa-crespo-A85E8ED0D511CBB161373E686DCF3405 → HTTP 200 (158,960 chars)
2026-09-27 13:37:24,888 INFO     ┌─ SCRAPED JOB ─────────────────────────────────────────
    │ URL          : https://ar.computrabajo.com/ofertas-de-trabajo/oferta-de-trabajo-de-ayudante-de-cocina-turno-noche-en-villa-crespo-A85E8ED0D511CBB161373E686DCF3405
    │ Title        : ayudante de cocina - Turno noche
    │ Company      : Chebonche
    │ Location     : Villa Crespo, Capital Federal
    │ Job type     : full-time
    │ Salary       : 850000 ARS
    │ Industry     : Venta al consumidor
    │ Date posted  : 2026-08-10
    │ Deadline     : 2026-10-09
    │ External ID  : BBD3552B00317441
    │ Description  : Zona: Villa Crespo (CABA) Turno: Noche Puesto: PLANCHERO/AYUDANTE DE COCINA Responsabilidades: - Montar platos según indicaciones. - Mantener limpieza y orden en su área. - Almacenar insumos correctam…
    └───────────────────────────────────────────────────────
2026-09-27 13:37:25,731 DEBUG https://argentina.mimusjobs.com:443 "GET /wp-json/wp/v2/companies?slug=chebonche HTTP/1.1" 200 None
2026-09-27 13:37:25,731 INFO ⏭ Company exists: Chebonche
2026-09-27 13:37:26,417 DEBUG https://argentina.mimusjobs.com:443 "GET /wp-json/wp/v2/job-listings?slug=ayudante-de-cocina---turno-noche HTTP/1.1" 200 None
2026-09-27 13:37:26,417 INFO ⏭ Job already on WP: ayudante de cocina - Turno noche
2026-09-27 13:37:26,418 INFO ✅ SUCCESS — 'ayudante de cocina - Turno noche' → WP ID=20877 🔗 https://argentina.mimusjobs.com/job/ayudante-de-cocina-turno-noche/
2026-09-27 13:37:27,418 INFO ── https://ar.computrabajo.com/empleos-en-capital-federal | page 3 | job 7/20: https://ar.computrabajo.com/ofertas-de-trabajo/oferta-de-trabajo-de-fundraiser-para-captacion-de-socios-para-ong-techo-part-time-caba-en-belgrano-181417E6FE6D61DC61373E686DCF3405
2026-09-27 13:37:27,475 DEBUG https://ar.computrabajo.com:443 "GET /ofertas-de-trabajo/oferta-de-trabajo-de-fundraiser-para-captacion-de-socios-para-ong-techo-part-time-caba-en-belgrano-181417E6FE6D61DC61373E686DCF3405 HTTP/1.1" 200 None
2026-09-27 13:37:27,477 DEBUG     GET https://ar.computrabajo.com/ofertas-de-trabajo/oferta-de-trabajo-de-fundraiser-para-captacion-de-socios-para-ong-techo-part-time-caba-en-belgrano-181417E6FE6D61DC61373E686DCF3405 → HTTP 200 (168,112 chars)
2026-09-27 13:37:27,508 INFO     ┌─ SCRAPED JOB ─────────────────────────────────────────
    │ URL          : https://ar.computrabajo.com/ofertas-de-trabajo/oferta-de-trabajo-de-fundraiser-para-captacion-de-socios-para-ong-techo-part-time-caba-en-belgrano-181417E6FE6D61DC61373E686DCF3405
    │ Title        : Fundraiser para Captación de socios para ONG Techo - Part time, Caba
    │ Company      : Yakú Consultora
    │ Location     : Belgrano, Capital Federal
    │ Job type     : temporary
    │ Salary       : (not listed)
    │ Industry     : RRHH / Personal
    │ Date posted  : 2026-08-13
    │ Deadline     : 2026-10-12
    │ External ID  : ED500CC85521E0C3
    │ Description  : ¡Súmate a TECHO y convertite en parte del cambio!
En Yakú, junto a TECHO, estamos buscando personas con energía, compromiso y ganas de generar un impacto real.
Si disfrutas hablar con personas, te mot…
    └───────────────────────────────────────────────────────
2026-09-27 13:37:28,899 DEBUG https://argentina.mimusjobs.com:443 "GET /wp-json/wp/v2/companies?slug=yak--consultora HTTP/1.1" 200 None
2026-09-27 13:37:28,907 DEBUG https://ii.ct-stc.com:443 "GET /5/logos/empresas/2022/04/21/9dea5ad1169f40bd804e130548892thumbnail.png HTTP/1.1" 200 4292
2026-09-27 13:37:30,512 DEBUG https://argentina.mimusjobs.com:443 "POST /wp-json/wp/v2/media HTTP/1.1" 201 None
2026-09-27 13:37:31,846 DEBUG https://argentina.mimusjobs.com:443 "POST /wp-json/wp/v2/companies HTTP/1.1" 201 None
2026-09-27 13:37:31,848 INFO ✅ Company posted: Yakú Consultora → ID 33645
2026-09-27 13:37:32,758 DEBUG https://argentina.mimusjobs.com:443 "GET /wp-json/wp/v2/job-listings?slug=fundraiser-para-captaci-n-de-socios-para-ong-techo---part-time--caba HTTP/1.1" 200 None
2026-09-27 13:37:32,763 DEBUG https://ii.ct-stc.com:443 "GET /5/logos/empresas/2022/04/21/9dea5ad1169f40bd804e130548892thumbnail.png HTTP/1.1" 200 4292
2026-09-27 13:37:34,394 DEBUG https://argentina.mimusjobs.com:443 "POST /wp-json/wp/v2/media HTTP/1.1" 201 None
2026-09-27 13:37:35,500 DEBUG https://argentina.mimusjobs.com:443 "GET /wp-json/wp/v2/job_listing_region?slug=belgrano--capital-federal HTTP/1.1" 200 None
2026-09-27 13:37:36,415 DEBUG https://argentina.mimusjobs.com:443 "POST /wp-json/wp/v2/job-listings HTTP/1.1" 201 None
2026-09-27 13:37:36,415 INFO ✅ Job posted: 'Fundraiser para Captación de socios para ONG Techo - Part time, Caba' → WP ID 33647
2026-09-27 13:37:36,416 INFO ✅ SUCCESS — 'Fundraiser para Captación de socios para ONG Techo - Part time, Caba' → WP ID=33647 🔗 https://argentina.mimusjobs.com/job/fundraiser-para-captacion-de-socios-para-ong-techo-part-time-caba-4/
2026-09-27 13:37:37,416 INFO ── https://ar.computrabajo.com/empleos-en-capital-federal | page 3 | job 8/20: https://ar.computrabajo.com/ofertas-de-trabajo/oferta-de-trabajo-de-medico-a-domicilio-en-caba-en-recoleta-A144916EA359AE2B61373E686DCF3405
2026-09-27 13:37:37,481 DEBUG https://ar.computrabajo.com:443 "GET /ofertas-de-trabajo/oferta-de-trabajo-de-medico-a-domicilio-en-caba-en-recoleta-A144916EA359AE2B61373E686DCF3405 HTTP/1.1" 200 None
2026-09-27 13:37:37,484 DEBUG     GET https://ar.computrabajo.com/ofertas-de-trabajo/oferta-de-trabajo-de-medico-a-domicilio-en-caba-en-recoleta-A144916EA359AE2B61373E686DCF3405 → HTTP 200 (169,781 chars)
2026-09-27 13:37:37,516 INFO     ┌─ SCRAPED JOB ─────────────────────────────────────────
    │ URL          : https://ar.computrabajo.com/ofertas-de-trabajo/oferta-de-trabajo-de-medico-a-domicilio-en-caba-en-recoleta-A144916EA359AE2B61373E686DCF3405
    │ Title        : Medico - a Domicilio en CABA
    │ Company      : Integrar Cuidados srl
    │ Location     : Recoleta, Capital Federal
    │ Job type     : temporary
    │ Salary       : 40000 ARS
    │ Industry     : Salud / Medicina
    │ Date posted  : 2026-08-18
    │ Deadline     : 2026-10-17
    │ External ID  : 2C72B4E7BC4A3B4F
    │ Description  : INTEGRAR CUIDADOS SRL es una Empresa de Internación Medica y Cuidados Domiciliarios que reside en CABA desde hace 5 años y hoy se encuentra en búsqueda de Médicos para seguimiento, control y evaluació…
    └───────────────────────────────────────────────────────
2026-09-27 13:37:38,845 DEBUG https://argentina.mimusjobs.com:443 "GET /wp-json/wp/v2/companies?slug=integrar-cuidados-srl HTTP/1.1" 200 None
2026-09-27 13:37:38,846 INFO ⏭ Company exists: Integrar Cuidados srl
2026-09-27 13:37:39,601 DEBUG https://argentina.mimusjobs.com:443 "GET /wp-json/wp/v2/job-listings?slug=medico---a-domicilio-en-caba HTTP/1.1" 200 None
2026-09-27 13:37:39,601 INFO ⏭ Job already on WP: Medico - a Domicilio en CABA
2026-09-27 13:37:39,601 INFO ✅ SUCCESS — 'Medico - a Domicilio en CABA' → WP ID=26627 🔗 https://argentina.mimusjobs.com/job/medico-a-domicilio-en-caba/
2026-09-27 13:37:40,602 INFO ── https://ar.computrabajo.com/empleos-en-capital-federal | page 3 | job 9/20: https://ar.computrabajo.com/ofertas-de-trabajo/oferta-de-trabajo-de-operarios-de-produccion-rubro-plastico-zona-villa-lugano-caba-en-caballito-D328AB40AF168BBD61373E686DCF3405
2026-09-27 13:37:40,652 DEBUG https://ar.computrabajo.com:443 "GET /ofertas-de-trabajo/oferta-de-trabajo-de-operarios-de-produccion-rubro-plastico-zona-villa-lugano-caba-en-caballito-D328AB40AF168BBD61373E686DCF3405 HTTP/1.1" 200 None
2026-09-27 13:37:40,655 DEBUG     GET https://ar.computrabajo.com/ofertas-de-trabajo/oferta-de-trabajo-de-operarios-de-produccion-rubro-plastico-zona-villa-lugano-caba-en-caballito-D328AB40AF168BBD61373E686DCF3405 → HTTP 200 (159,020 chars)
2026-09-27 13:37:40,683 INFO     ┌─ SCRAPED JOB ─────────────────────────────────────────
    │ URL          : https://ar.computrabajo.com/ofertas-de-trabajo/oferta-de-trabajo-de-operarios-de-produccion-rubro-plastico-zona-villa-lugano-caba-en-caballito-D328AB40AF168BBD61373E686DCF3405
    │ Title        : Operarios de Producción rubro Plástico
    │ Company      : EstrategiaRRHH
    │ Location     : Villa Lugano, Capital Federal
    │ Job type     : full-time
    │ Salary       : (not listed)
    │ Industry     : RRHH / Personal
    │ Date posted  : 2026-08-18
    │ Deadline     : 2026-10-17
    │ External ID  : 62D76F3A1F493C1D
    │ Description  : Empresa rubro Plástico ubicada en la zona de Villa Lugano, CABA busca 2 operarios de producción Requisitos: Secundario completo Experiencia producción, en rubro plástico. Se valorará experiencia en Te…
    └───────────────────────────────────────────────────────
2026-09-27 13:37:41,865 DEBUG https://argentina.mimusjobs.com:443 "GET /wp-json/wp/v2/companies?slug=estrategiarrhh HTTP/1.1" 200 None
2026-09-27 13:37:41,865 INFO ⏭ Company exists: EstrategiaRRHH
2026-09-27 13:37:42,713 DEBUG https://argentina.mimusjobs.com:443 "GET /wp-json/wp/v2/job-listings?slug=operarios-de-producci-n-rubro-pl-stico HTTP/1.1" 200 None
2026-09-27 13:37:42,721 DEBUG https://ii.ct-stc.com:443 "GET /5/logos/empresas/2024/04/18//estrategiarrhh164745thumbnail.jpeg HTTP/1.1" 200 11702
2026-09-27 13:37:45,373 DEBUG https://argentina.mimusjobs.com:443 "POST /wp-json/wp/v2/media HTTP/1.1" 201 None
2026-09-27 13:37:46,572 DEBUG https://argentina.mimusjobs.com:443 "GET /wp-json/wp/v2/job_listing_region?slug=villa-lugano--capital-federal HTTP/1.1" 200 None
2026-09-27 13:37:48,987 DEBUG https://argentina.mimusjobs.com:443 "POST /wp-json/wp/v2/job-listings HTTP/1.1" 201 None
2026-09-27 13:37:48,987 INFO ✅ Job posted: 'Operarios de Producción rubro Plástico' → WP ID 33649
2026-09-27 13:37:48,987 INFO ✅ SUCCESS — 'Operarios de Producción rubro Plástico' → WP ID=33649 🔗 https://argentina.mimusjobs.com/job/operarios-de-produccion-rubro-plastico-4/
2026-09-27 13:37:49,987 INFO ── https://ar.computrabajo.com/empleos-en-capital-federal | page 3 | job 10/20: https://ar.computrabajo.com/ofertas-de-trabajo/oferta-de-trabajo-de-barista-para-cafeteria-en-colegiales-EAACABE8D235342F61373E686DCF3405
2026-09-27 13:37:50,054 DEBUG https://ar.computrabajo.com:443 "GET /ofertas-de-trabajo/oferta-de-trabajo-de-barista-para-cafeteria-en-colegiales-EAACABE8D235342F61373E686DCF3405 HTTP/1.1" 200 None
2026-09-27 13:37:50,056 DEBUG     GET https://ar.computrabajo.com/ofertas-de-trabajo/oferta-de-trabajo-de-barista-para-cafeteria-en-colegiales-EAACABE8D235342F61373E686DCF3405 → HTTP 200 (150,086 chars)
2026-09-27 13:37:50,083 WARNING No JobPosting JSON-LD found, using HTML fallback: https://ar.computrabajo.com/ofertas-de-trabajo/oferta-de-trabajo-de-barista-para-cafeteria-en-colegiales-EAACABE8D235342F61373E686DCF3405
2026-09-27 13:37:50,084 INFO     ┌─ SCRAPED JOB ─────────────────────────────────────────
    │ URL          : https://ar.computrabajo.com/ofertas-de-trabajo/oferta-de-trabajo-de-barista-para-cafeteria-en-colegiales-EAACABE8D235342F61373E686DCF3405
    │ Title        : Barista para Cafetería
    │ Company      : Importante empresa del sector
    │ Location     : Colegiales, Capital Federal
    │ Job type     : full-time
    │ Salary       : A convenir ARS
    │ Industry     : (none)
    │ Date posted  : (unknown)
    │ Deadline     : (estimated: )
    │ External ID  : (none)
    │ Description  : Se busca un Barista para cadena de cafetería Forno1977 - Nuñez, Colegiales, Vicente Lopez, Palermo, San Fernando.
Funciones
Preparar y servir cafés y bebidas calientes de alta calidad.
Mantener el áre…
    └───────────────────────────────────────────────────────
2026-09-27 13:37:51,214 DEBUG https://argentina.mimusjobs.com:443 "GET /wp-json/wp/v2/companies?slug=importante-empresa-del-sector HTTP/1.1" 200 None
2026-09-27 13:37:51,214 INFO ⏭ Company exists: Importante empresa del sector
2026-09-27 13:37:52,846 DEBUG https://argentina.mimusjobs.com:443 "GET /wp-json/wp/v2/job-listings?slug=barista-para-cafeter-a HTTP/1.1" 200 None
2026-09-27 13:37:53,616 DEBUG https://argentina.mimusjobs.com:443 "GET /wp-json/wp/v2/job_listing_region?slug=colegiales--capital-federal HTTP/1.1" 200 None
2026-09-27 13:37:54,602 DEBUG https://argentina.mimusjobs.com:443 "POST /wp-json/wp/v2/job-listings HTTP/1.1" 201 None
2026-09-27 13:37:54,602 INFO ✅ Job posted: 'Barista para Cafetería' → WP ID 33650
2026-09-27 13:37:54,603 INFO ✅ SUCCESS — 'Barista para Cafetería' → WP ID=33650 🔗 https://argentina.mimusjobs.com/job/barista-para-cafeteria-7/
2026-09-27 13:37:55,603 INFO ── https://ar.computrabajo.com/empleos-en-capital-federal | page 3 | job 11/20: https://ar.computrabajo.com/ofertas-de-trabajo/oferta-de-trabajo-de-gerente-de-local-gastronomico-en-recoleta-F8798AF69561EB9561373E686DCF3405
2026-09-27 13:37:55,645 DEBUG https://ar.computrabajo.com:443 "GET /ofertas-de-trabajo/oferta-de-trabajo-de-gerente-de-local-gastronomico-en-recoleta-F8798AF69561EB9561373E686DCF3405 HTTP/1.1" 200 None
2026-09-27 13:37:55,648 DEBUG     GET https://ar.computrabajo.com/ofertas-de-trabajo/oferta-de-trabajo-de-gerente-de-local-gastronomico-en-recoleta-F8798AF69561EB9561373E686DCF3405 → HTTP 200 (158,495 chars)
2026-09-27 13:37:55,676 INFO     ┌─ SCRAPED JOB ─────────────────────────────────────────
    │ URL          : https://ar.computrabajo.com/ofertas-de-trabajo/oferta-de-trabajo-de-gerente-de-local-gastronomico-en-recoleta-F8798AF69561EB9561373E686DCF3405
    │ Title        : Gerente de local - Gastronómico
    │ Company      : Tienda de Cafe RRHH
    │ Location     : Recoleta, Capital Federal
    │ Job type     : full-time
    │ Salary       : (not listed)
    │ Industry     : Venta al consumidor
    │ Date posted  : 2026-09-11
    │ Deadline     : 2026-11-10
    │ External ID  : 67726E87A4996AE8
    │ Description  : Importante cadena gastronómica incorpora Gerente de Local para zona de CABA
La posición tendrá a su cargo la administración general del local, la gestión de costos, inventarios, el manejo del personal…
    └───────────────────────────────────────────────────────
2026-09-27 13:37:56,545 DEBUG https://argentina.mimusjobs.com:443 "GET /wp-json/wp/v2/companies?slug=tienda-de-cafe-rrhh HTTP/1.1" 200 None
2026-09-27 13:37:56,545 INFO ⏭ Company exists: Tienda de Cafe RRHH
2026-09-27 13:37:57,283 DEBUG https://argentina.mimusjobs.com:443 "GET /wp-json/wp/v2/job-listings?slug=gerente-de-local---gastron-mico HTTP/1.1" 200 None
2026-09-27 13:37:58,837 DEBUG https://argentina.mimusjobs.com:443 "POST /wp-json/wp/v2/job-listings HTTP/1.1" 201 None
2026-09-27 13:37:58,837 INFO ✅ Job posted: 'Gerente de local - Gastronómico' → WP ID 33651
2026-09-27 13:37:58,837 INFO ✅ SUCCESS — 'Gerente de local - Gastronómico' → WP ID=33651 🔗 https://argentina.mimusjobs.com/job/gerente-de-local-gastronomico-4/
2026-09-27 13:37:59,838 INFO ── https://ar.computrabajo.com/empleos-en-capital-federal | page 3 | job 12/20: https://ar.computrabajo.com/ofertas-de-trabajo/oferta-de-trabajo-de-asesores-comerciales-con-alta-fluidez-verbal-rubro-automotriz-en-san-nicolas-5F7483F540645CF261373E686DCF3405
2026-09-27 13:37:59,889 DEBUG https://ar.computrabajo.com:443 "GET /ofertas-de-trabajo/oferta-de-trabajo-de-asesores-comerciales-con-alta-fluidez-verbal-rubro-automotriz-en-san-nicolas-5F7483F540645CF261373E686DCF3405 HTTP/1.1" 200 None
2026-09-27 13:37:59,892 DEBUG     GET https://ar.computrabajo.com/ofertas-de-trabajo/oferta-de-trabajo-de-asesores-comerciales-con-alta-fluidez-verbal-rubro-automotriz-en-san-nicolas-5F7483F540645CF261373E686DCF3405 → HTTP 200 (164,581 chars)
2026-09-27 13:37:59,921 INFO     ┌─ SCRAPED JOB ─────────────────────────────────────────
    │ URL          : https://ar.computrabajo.com/ofertas-de-trabajo/oferta-de-trabajo-de-asesores-comerciales-con-alta-fluidez-verbal-rubro-automotriz-en-san-nicolas-5F7483F540645CF261373E686DCF3405
    │ Title        : Asesores Comerciales con Alta Fluidez Verbal: - Rubro Automotriz
    │ Company      : EAGLES
    │ Location     : San Nicolás, Capital Federal
    │ Job type     : full-time
    │ Salary       : 900000 ARS
    │ Industry     : Venta al consumidor
    │ Date posted  : 2026-08-10
    │ Deadline     : 2026-10-09
    │ External ID  : 3FA18F68260709BF
    │ Description  : ¿Sos de esas personas que no pueden parar de hablar, que conectan al instante con cualquiera y tienen una capacidad natural para persuadir? En nuestro equipo comercial del sector automotriz en San Nic…
    └───────────────────────────────────────────────────────
2026-09-27 13:38:00,747 DEBUG https://argentina.mimusjobs.com:443 "GET /wp-json/wp/v2/companies?slug=eagles HTTP/1.1" 200 None
2026-09-27 13:38:00,748 INFO ⏭ Company exists: EAGLES
2026-09-27 13:38:01,620 DEBUG https://argentina.mimusjobs.com:443 "GET /wp-json/wp/v2/job-listings?slug=asesores-comerciales-con-alta-fluidez-verbal----rubro-automotriz HTTP/1.1" 200 None
2026-09-27 13:38:01,620 INFO ⏭ Job already on WP: Asesores Comerciales con Alta Fluidez Verbal: - Rubro Automotriz
2026-09-27 13:38:01,621 INFO ✅ SUCCESS — 'Asesores Comerciales con Alta Fluidez Verbal: - Rubro Automotriz' → WP ID=22251 🔗 https://argentina.mimusjobs.com/job/asesores-comerciales-con-alta-fluidez-verbal-rubro-automotriz/
2026-09-27 13:38:02,621 INFO ── https://ar.computrabajo.com/empleos-en-capital-federal | page 3 | job 13/20: https://ar.computrabajo.com/ofertas-de-trabajo/oferta-de-trabajo-de-agente-de-televentas-b2c-telecomunicaciones-en-parque-patricios-C3C4C724269A803661373E686DCF3405
2026-09-27 13:38:02,683 DEBUG https://ar.computrabajo.com:443 "GET /ofertas-de-trabajo/oferta-de-trabajo-de-agente-de-televentas-b2c-telecomunicaciones-en-parque-patricios-C3C4C724269A803661373E686DCF3405 HTTP/1.1" 200 None
2026-09-27 13:38:02,686 DEBUG     GET https://ar.computrabajo.com/ofertas-de-trabajo/oferta-de-trabajo-de-agente-de-televentas-b2c-telecomunicaciones-en-parque-patricios-C3C4C724269A803661373E686DCF3405 → HTTP 200 (167,241 chars)
2026-09-27 13:38:02,717 INFO     ┌─ SCRAPED JOB ─────────────────────────────────────────
    │ URL          : https://ar.computrabajo.com/ofertas-de-trabajo/oferta-de-trabajo-de-agente-de-televentas-b2c-telecomunicaciones-en-parque-patricios-C3C4C724269A803661373E686DCF3405
    │ Title        : Agente de Televentas B2C - Telecomunicaciones
    │ Company      : Área IT
    │ Location     : Parque Patricios, Capital Federal
    │ Job type     : full-time
    │ Salary       : (not listed)
    │ Industry     : Informática / Hardware
    │ Date posted  : 2026-08-14
    │ Deadline     : 2026-10-13
    │ External ID  : A93B321126A84B65
    │ Description  : Somos una empresa de origen nacional que desde hace 10 años brinda soluciones de IT y Field Services a clientes de gobierno, empresas y hogares. Nuestra Misión es contribuir para lograr un mundo más y…
    └───────────────────────────────────────────────────────
2026-09-27 13:38:03,821 DEBUG https://argentina.mimusjobs.com:443 "GET /wp-json/wp/v2/companies?slug=-rea-it HTTP/1.1" 200 None
2026-09-27 13:38:03,830 DEBUG https://ii.ct-stc.com:443 "GET /5/logos/empresas/2020/06/08/c88d321f015844eab424131550015thumbnail.png HTTP/1.1" 200 3971
2026-09-27 13:38:05,178 DEBUG https://argentina.mimusjobs.com:443 "POST /wp-json/wp/v2/media HTTP/1.1" 201 None
2026-09-27 13:38:06,579 DEBUG https://argentina.mimusjobs.com:443 "POST /wp-json/wp/v2/companies HTTP/1.1" 201 None
2026-09-27 13:38:06,581 INFO ✅ Company posted: Área IT → ID 33653
2026-09-27 13:38:07,452 DEBUG https://argentina.mimusjobs.com:443 "GET /wp-json/wp/v2/job-listings?slug=agente-de-televentas-b2c---telecomunicaciones HTTP/1.1" 200 None
2026-09-27 13:38:07,452 INFO ⏭ Job already on WP: Agente de Televentas B2C - Telecomunicaciones
2026-09-27 13:38:07,452 INFO ✅ SUCCESS — 'Agente de Televentas B2C - Telecomunicaciones' → WP ID=26617 🔗 https://argentina.mimusjobs.com/job/agente-de-televentas-b2c-telecomunicaciones/
2026-09-27 13:38:08,452 INFO ── https://ar.computrabajo.com/empleos-en-capital-federal | page 3 | job 14/20: https://ar.computrabajo.com/ofertas-de-trabajo/oferta-de-trabajo-de-ejecutivo-comercial-en-retiro-C9BE47B98E88AB5361373E686DCF3405
2026-09-27 13:38:08,485 DEBUG https://ar.computrabajo.com:443 "GET /ofertas-de-trabajo/oferta-de-trabajo-de-ejecutivo-comercial-en-retiro-C9BE47B98E88AB5361373E686DCF3405 HTTP/1.1" 200 None
2026-09-27 13:38:08,487 DEBUG     GET https://ar.computrabajo.com/ofertas-de-trabajo/oferta-de-trabajo-de-ejecutivo-comercial-en-retiro-C9BE47B98E88AB5361373E686DCF3405 → HTTP 200 (152,983 chars)
2026-09-27 13:38:08,515 WARNING No JobPosting JSON-LD found, using HTML fallback: https://ar.computrabajo.com/ofertas-de-trabajo/oferta-de-trabajo-de-ejecutivo-comercial-en-retiro-C9BE47B98E88AB5361373E686DCF3405
2026-09-27 13:38:08,516 INFO     ┌─ SCRAPED JOB ─────────────────────────────────────────
    │ URL          : https://ar.computrabajo.com/ofertas-de-trabajo/oferta-de-trabajo-de-ejecutivo-comercial-en-retiro-C9BE47B98E88AB5361373E686DCF3405
    │ Title        : Ejecutivo Comercial
    │ Company      : Importante empresa del sector
    │ Location     : Retiro, Capital Federal
    │ Job type     : full-time
    │ Salary       : A convenir ARS
    │ Industry     : (none)
    │ Date posted  : (unknown)
    │ Deadline     : (estimated: )
    │ External ID  : (none)
    │ Description  : Nos encontramos en la búsqueda de un Ejecutivo Comercial para sumarse a nuestro equipo de Certificaciones.
 
Responsabilidades:
-Generar contactos a través de visitas, llamados a prospects/clientes.
-…
    └───────────────────────────────────────────────────────
2026-09-27 13:38:09,681 DEBUG https://argentina.mimusjobs.com:443 "GET /wp-json/wp/v2/companies?slug=importante-empresa-del-sector HTTP/1.1" 200 None
2026-09-27 13:38:09,681 INFO ⏭ Company exists: Importante empresa del sector
2026-09-27 13:38:10,637 DEBUG https://argentina.mimusjobs.com:443 "GET /wp-json/wp/v2/job-listings?slug=ejecutivo-comercial HTTP/1.1" 200 None
2026-09-27 13:38:10,637 INFO ⏭ Job already on WP: Ejecutivo Comercial
2026-09-27 13:38:10,637 INFO ✅ SUCCESS — 'Ejecutivo Comercial' → WP ID=8692 🔗 https://argentina.mimusjobs.com/job/ejecutivo-comercial/
2026-09-27 13:38:11,637 INFO ── https://ar.computrabajo.com/empleos-en-capital-federal | page 3 | job 15/20: https://ar.computrabajo.com/ofertas-de-trabajo/oferta-de-trabajo-de-supervisor-tecnico-integrado-diurno-emergencias-en-monserrat-13ECAB4A0C58E2AE61373E686DCF3405
2026-09-27 13:38:11,671 DEBUG https://ar.computrabajo.com:443 "GET /ofertas-de-trabajo/oferta-de-trabajo-de-supervisor-tecnico-integrado-diurno-emergencias-en-monserrat-13ECAB4A0C58E2AE61373E686DCF3405 HTTP/1.1" 200 None
2026-09-27 13:38:11,673 DEBUG     GET https://ar.computrabajo.com/ofertas-de-trabajo/oferta-de-trabajo-de-supervisor-tecnico-integrado-diurno-emergencias-en-monserrat-13ECAB4A0C58E2AE61373E686DCF3405 → HTTP 200 (160,142 chars)
2026-09-27 13:38:11,701 INFO     ┌─ SCRAPED JOB ─────────────────────────────────────────
    │ URL          : https://ar.computrabajo.com/ofertas-de-trabajo/oferta-de-trabajo-de-supervisor-tecnico-integrado-diurno-emergencias-en-monserrat-13ECAB4A0C58E2AE61373E686DCF3405
    │ Title        : Supervisor Técnico Integrado - Diurno + emergencias
    │ Company      : Diagnostico y Soluciones SA
    │ Location     : Monserrat, Capital Federal
    │ Job type     : full-time
    │ Salary       : (not listed)
    │ Industry     : Servicios Profesionales
    │ Date posted  : 2026-09-03
    │ Deadline     : 2026-11-02
    │ External ID  : 3DCA0F911BAFA228
    │ Description  : En Diagnóstico y Soluciones nos encontramos en la búsqueda de un Supervisor Técnico Integrado (diurno+emergencias) para uno de nuestros clientes.
Responsabilidad: Coordinación de UN ÚNICO servicio fus…
    └───────────────────────────────────────────────────────
2026-09-27 13:38:13,080 DEBUG https://argentina.mimusjobs.com:443 "GET /wp-json/wp/v2/companies?slug=diagnostico-y-soluciones-sa HTTP/1.1" 200 None
2026-09-27 13:38:13,082 INFO ⏭ Company exists: Diagnostico y Soluciones SA
2026-09-27 13:38:13,937 DEBUG https://argentina.mimusjobs.com:443 "GET /wp-json/wp/v2/job-listings?slug=supervisor-t-cnico-integrado---diurno---emergencias HTTP/1.1" 200 None
2026-09-27 13:38:15,371 DEBUG https://argentina.mimusjobs.com:443 "POST /wp-json/wp/v2/job-listings HTTP/1.1" 201 None
2026-09-27 13:38:15,372 INFO ✅ Job posted: 'Supervisor Técnico Integrado - Diurno + emergencias' → WP ID 33654
2026-09-27 13:38:15,372 INFO ✅ SUCCESS — 'Supervisor Técnico Integrado - Diurno + emergencias' → WP ID=33654 🔗 https://argentina.mimusjobs.com/job/supervisor-tecnico-integrado-diurno-emergencias-5/
2026-09-27 13:38:16,372 INFO ── https://ar.computrabajo.com/empleos-en-capital-federal | page 3 | job 16/20: https://ar.computrabajo.com/ofertas-de-trabajo/oferta-de-trabajo-de-bartender-jefe-de-barra-en-caballito-E3DBE472E08CF2F961373E686DCF3405
2026-09-27 13:38:16,415 DEBUG https://ar.computrabajo.com:443 "GET /ofertas-de-trabajo/oferta-de-trabajo-de-bartender-jefe-de-barra-en-caballito-E3DBE472E08CF2F961373E686DCF3405 HTTP/1.1" 200 None
2026-09-27 13:38:16,417 DEBUG     GET https://ar.computrabajo.com/ofertas-de-trabajo/oferta-de-trabajo-de-bartender-jefe-de-barra-en-caballito-E3DBE472E08CF2F961373E686DCF3405 → HTTP 200 (151,934 chars)
2026-09-27 13:38:16,443 WARNING No JobPosting JSON-LD found, using HTML fallback: https://ar.computrabajo.com/ofertas-de-trabajo/oferta-de-trabajo-de-bartender-jefe-de-barra-en-caballito-E3DBE472E08CF2F961373E686DCF3405
2026-09-27 13:38:16,445 INFO     ┌─ SCRAPED JOB ─────────────────────────────────────────
    │ URL          : https://ar.computrabajo.com/ofertas-de-trabajo/oferta-de-trabajo-de-bartender-jefe-de-barra-en-caballito-E3DBE472E08CF2F961373E686DCF3405
    │ Title        : Bartender/ Jefe de barra
    │ Company      : Importante empresa del sector
    │ Location     : Caballito, Capital Federal
    │ Job type     : full-time
    │ Salary       : A convenir ARS
    │ Industry     : (none)
    │ Date posted  : (unknown)
    │ Deadline     : (estimated: )
    │ External ID  : (none)
    │ Description  : Se busca un Bartender/Jefe de barra para trabajar en un ambiente dinámico y vibrante.
Funciones
Gestionar la preparación y servicio de bebidas en el bar.
Coordinar con el equipo de servicio para asegu…
    └───────────────────────────────────────────────────────
2026-09-27 13:38:17,146 DEBUG https://argentina.mimusjobs.com:443 "GET /wp-json/wp/v2/companies?slug=importante-empresa-del-sector HTTP/1.1" 200 None
2026-09-27 13:38:17,147 INFO ⏭ Company exists: Importante empresa del sector
2026-09-27 13:38:18,306 DEBUG https://argentina.mimusjobs.com:443 "GET /wp-json/wp/v2/job-listings?slug=bartender--jefe-de-barra HTTP/1.1" 200 None
2026-09-27 13:38:18,307 INFO ⏭ Job already on WP: Bartender/ Jefe de barra
2026-09-27 13:38:18,307 INFO ✅ SUCCESS — 'Bartender/ Jefe de barra' → WP ID=22342 🔗 https://argentina.mimusjobs.com/job/bartender-jefe-de-barra/
2026-09-27 13:38:19,307 INFO ── https://ar.computrabajo.com/empleos-en-capital-federal | page 3 | job 17/20: https://ar.computrabajo.com/ofertas-de-trabajo/oferta-de-trabajo-de-asesora-comercial-convencional-villa-devoto-concesionaria-chery-en-villa-devoto-C9A08090CC1F891961373E686DCF3405
2026-09-27 13:38:19,354 DEBUG https://ar.computrabajo.com:443 "GET /ofertas-de-trabajo/oferta-de-trabajo-de-asesora-comercial-convencional-villa-devoto-concesionaria-chery-en-villa-devoto-C9A08090CC1F891961373E686DCF3405 HTTP/1.1" 200 None
2026-09-27 13:38:19,356 DEBUG     GET https://ar.computrabajo.com/ofertas-de-trabajo/oferta-de-trabajo-de-asesora-comercial-convencional-villa-devoto-concesionaria-chery-en-villa-devoto-C9A08090CC1F891961373E686DCF3405 → HTTP 200 (151,627 chars)
2026-09-27 13:38:19,383 WARNING No JobPosting JSON-LD found, using HTML fallback: https://ar.computrabajo.com/ofertas-de-trabajo/oferta-de-trabajo-de-asesora-comercial-convencional-villa-devoto-concesionaria-chery-en-villa-devoto-C9A08090CC1F891961373E686DCF3405
2026-09-27 13:38:19,385 INFO     ┌─ SCRAPED JOB ─────────────────────────────────────────
    │ URL          : https://ar.computrabajo.com/ofertas-de-trabajo/oferta-de-trabajo-de-asesora-comercial-convencional-villa-devoto-concesionaria-chery-en-villa-devoto-C9A08090CC1F891961373E686DCF3405
    │ Title        : Asesor/a Comercial Convencional / Villa Devoto - Concesionaria Chery
    │ Company      : Importante empresa del sector
    │ Location     : Villa Devoto, Capital Federal
    │ Job type     : full-time
    │ Salary       : $ 10.000,00 (Mensual) ARS
    │ Industry     : (none)
    │ Date posted  : (unknown)
    │ Deadline     : (estimated: )
    │ External ID  : (none)
    │ Description  : Somos un concesionario que se encuentra en plena expansión y es por eso que estamos en búsqueda de Vendedores que deseen formar parte de un proyecto ambicioso y exigente.
Invitamos a todo aquel que se…
    └───────────────────────────────────────────────────────
2026-09-27 13:38:20,581 DEBUG https://argentina.mimusjobs.com:443 "GET /wp-json/wp/v2/companies?slug=importante-empresa-del-sector HTTP/1.1" 200 None
2026-09-27 13:38:20,582 INFO ⏭ Company exists: Importante empresa del sector
2026-09-27 13:38:21,242 DEBUG https://argentina.mimusjobs.com:443 "GET /wp-json/wp/v2/job-listings?slug=asesor-a-comercial-convencional---villa-devoto---concesionaria-chery HTTP/1.1" 200 None
2026-09-27 13:38:21,243 INFO ⏭ Job already on WP: Asesor/a Comercial Convencional / Villa Devoto - Concesionaria Chery
2026-09-27 13:38:21,243 INFO ✅ SUCCESS — 'Asesor/a Comercial Convencional / Villa Devoto - Concesionaria Chery' → WP ID=22248 🔗 https://argentina.mimusjobs.com/job/asesor-a-comercial-convencional-villa-devoto-concesionaria-chery/
2026-09-27 13:38:22,243 INFO ── https://ar.computrabajo.com/empleos-en-capital-federal | page 3 | job 18/20: https://ar.computrabajo.com/ofertas-de-trabajo/oferta-de-trabajo-de-gerente-de-administracion-de-siniestros-en-san-nicolas-B8152263FF29977561373E686DCF3405
2026-09-27 13:38:22,282 DEBUG https://ar.computrabajo.com:443 "GET /ofertas-de-trabajo/oferta-de-trabajo-de-gerente-de-administracion-de-siniestros-en-san-nicolas-B8152263FF29977561373E686DCF3405 HTTP/1.1" 200 None
2026-09-27 13:38:22,285 DEBUG     GET https://ar.computrabajo.com/ofertas-de-trabajo/oferta-de-trabajo-de-gerente-de-administracion-de-siniestros-en-san-nicolas-B8152263FF29977561373E686DCF3405 → HTTP 200 (152,069 chars)
2026-09-27 13:38:22,310 WARNING No JobPosting JSON-LD found, using HTML fallback: https://ar.computrabajo.com/ofertas-de-trabajo/oferta-de-trabajo-de-gerente-de-administracion-de-siniestros-en-san-nicolas-B8152263FF29977561373E686DCF3405
2026-09-27 13:38:22,312 INFO     ┌─ SCRAPED JOB ─────────────────────────────────────────
    │ URL          : https://ar.computrabajo.com/ofertas-de-trabajo/oferta-de-trabajo-de-gerente-de-administracion-de-siniestros-en-san-nicolas-B8152263FF29977561373E686DCF3405
    │ Title        : Gerente de Administración de Siniestros
    │ Company      : Importante empresa del sector
    │ Location     : San Nicolás, Capital Federal
    │ Job type     : full-time
    │ Salary       : A convenir ARS
    │ Industry     : (none)
    │ Date posted  : (unknown)
    │ Deadline     : (estimated: )
    │ External ID  : (none)
    │ Description  : Nos encontramos en búsqueda de un Gerente de Administración de Siniestros.
PROPÓSITO DEL PUESTO
Dirigir, coordinar y optimizar los procesos relacionados con la atención, análisis y resolución de sinie…
    └───────────────────────────────────────────────────────
2026-09-27 13:38:23,424 DEBUG https://argentina.mimusjobs.com:443 "GET /wp-json/wp/v2/companies?slug=importante-empresa-del-sector HTTP/1.1" 200 None
2026-09-27 13:38:23,424 INFO ⏭ Company exists: Importante empresa del sector
2026-09-27 13:38:24,055 DEBUG https://argentina.mimusjobs.com:443 "GET /wp-json/wp/v2/job-listings?slug=gerente-de-administraci-n-de-siniestros HTTP/1.1" 200 None
2026-09-27 13:38:25,444 DEBUG https://argentina.mimusjobs.com:443 "POST /wp-json/wp/v2/job-listings HTTP/1.1" 201 None
2026-09-27 13:38:25,444 INFO ✅ Job posted: 'Gerente de Administración de Siniestros' → WP ID 33655
2026-09-27 13:38:25,445 INFO ✅ SUCCESS — 'Gerente de Administración de Siniestros' → WP ID=33655 🔗 https://argentina.mimusjobs.com/job/gerente-de-administracion-de-siniestros-5/
2026-09-27 13:38:26,445 INFO ── https://ar.computrabajo.com/empleos-en-capital-federal | page 3 | job 19/20: https://ar.computrabajo.com/ofertas-de-trabajo/oferta-de-trabajo-de-buscamos-operador-telefonico-en-san-nicolas-E86980E822D4587161373E686DCF3405
2026-09-27 13:38:26,494 DEBUG https://ar.computrabajo.com:443 "GET /ofertas-de-trabajo/oferta-de-trabajo-de-buscamos-operador-telefonico-en-san-nicolas-E86980E822D4587161373E686DCF3405 HTTP/1.1" 200 None
2026-09-27 13:38:26,497 DEBUG     GET https://ar.computrabajo.com/ofertas-de-trabajo/oferta-de-trabajo-de-buscamos-operador-telefonico-en-san-nicolas-E86980E822D4587161373E686DCF3405 → HTTP 200 (168,987 chars)
2026-09-27 13:38:26,553 INFO     ┌─ SCRAPED JOB ─────────────────────────────────────────
    │ URL          : https://ar.computrabajo.com/ofertas-de-trabajo/oferta-de-trabajo-de-buscamos-operador-telefonico-en-san-nicolas-E86980E822D4587161373E686DCF3405
    │ Title        : Búscamos operador telefónico
    │ Company      : Cat-Technologies
    │ Location     : San Nicolás, Capital Federal
    │ Job type     : temporary
    │ Salary       : (not listed)
    │ Industry     : Venta al consumidor
    │ Date posted  : 2026-08-10
    │ Deadline     : 2026-10-09
    │ External ID  : 58F854C3E51E13A4
    │ Description  : ¡Te estamos buscando! Telemarketer para el área de ventas ¿Sos proactivo, con vocación de servicio y te apasionan las ventas? En CAT Technologies, una empresa líder en el mercado con más de 3000 colab…
    └───────────────────────────────────────────────────────
2026-09-27 13:38:27,308 DEBUG https://argentina.mimusjobs.com:443 "GET /wp-json/wp/v2/companies?slug=cat-technologies HTTP/1.1" 200 None
2026-09-27 13:38:27,308 INFO ⏭ Company exists: Cat-Technologies
2026-09-27 13:38:27,990 DEBUG https://argentina.mimusjobs.com:443 "GET /wp-json/wp/v2/job-listings?slug=b-scamos-operador-telef-nico HTTP/1.1" 200 None
2026-09-27 13:38:27,995 DEBUG https://ii.ct-stc.com:443 "GET /5/logos/empresas/2023/01/10/cattechnologies-58F854C3E51E13A4161952585thumbnail.jpg HTTP/1.1" 200 53823
2026-09-27 13:38:30,075 DEBUG https://argentina.mimusjobs.com:443 "POST /wp-json/wp/v2/media HTTP/1.1" 201 None
2026-09-27 13:38:31,380 DEBUG https://argentina.mimusjobs.com:443 "POST /wp-json/wp/v2/job-listings HTTP/1.1" 201 None
2026-09-27 13:38:31,380 INFO ✅ Job posted: 'Búscamos operador telefónico' → WP ID 33657
2026-09-27 13:38:31,381 INFO ✅ SUCCESS — 'Búscamos operador telefónico' → WP ID=33657 🔗 https://argentina.mimusjobs.com/job/buscamos-operador-telefonico-5/
2026-09-27 13:38:32,381 INFO ── https://ar.computrabajo.com/empleos-en-capital-federal | page 3 | job 20/20: https://ar.computrabajo.com/ofertas-de-trabajo/oferta-de-trabajo-de-operario-canista-parque-patricios-caba-en-parque-patricios-5E97E78910AE3B4061373E686DCF3405
2026-09-27 13:38:32,449 DEBUG https://ar.computrabajo.com:443 "GET /ofertas-de-trabajo/oferta-de-trabajo-de-operario-canista-parque-patricios-caba-en-parque-patricios-5E97E78910AE3B4061373E686DCF3405 HTTP/1.1" 200 None
2026-09-27 13:38:32,451 DEBUG     GET https://ar.computrabajo.com/ofertas-de-trabajo/oferta-de-trabajo-de-operario-canista-parque-patricios-caba-en-parque-patricios-5E97E78910AE3B4061373E686DCF3405 → HTTP 200 (167,009 chars)
2026-09-27 13:38:32,484 INFO     ┌─ SCRAPED JOB ─────────────────────────────────────────
    │ URL          : https://ar.computrabajo.com/ofertas-de-trabajo/oferta-de-trabajo-de-operario-canista-parque-patricios-caba-en-parque-patricios-5E97E78910AE3B4061373E686DCF3405
    │ Title        : Operario cañista - Parque Patricios, CABA
    │ Company      : Con Mor SRL
    │ Location     : Parque Patricios, Capital Federal
    │ Job type     : full-time
    │ Salary       : (not listed)
    │ Industry     : Servicios Profesionales
    │ Date posted  : 2026-08-06
    │ Deadline     : 2026-10-05
    │ External ID  : 42E1A19544C1E6E1
    │ Description  : Búsqueda Laboral Cañista
Empresa metalmecánica incorpora Cañista para desempeñarse en su planta de Parque Patricios, CABA. · Requisitos
Experiencia en preparación, corte, alineación y armado de cañerí…
    └───────────────────────────────────────────────────────
2026-09-27 13:38:33,186 DEBUG https://argentina.mimusjobs.com:443 "GET /wp-json/wp/v2/companies?slug=con-mor-srl HTTP/1.1" 200 None
2026-09-27 13:38:33,186 INFO ⏭ Company exists: Con Mor SRL
2026-09-27 13:38:33,937 DEBUG https://argentina.mimusjobs.com:443 "GET /wp-json/wp/v2/job-listings?slug=operario-ca-ista---parque-patricios--caba HTTP/1.1" 200 None
2026-09-27 13:38:33,945 DEBUG https://ii.ct-stc.com:443 "GET /5/logos/empresas/2016/05/25/con-mor-srl-42E1A19544C1E6E1thumbnail.png HTTP/1.1" 200 3073
2026-09-27 13:38:35,070 DEBUG https://argentina.mimusjobs.com:443 "POST /wp-json/wp/v2/media HTTP/1.1" 201 None
2026-09-27 13:38:35,840 DEBUG https://argentina.mimusjobs.com:443 "GET /wp-json/wp/v2/job_listing_region?slug=parque-patricios--capital-federal HTTP/1.1" 200 None
2026-09-27 13:38:37,140 DEBUG https://argentina.mimusjobs.com:443 "POST /wp-json/wp/v2/job-listings HTTP/1.1" 201 None
2026-09-27 13:38:37,141 INFO ✅ Job posted: 'Operario cañista - Parque Patricios, CABA' → WP ID 33659
2026-09-27 13:38:37,141 INFO ✅ SUCCESS — 'Operario cañista - Parque Patricios, CABA' → WP ID=33659 🔗 https://argentina.mimusjobs.com/job/operario-canista-parque-patricios-caba-4/
2026-09-27 13:38:38,142 INFO 📊 Running totals — posted: 60 | skipped: 0 | failed: 0
2026-09-27 13:38:38,142 INFO Fetching listing page 4: https://ar.computrabajo.com/empleos-en-capital-federal?p=4
2026-09-27 13:38:38,208 DEBUG https://ar.computrabajo.com:443 "GET /empleos-en-capital-federal?p=4 HTTP/1.1" 200 None
2026-09-27 13:38:38,214 DEBUG     GET https://ar.computrabajo.com/empleos-en-capital-federal?p=4 → HTTP 200 (331,026 chars)
2026-09-27 13:38:38,279 INFO Found 20 job URLs on page 4
2026-09-27 13:38:38,280 DEBUG     job 1: https://ar.computrabajo.com/ofertas-de-trabajo/oferta-de-trabajo-de-agente-comercial-inmobiliario-en-villa-crespo-06119DF3732B6BBD61373E686DCF3405
2026-09-27 13:38:38,280 DEBUG     job 2: https://ar.computrabajo.com/ofertas-de-trabajo/oferta-de-trabajo-de-pastelero-con-experiencia-para-servicio-de-alimentacion-en-recoleta-caba-en-recoleta-B8E7026CB2AD7B6361373E686DCF3405
2026-09-27 13:38:38,280 DEBUG     job 3: https://ar.computrabajo.com/ofertas-de-trabajo/oferta-de-trabajo-de-vigilador-cooperativa-de-seguridad-en-san-nicolas-642227A3A1917A1A61373E686DCF3405
2026-09-27 13:38:38,280 DEBUG     job 4: https://ar.computrabajo.com/ofertas-de-trabajo/oferta-de-trabajo-de-operaria-de-maestranza-en-velez-sarsfield-E72799FD8F9584C061373E686DCF3405
2026-09-27 13:38:38,280 DEBUG     job 5: https://ar.computrabajo.com/ofertas-de-trabajo/oferta-de-trabajo-de-analista-de-marketing-senior-en-villa-crespo-0D72EFDE5862BE0761373E686DCF3405
2026-09-27 13:38:38,280 DEBUG     job 6: https://ar.computrabajo.com/ofertas-de-trabajo/oferta-de-trabajo-de-vendedor-en-barracas-59E355E945DC62DB61373E686DCF3405
2026-09-27 13:38:38,280 DEBUG     job 7: https://ar.computrabajo.com/ofertas-de-trabajo/oferta-de-trabajo-de-tecnico-de-sala-de-control-bms-caba-en-san-nicolas-D38A73F7F6AD3AB761373E686DCF3405
2026-09-27 13:38:38,280 DEBUG     job 8: https://ar.computrabajo.com/ofertas-de-trabajo/oferta-de-trabajo-de-oeprario-de-empaque-alimenticio-en-palermo-C8F64C44E69E780661373E686DCF3405
2026-09-27 13:38:38,280 DEBUG     job 9: https://ar.computrabajo.com/ofertas-de-trabajo/oferta-de-trabajo-de-soporte-tecnico-jr-11-a-20-hs-en-monserrat-3E925482399E303861373E686DCF3405
2026-09-27 13:38:38,280 DEBUG     job 10: https://ar.computrabajo.com/ofertas-de-trabajo/oferta-de-trabajo-de-analista-de-capacitacion-y-comunicacion-interna-transitorio-en-barracas-D4059C0A36ED0E3761373E686DCF3405
2026-09-27 13:38:38,280 DEBUG     job 11: https://ar.computrabajo.com/ofertas-de-trabajo/oferta-de-trabajo-de-cuidadoras-con-tecnicas-de-movilizacion-en-belgrano-8A1D82F5AC045C1461373E686DCF3405
2026-09-27 13:38:38,280 DEBUG     job 12: https://ar.computrabajo.com/ofertas-de-trabajo/oferta-de-trabajo-de-tecnico-especialista-en-alarmas-y-camaras-de-seguridad-en-floresta-9A09F34BF548D57561373E686DCF3405
2026-09-27 13:38:38,280 DEBUG     job 13: https://ar.computrabajo.com/ofertas-de-trabajo/oferta-de-trabajo-de-chofer-enfermero-de-ambulancia-eventual-en-recoleta-C3F7C7E7647A309D61373E686DCF3405
2026-09-27 13:38:38,280 DEBUG     job 14: https://ar.computrabajo.com/ofertas-de-trabajo/oferta-de-trabajo-de-auxiliar-de-montaje-para-hotel-5-estrellas-caba-en-retiro-45F5A12B3995C28161373E686DCF3405
2026-09-27 13:38:38,280 DEBUG     job 15: https://ar.computrabajo.com/ofertas-de-trabajo/oferta-de-trabajo-de-lideres-de-sucursal-gerente-encargados-y-referentes-de-turno-en-villa-devoto-F2C3450CC650E56961373E686DCF3405
2026-09-27 13:38:38,280 DEBUG     job 16: https://ar.computrabajo.com/ofertas-de-trabajo/oferta-de-trabajo-de-ref-21497-business-analystsbanca-nunez-caba-en-nunez-1BED4CDD2191273361373E686DCF3405
2026-09-27 13:38:38,280 DEBUG     job 17: https://ar.computrabajo.com/ofertas-de-trabajo/oferta-de-trabajo-de-agente-inmobiliario-con-altas-comisiones-en-san-nicolas-098A5560909C33B661373E686DCF3405
2026-09-27 13:38:38,280 DEBUG     job 18: https://ar.computrabajo.com/ofertas-de-trabajo/oferta-de-trabajo-de-gerente-de-tienda-en-palermo-C5B9DEFF1586B36061373E686DCF3405
2026-09-27 13:38:38,280 DEBUG     job 19: https://ar.computrabajo.com/ofertas-de-trabajo/oferta-de-trabajo-de-maestro-factureroa-panaderoa-maestro-factureropanadero-para-planta-en-jose-l-suarez-3-a-5-anos-de-experiencia-en-palermo-C8494D51C09227E261373E686DCF3405
2026-09-27 13:38:38,280 DEBUG     job 20: https://ar.computrabajo.com/ofertas-de-trabajo/oferta-de-trabajo-de-encargadoa-gastronomicoa-en-palermo-5528E200116AFEAD61373E686DCF3405
2026-09-27 13:38:38,280 INFO ── https://ar.computrabajo.com/empleos-en-capital-federal | page 4 | job 1/20: https://ar.computrabajo.com/ofertas-de-trabajo/oferta-de-trabajo-de-agente-comercial-inmobiliario-en-villa-crespo-06119DF3732B6BBD61373E686DCF3405
2026-09-27 13:38:38,323 DEBUG https://ar.computrabajo.com:443 "GET /ofertas-de-trabajo/oferta-de-trabajo-de-agente-comercial-inmobiliario-en-villa-crespo-06119DF3732B6BBD61373E686DCF3405 HTTP/1.1" 200 None
2026-09-27 13:38:38,326 DEBUG     GET https://ar.computrabajo.com/ofertas-de-trabajo/oferta-de-trabajo-de-agente-comercial-inmobiliario-en-villa-crespo-06119DF3732B6BBD61373E686DCF3405 → HTTP 200 (173,470 chars)
2026-09-27 13:38:38,362 INFO     ┌─ SCRAPED JOB ─────────────────────────────────────────
    │ URL          : https://ar.computrabajo.com/ofertas-de-trabajo/oferta-de-trabajo-de-agente-comercial-inmobiliario-en-villa-crespo-06119DF3732B6BBD61373E686DCF3405
    │ Title        : Agente Comercial Inmobiliario
    │ Company      : Remax Parque
    │ Location     : Villa Crespo, Capital Federal
    │ Job type     : full-time
    │ Salary       : (not listed)
    │ Industry     : Servicios Profesionales
    │ Date posted  : 2026-08-13
    │ Deadline     : 2026-10-12
    │ External ID  : FFFBF5F4FEBC6313
    │ Description  : Desarrollar tu carrera en el rubro inmobiliario con el respaldo de la marca líder en el mundo.
Súmate al equipo de Agentes comerciales de RE/MAX Parque.
Somos una de las primeras oficinas oficiales de…
    └───────────────────────────────────────────────────────
2026-09-27 13:38:39,291 DEBUG https://argentina.mimusjobs.com:443 "GET /wp-json/wp/v2/companies?slug=remax-parque HTTP/1.1" 200 None
2026-09-27 13:38:39,292 INFO ⏭ Company exists: Remax Parque
2026-09-27 13:38:41,135 DEBUG https://argentina.mimusjobs.com:443 "GET /wp-json/wp/v2/job-listings?slug=agente-comercial-inmobiliario HTTP/1.1" 200 None
2026-09-27 13:38:41,135 INFO ⏭ Job already on WP: Agente Comercial Inmobiliario
2026-09-27 13:38:41,135 INFO ✅ SUCCESS — 'Agente Comercial Inmobiliario' → WP ID=22260 🔗 https://argentina.mimusjobs.com/job/agente-comercial-inmobiliario/
2026-09-27 13:38:42,136 INFO ── https://ar.computrabajo.com/empleos-en-capital-federal | page 4 | job 2/20: https://ar.computrabajo.com/ofertas-de-trabajo/oferta-de-trabajo-de-pastelero-con-experiencia-para-servicio-de-alimentacion-en-recoleta-caba-en-recoleta-B8E7026CB2AD7B6361373E686DCF3405
2026-09-27 13:38:42,185 DEBUG https://ar.computrabajo.com:443 "GET /ofertas-de-trabajo/oferta-de-trabajo-de-pastelero-con-experiencia-para-servicio-de-alimentacion-en-recoleta-caba-en-recoleta-B8E7026CB2AD7B6361373E686DCF3405 HTTP/1.1" 200 None
2026-09-27 13:38:42,188 DEBUG     GET https://ar.computrabajo.com/ofertas-de-trabajo/oferta-de-trabajo-de-pastelero-con-experiencia-para-servicio-de-alimentacion-en-recoleta-caba-en-recoleta-B8E7026CB2AD7B6361373E686DCF3405 → HTTP 200 (168,156 chars)
2026-09-27 13:38:42,221 INFO     ┌─ SCRAPED JOB ─────────────────────────────────────────
    │ URL          : https://ar.computrabajo.com/ofertas-de-trabajo/oferta-de-trabajo-de-pastelero-con-experiencia-para-servicio-de-alimentacion-en-recoleta-caba-en-recoleta-B8E7026CB2AD7B6361373E686DCF3405
    │ Title        : Pastelero - con experiencia - Para servicio de alimentación en Recoleta, CABA
    │ Company      : Grupo L
    │ Location     : Recoleta, Capital Federal
    │ Job type     : full-time
    │ Salary       : (not listed)
    │ Industry     : Hostelería / Turismo
    │ Date posted  : 2026-08-10
    │ Deadline     : 2026-10-09
    │ External ID  : FF1F005FDB3ABC51
    │ Description  : Compass Group Argentina es parte de Compass Group PLC, la empresa líder mundial en servicios de alimentación y soporte. Desde hace más de 20 años en Argentina brindamos servicios en sectores claves de…
    └───────────────────────────────────────────────────────
2026-09-27 13:38:42,964 DEBUG https://argentina.mimusjobs.com:443 "GET /wp-json/wp/v2/companies?slug=grupo-l HTTP/1.1" 200 None
2026-09-27 13:38:42,964 INFO ⏭ Company exists: Grupo L
2026-09-27 13:38:43,772 DEBUG https://argentina.mimusjobs.com:443 "GET /wp-json/wp/v2/job-listings?slug=pastelero---con-experiencia---para-servicio-de-alimentaci-n-en-recoleta--caba HTTP/1.1" 200 None
2026-09-27 13:38:43,780 DEBUG https://ii.ct-stc.com:443 "GET /5/logos/empresas/2017/12/01/servicios-compass-de-argentina-FF1F005FDB3ABC51111900thumbnail.png HTTP/1.1" 200 4284
2026-09-27 13:38:44,848 DEBUG https://argentina.mimusjobs.com:443 "POST /wp-json/wp/v2/media HTTP/1.1" 201 None
2026-09-27 13:38:46,595 DEBUG https://argentina.mimusjobs.com:443 "POST /wp-json/wp/v2/job-listings HTTP/1.1" 201 None
2026-09-27 13:38:46,595 INFO ✅ Job posted: 'Pastelero - con experiencia - Para servicio de alimentación en Recoleta, CABA' → WP ID 33661
2026-09-27 13:38:46,596 INFO ✅ SUCCESS — 'Pastelero - con experiencia - Para servicio de alimentación en Recoleta, CABA' → WP ID=33661 🔗 https://argentina.mimusjobs.com/job/pastelero-con-experiencia-para-servicio-de-alimentacion-en-recoleta-caba-4/
2026-09-27 13:38:47,596 INFO ── https://ar.computrabajo.com/empleos-en-capital-federal | page 4 | job 3/20: https://ar.computrabajo.com/ofertas-de-trabajo/oferta-de-trabajo-de-vigilador-cooperativa-de-seguridad-en-san-nicolas-642227A3A1917A1A61373E686DCF3405
2026-09-27 13:38:47,649 DEBUG https://ar.computrabajo.com:443 "GET /ofertas-de-trabajo/oferta-de-trabajo-de-vigilador-cooperativa-de-seguridad-en-san-nicolas-642227A3A1917A1A61373E686DCF3405 HTTP/1.1" 200 None
2026-09-27 13:38:47,651 DEBUG     GET https://ar.computrabajo.com/ofertas-de-trabajo/oferta-de-trabajo-de-vigilador-cooperativa-de-seguridad-en-san-nicolas-642227A3A1917A1A61373E686DCF3405 → HTTP 200 (149,711 chars)
2026-09-27 13:38:47,678 WARNING No JobPosting JSON-LD found, using HTML fallback: https://ar.computrabajo.com/ofertas-de-trabajo/oferta-de-trabajo-de-vigilador-cooperativa-de-seguridad-en-san-nicolas-642227A3A1917A1A61373E686DCF3405
2026-09-27 13:38:47,679 INFO     ┌─ SCRAPED JOB ─────────────────────────────────────────
    │ URL          : https://ar.computrabajo.com/ofertas-de-trabajo/oferta-de-trabajo-de-vigilador-cooperativa-de-seguridad-en-san-nicolas-642227A3A1917A1A61373E686DCF3405
    │ Title        : Vigilador / Cooperativa de Seguridad
    │ Company      : Importante empresa del sector
    │ Location     : San Nicolás, Capital Federal
    │ Job type     : full-time
    │ Salary       : A convenir ARS
    │ Industry     : (none)
    │ Date posted  : (unknown)
    │ Deadline     : (estimated: )
    │ External ID  : (none)
    │ Description  : Somos Cooperativa de Seguridad privada :
Te esperamos si cuentas con :
Disponibilidad horaria.
Edad Mayor 23 años.
Analitico original.
Residencia en CABA.
Si quieres ser parte de nuestro equipo, esper…
    └───────────────────────────────────────────────────────
2026-09-27 13:38:48,658 DEBUG https://argentina.mimusjobs.com:443 "GET /wp-json/wp/v2/companies?slug=importante-empresa-del-sector HTTP/1.1" 200 None
2026-09-27 13:38:48,659 INFO ⏭ Company exists: Importante empresa del sector
2026-09-27 13:38:49,308 DEBUG https://argentina.mimusjobs.com:443 "GET /wp-json/wp/v2/job-listings?slug=vigilador---cooperativa-de-seguridad HTTP/1.1" 200 None
2026-09-27 13:38:49,309 INFO ⏭ Job already on WP: Vigilador / Cooperativa de Seguridad
2026-09-27 13:38:49,309 INFO ✅ SUCCESS — 'Vigilador / Cooperativa de Seguridad' → WP ID=22271 🔗 https://argentina.mimusjobs.com/job/vigilador-cooperativa-de-seguridad/
2026-09-27 13:38:50,309 INFO ── https://ar.computrabajo.com/empleos-en-capital-federal | page 4 | job 4/20: https://ar.computrabajo.com/ofertas-de-trabajo/oferta-de-trabajo-de-operaria-de-maestranza-en-velez-sarsfield-E72799FD8F9584C061373E686DCF3405
2026-09-27 13:38:50,378 DEBUG https://ar.computrabajo.com:443 "GET /ofertas-de-trabajo/oferta-de-trabajo-de-operaria-de-maestranza-en-velez-sarsfield-E72799FD8F9584C061373E686DCF3405 HTTP/1.1" 200 None
2026-09-27 13:38:50,380 DEBUG     GET https://ar.computrabajo.com/ofertas-de-trabajo/oferta-de-trabajo-de-operaria-de-maestranza-en-velez-sarsfield-E72799FD8F9584C061373E686DCF3405 → HTTP 200 (166,782 chars)
2026-09-27 13:38:50,413 INFO     ┌─ SCRAPED JOB ─────────────────────────────────────────
    │ URL          : https://ar.computrabajo.com/ofertas-de-trabajo/oferta-de-trabajo-de-operaria-de-maestranza-en-velez-sarsfield-E72799FD8F9584C061373E686DCF3405
    │ Title        : Operaria de Maestranza
    │ Company      : Murata Sa
    │ Location     : Vélez Sársfield, Capital Federal
    │ Job type     : full-time
    │ Salary       : (not listed)
    │ Industry     : Servicios Profesionales
    │ Date posted  : 2026-08-18
    │ Deadline     : 2026-10-17
    │ External ID  : CBCD3FB28BECFABC
    │ Description  : Operaria de Maestranza Sede Central (CABA)
Nos encontramos en la búsqueda de una Operaria de Maestranza para incorporarse a nuestro equipo, con el objetivo de cubrir una vacante dentro del área.
Respo…
    └───────────────────────────────────────────────────────
2026-09-27 13:38:51,149 DEBUG https://argentina.mimusjobs.com:443 "GET /wp-json/wp/v2/companies?slug=murata-sa HTTP/1.1" 200 None
2026-09-27 13:38:51,149 INFO ⏭ Company exists: Murata Sa
2026-09-27 13:38:52,123 DEBUG https://argentina.mimusjobs.com:443 "GET /wp-json/wp/v2/job-listings?slug=operaria-de-maestranza HTTP/1.1" 200 None
2026-09-27 13:38:52,123 INFO ⏭ Job already on WP: Operaria de Maestranza
2026-09-27 13:38:52,124 INFO ✅ SUCCESS — 'Operaria de Maestranza' → WP ID=22273 🔗 https://argentina.mimusjobs.com/job/operaria-de-maestranza/
2026-09-27 13:38:53,124 INFO ── https://ar.computrabajo.com/empleos-en-capital-federal | page 4 | job 5/20: https://ar.computrabajo.com/ofertas-de-trabajo/oferta-de-trabajo-de-analista-de-marketing-senior-en-villa-crespo-0D72EFDE5862BE0761373E686DCF3405
2026-09-27 13:38:53,156 DEBUG https://ar.computrabajo.com:443 "GET /ofertas-de-trabajo/oferta-de-trabajo-de-analista-de-marketing-senior-en-villa-crespo-0D72EFDE5862BE0761373E686DCF3405 HTTP/1.1" 200 None
2026-09-27 13:38:53,159 DEBUG     GET https://ar.computrabajo.com/ofertas-de-trabajo/oferta-de-trabajo-de-analista-de-marketing-senior-en-villa-crespo-0D72EFDE5862BE0761373E686DCF3405 → HTTP 200 (186,400 chars)
2026-09-27 13:38:53,197 INFO     ┌─ SCRAPED JOB ─────────────────────────────────────────
    │ URL          : https://ar.computrabajo.com/ofertas-de-trabajo/oferta-de-trabajo-de-analista-de-marketing-senior-en-villa-crespo-0D72EFDE5862BE0761373E686DCF3405
    │ Title        : Analista de Marketing Senior
    │ Company      : Suizo Argentina S.A.
    │ Location     : Villa Crespo, Capital Federal
    │ Job type     : full-time
    │ Salary       : (not listed)
    │ Industry     : Salud / Medicina
    │ Date posted  : 2026-08-10
    │ Deadline     : 2026-10-09
    │ External ID  : 7A5B4B72CF04CFC5
    │ Description  : En Suizo Argentina facilitamos el acceso a productos y servicios relacionados con la salud y el bienestar, brindando acompañamiento y soluciones que se ajustan a los más altos estándares de calidad y …
    └───────────────────────────────────────────────────────
2026-09-27 13:38:53,807 DEBUG https://argentina.mimusjobs.com:443 "GET /wp-json/wp/v2/companies?slug=suizo-argentina-s-a- HTTP/1.1" 200 None
2026-09-27 13:38:53,807 INFO ⏭ Company exists: Suizo Argentina S.A.
2026-09-27 13:38:54,461 DEBUG https://argentina.mimusjobs.com:443 "GET /wp-json/wp/v2/job-listings?slug=analista-de-marketing-senior HTTP/1.1" 200 None
2026-09-27 13:38:54,461 INFO ⏭ Job already on WP: Analista de Marketing Senior
2026-09-27 13:38:54,462 INFO ✅ SUCCESS — 'Analista de Marketing Senior' → WP ID=22276 🔗 https://argentina.mimusjobs.com/job/analista-de-marketing-senior/
2026-09-27 13:38:55,462 INFO ── https://ar.computrabajo.com/empleos-en-capital-federal | page 4 | job 6/20: https://ar.computrabajo.com/ofertas-de-trabajo/oferta-de-trabajo-de-vendedor-en-barracas-59E355E945DC62DB61373E686DCF3405
2026-09-27 13:38:55,506 DEBUG https://ar.computrabajo.com:443 "GET /ofertas-de-trabajo/oferta-de-trabajo-de-vendedor-en-barracas-59E355E945DC62DB61373E686DCF3405 HTTP/1.1" 200 None
2026-09-27 13:38:55,510 DEBUG     GET https://ar.computrabajo.com/ofertas-de-trabajo/oferta-de-trabajo-de-vendedor-en-barracas-59E355E945DC62DB61373E686DCF3405 → HTTP 200 (177,835 chars)
2026-09-27 13:38:55,546 INFO     ┌─ SCRAPED JOB ─────────────────────────────────────────
    │ URL          : https://ar.computrabajo.com/ofertas-de-trabajo/oferta-de-trabajo-de-vendedor-en-barracas-59E355E945DC62DB61373E686DCF3405
    │ Title        : Vendedor
    │ Company      : Flecha Bus
    │ Location     : Barracas, Capital Federal
    │ Job type     : full-time
    │ Salary       : (not listed)
    │ Industry     : Transporte
    │ Date posted  : 2026-08-10
    │ Deadline     : 2026-10-09
    │ External ID  : FD3E7A2D76D722B3
    │ Description  : En Grupo Flecha nos encontramos en la búsqueda de Vendedores/as para sumarse a nuestro equipo, siendo responsables de brindar una atención de calidad a los clientes y promover la venta de servicios ta…
    └───────────────────────────────────────────────────────
2026-09-27 13:38:56,533 DEBUG https://argentina.mimusjobs.com:443 "GET /wp-json/wp/v2/companies?slug=flecha-bus HTTP/1.1" 200 None
2026-09-27 13:38:56,533 INFO ⏭ Company exists: Flecha Bus
2026-09-27 13:38:57,600 DEBUG https://argentina.mimusjobs.com:443 "GET /wp-json/wp/v2/job-listings?slug=vendedor HTTP/1.1" 200 None
2026-09-27 13:38:57,601 INFO ⏭ Job already on WP: Vendedor
2026-09-27 13:38:57,601 INFO ✅ SUCCESS — 'Vendedor' → WP ID=2434 🔗 https://argentina.mimusjobs.com/job/vendedor/
2026-09-27 13:38:58,601 INFO ── https://ar.computrabajo.com/empleos-en-capital-federal | page 4 | job 7/20: https://ar.computrabajo.com/ofertas-de-trabajo/oferta-de-trabajo-de-tecnico-de-sala-de-control-bms-caba-en-san-nicolas-D38A73F7F6AD3AB761373E686DCF3405
2026-09-27 13:38:58,661 DEBUG https://ar.computrabajo.com:443 "GET /ofertas-de-trabajo/oferta-de-trabajo-de-tecnico-de-sala-de-control-bms-caba-en-san-nicolas-D38A73F7F6AD3AB761373E686DCF3405 HTTP/1.1" 200 None
2026-09-27 13:38:58,664 DEBUG     GET https://ar.computrabajo.com/ofertas-de-trabajo/oferta-de-trabajo-de-tecnico-de-sala-de-control-bms-caba-en-san-nicolas-D38A73F7F6AD3AB761373E686DCF3405 → HTTP 200 (184,404 chars)
2026-09-27 13:38:58,701 INFO     ┌─ SCRAPED JOB ─────────────────────────────────────────
    │ URL          : https://ar.computrabajo.com/ofertas-de-trabajo/oferta-de-trabajo-de-tecnico-de-sala-de-control-bms-caba-en-san-nicolas-D38A73F7F6AD3AB761373E686DCF3405
    │ Title        : Tecnico de sala de control BMS - Caba
    │ Company      : Limpiolux S.A.
    │ Location     : San Nicolás, Capital Federal
    │ Job type     : full-time
    │ Salary       : 1122000 ARS
    │ Industry     : Servicios Profesionales
    │ Date posted  : 2026-08-18
    │ Deadline     : 2026-10-17
    │ External ID  : F4C3361C8A717866
    │ Description  : Nos encontramos en la búsqueda de un Técnico Operador BMS para desempeñarse en la operación y control de la sala de máquinas e instalaciones de un importante edificio corporativo ubicado en San Nicolá…
    └───────────────────────────────────────────────────────
2026-09-27 13:38:59,649 DEBUG https://argentina.mimusjobs.com:443 "GET /wp-json/wp/v2/companies?slug=limpiolux-s-a- HTTP/1.1" 200 None
2026-09-27 13:38:59,649 INFO ⏭ Company exists: Limpiolux S.A.
2026-09-27 13:39:00,591 DEBUG https://argentina.mimusjobs.com:443 "GET /wp-json/wp/v2/job-listings?slug=tecnico-de-sala-de-control-bms---caba HTTP/1.1" 200 None
2026-09-27 13:39:00,592 INFO ⏭ Job already on WP: Tecnico de sala de control BMS - Caba
2026-09-27 13:39:00,592 INFO ✅ SUCCESS — 'Tecnico de sala de control BMS - Caba' → WP ID=22270 🔗 https://argentina.mimusjobs.com/job/tecnico-de-sala-de-control-bms-caba/
2026-09-27 13:39:01,592 INFO ── https://ar.computrabajo.com/empleos-en-capital-federal | page 4 | job 8/20: https://ar.computrabajo.com/ofertas-de-trabajo/oferta-de-trabajo-de-oeprario-de-empaque-alimenticio-en-palermo-C8F64C44E69E780661373E686DCF3405
2026-09-27 13:39:01,645 DEBUG https://ar.computrabajo.com:443 "GET /ofertas-de-trabajo/oferta-de-trabajo-de-oeprario-de-empaque-alimenticio-en-palermo-C8F64C44E69E780661373E686DCF3405 HTTP/1.1" 200 None
2026-09-27 13:39:01,648 DEBUG     GET https://ar.computrabajo.com/ofertas-de-trabajo/oferta-de-trabajo-de-oeprario-de-empaque-alimenticio-en-palermo-C8F64C44E69E780661373E686DCF3405 → HTTP 200 (163,993 chars)
2026-09-27 13:39:01,680 INFO     ┌─ SCRAPED JOB ─────────────────────────────────────────
    │ URL          : https://ar.computrabajo.com/ofertas-de-trabajo/oferta-de-trabajo-de-oeprario-de-empaque-alimenticio-en-palermo-C8F64C44E69E780661373E686DCF3405
    │ Title        : Oeprario de Empaque - Alimenticio
    │ Company      : ETT Faster Argentina SA
    │ Location     : Palermo, Capital Federal
    │ Job type     : full-time
    │ Salary       : (not listed)
    │ Industry     : RRHH / Personal
    │ Date posted  : 2026-08-18
    │ Deadline     : 2026-10-17
    │ External ID  : A5C885307F8746A7
    │ Description  : Importante empresa Alimenticia ubicada en Capital Federal, se encuentra en la búsqueda de un operario con experiencia en empaque en Industrias de dicho rubro.-Requerimientos- Educación mínima: Secunda…
    └───────────────────────────────────────────────────────
2026-09-27 13:39:02,679 DEBUG https://argentina.mimusjobs.com:443 "GET /wp-json/wp/v2/companies?slug=ett-faster-argentina-sa HTTP/1.1" 200 None
2026-09-27 13:39:02,680 INFO ⏭ Company exists: ETT Faster Argentina SA
2026-09-27 13:39:03,523 DEBUG https://argentina.mimusjobs.com:443 "GET /wp-json/wp/v2/job-listings?slug=oeprario-de-empaque---alimenticio HTTP/1.1" 200 None
2026-09-27 13:39:03,524 INFO ⏭ Job already on WP: Oeprario de Empaque - Alimenticio
2026-09-27 13:39:03,524 INFO ✅ SUCCESS — 'Oeprario de Empaque - Alimenticio' → WP ID=22285 🔗 https://argentina.mimusjobs.com/job/oeprario-de-empaque-alimenticio/
2026-09-27 13:39:04,524 INFO ── https://ar.computrabajo.com/empleos-en-capital-federal | page 4 | job 9/20: https://ar.computrabajo.com/ofertas-de-trabajo/oferta-de-trabajo-de-soporte-tecnico-jr-11-a-20-hs-en-monserrat-3E925482399E303861373E686DCF3405
2026-09-27 13:39:04,578 DEBUG https://ar.computrabajo.com:443 "GET /ofertas-de-trabajo/oferta-de-trabajo-de-soporte-tecnico-jr-11-a-20-hs-en-monserrat-3E925482399E303861373E686DCF3405 HTTP/1.1" 200 None
2026-09-27 13:39:04,581 DEBUG     GET https://ar.computrabajo.com/ofertas-de-trabajo/oferta-de-trabajo-de-soporte-tecnico-jr-11-a-20-hs-en-monserrat-3E925482399E303861373E686DCF3405 → HTTP 200 (169,741 chars)
2026-09-27 13:39:04,615 INFO     ┌─ SCRAPED JOB ─────────────────────────────────────────
    │ URL          : https://ar.computrabajo.com/ofertas-de-trabajo/oferta-de-trabajo-de-soporte-tecnico-jr-11-a-20-hs-en-monserrat-3E925482399E303861373E686DCF3405
    │ Title        : Soporte Técnico Jr 11 a 20 hs
    │ Company      : Ecosistemas
    │ Location     : Monserrat, Capital Federal
    │ Job type     : full-time
    │ Salary       : (not listed)
    │ Industry     : Informática / Software
    │ Date posted  : 2026-08-26
    │ Deadline     : 2026-10-25
    │ External ID  : 0E89F12838CBBF30
    │ Description  : Somos Ecosistemas Global, una compañía de tecnología que conecta a nuestros clientes con soluciones a medida, integrales e innovadoras. Operamos en más de 15 países, incluyendo Argentina, Chile, Brasi…
    └───────────────────────────────────────────────────────
2026-09-27 13:39:05,390 DEBUG https://argentina.mimusjobs.com:443 "GET /wp-json/wp/v2/companies?slug=ecosistemas HTTP/1.1" 200 None
2026-09-27 13:39:05,390 INFO ⏭ Company exists: Ecosistemas
2026-09-27 13:39:06,024 DEBUG https://argentina.mimusjobs.com:443 "GET /wp-json/wp/v2/job-listings?slug=soporte-t-cnico-jr-11-a-20-hs HTTP/1.1" 200 None
2026-09-27 13:39:06,088 DEBUG https://ii.ct-stc.com:443 "GET /5/logos/empresas/2025/08/21//ecosistemas144638thumbnail.jpeg HTTP/1.1" 200 22807
2026-09-27 13:39:07,347 DEBUG https://argentina.mimusjobs.com:443 "POST /wp-json/wp/v2/media HTTP/1.1" 201 None
2026-09-27 13:39:08,537 DEBUG https://argentina.mimusjobs.com:443 "POST /wp-json/wp/v2/job-listings HTTP/1.1" 201 None
2026-09-27 13:39:08,537 INFO ✅ Job posted: 'Soporte Técnico Jr 11 a 20 hs' → WP ID 33663
2026-09-27 13:39:08,537 INFO ✅ SUCCESS — 'Soporte Técnico Jr 11 a 20 hs' → WP ID=33663 🔗 https://argentina.mimusjobs.com/job/soporte-tecnico-jr-11-a-20-hs-5/
2026-09-27 13:39:09,538 INFO ── https://ar.computrabajo.com/empleos-en-capital-federal | page 4 | job 10/20: https://ar.computrabajo.com/ofertas-de-trabajo/oferta-de-trabajo-de-analista-de-capacitacion-y-comunicacion-interna-transitorio-en-barracas-D4059C0A36ED0E3761373E686DCF3405
2026-09-27 13:39:09,573 DEBUG https://ar.computrabajo.com:443 "GET /ofertas-de-trabajo/oferta-de-trabajo-de-analista-de-capacitacion-y-comunicacion-interna-transitorio-en-barracas-D4059C0A36ED0E3761373E686DCF3405 HTTP/1.1" 200 None
2026-09-27 13:39:09,576 DEBUG     GET https://ar.computrabajo.com/ofertas-de-trabajo/oferta-de-trabajo-de-analista-de-capacitacion-y-comunicacion-interna-transitorio-en-barracas-D4059C0A36ED0E3761373E686DCF3405 → HTTP 200 (170,468 chars)
2026-09-27 13:39:09,608 INFO     ┌─ SCRAPED JOB ─────────────────────────────────────────
    │ URL          : https://ar.computrabajo.com/ofertas-de-trabajo/oferta-de-trabajo-de-analista-de-capacitacion-y-comunicacion-interna-transitorio-en-barracas-D4059C0A36ED0E3761373E686DCF3405
    │ Title        : Analista de Capacitación y Comunicación Interna - Transitorio
    │ Company      : Hospital Britanico
    │ Location     : Barracas, Capital Federal
    │ Job type     : full-time
    │ Salary       : (not listed)
    │ Industry     : Salud / Medicina
    │ Date posted  : 2026-08-26
    │ Deadline     : 2026-10-25
    │ External ID  : BBC90B76520812D6
    │ Description  : En el Hospital Británico estamos buscando incorporar un/a Analista de Capacitación y Comunicación Interna de manera transitoria para sumarse a nuestro equipo de Capital Humano.
Buscamos una persona or…
    └───────────────────────────────────────────────────────
2026-09-27 13:39:10,334 DEBUG https://argentina.mimusjobs.com:443 "GET /wp-json/wp/v2/companies?slug=hospital-britanico HTTP/1.1" 200 None
2026-09-27 13:39:10,334 INFO ⏭ Company exists: Hospital Britanico
2026-09-27 13:39:11,214 DEBUG https://argentina.mimusjobs.com:443 "GET /wp-json/wp/v2/job-listings?slug=analista-de-capacitaci-n-y-comunicaci-n-interna---transitorio HTTP/1.1" 200 None
2026-09-27 13:39:11,275 DEBUG https://ii.ct-stc.com:443 "GET /5/logos/empresas/2017/12/14/hospital-britanico-BBC90B76520812D6163502thumbnail.png HTTP/1.1" 200 2368
2026-09-27 13:39:12,453 DEBUG https://argentina.mimusjobs.com:443 "POST /wp-json/wp/v2/media HTTP/1.1" 201 None
2026-09-27 13:39:13,728 DEBUG https://argentina.mimusjobs.com:443 "POST /wp-json/wp/v2/job-listings HTTP/1.1" 201 None
2026-09-27 13:39:13,729 INFO ✅ Job posted: 'Analista de Capacitación y Comunicación Interna - Transitorio' → WP ID 33665
2026-09-27 13:39:13,729 INFO ✅ SUCCESS — 'Analista de Capacitación y Comunicación Interna - Transitorio' → WP ID=33665 🔗 https://argentina.mimusjobs.com/job/analista-de-capacitacion-y-comunicacion-interna-transitorio-4/
2026-09-27 13:39:14,729 INFO ── https://ar.computrabajo.com/empleos-en-capital-federal | page 4 | job 11/20: https://ar.computrabajo.com/ofertas-de-trabajo/oferta-de-trabajo-de-cuidadoras-con-tecnicas-de-movilizacion-en-belgrano-8A1D82F5AC045C1461373E686DCF3405
2026-09-27 13:39:14,775 DEBUG https://ar.computrabajo.com:443 "GET /ofertas-de-trabajo/oferta-de-trabajo-de-cuidadoras-con-tecnicas-de-movilizacion-en-belgrano-8A1D82F5AC045C1461373E686DCF3405 HTTP/1.1" 200 None
2026-09-27 13:39:14,778 DEBUG     GET https://ar.computrabajo.com/ofertas-de-trabajo/oferta-de-trabajo-de-cuidadoras-con-tecnicas-de-movilizacion-en-belgrano-8A1D82F5AC045C1461373E686DCF3405 → HTTP 200 (150,483 chars)
2026-09-27 13:39:14,837 WARNING No JobPosting JSON-LD found, using HTML fallback: https://ar.computrabajo.com/ofertas-de-trabajo/oferta-de-trabajo-de-cuidadoras-con-tecnicas-de-movilizacion-en-belgrano-8A1D82F5AC045C1461373E686DCF3405
2026-09-27 13:39:14,839 INFO     ┌─ SCRAPED JOB ─────────────────────────────────────────
    │ URL          : https://ar.computrabajo.com/ofertas-de-trabajo/oferta-de-trabajo-de-cuidadoras-con-tecnicas-de-movilizacion-en-belgrano-8A1D82F5AC045C1461373E686DCF3405
    │ Title        : Cuidadoras con Técnicas de Movilización
    │ Company      : Importante empresa del sector
    │ Location     : Belgrano, Capital Federal
    │ Job type     : full-time
    │ Salary       : A convenir ARS
    │ Industry     : (none)
    │ Date posted  : (unknown)
    │ Deadline     : (estimated: )
    │ External ID  : (none)
    │ Description  : Importante empresa líder del Sector Salud, busca cuidadoras con técnicas de movilización para el cuidado de pacientes con diferentes patologías en domicilio. 

Turnos: 
12 hs. Lunes a Viernes (De 8 a …
    └───────────────────────────────────────────────────────
2026-09-27 13:39:15,496 DEBUG https://argentina.mimusjobs.com:443 "GET /wp-json/wp/v2/companies?slug=importante-empresa-del-sector HTTP/1.1" 200 None
2026-09-27 13:39:15,496 INFO ⏭ Company exists: Importante empresa del sector
2026-09-27 13:39:16,990 DEBUG https://argentina.mimusjobs.com:443 "GET /wp-json/wp/v2/job-listings?slug=cuidadoras-con-t-cnicas-de-movilizaci-n HTTP/1.1" 200 None
2026-09-27 13:39:18,354 DEBUG https://argentina.mimusjobs.com:443 "POST /wp-json/wp/v2/job-listings HTTP/1.1" 201 None
2026-09-27 13:39:18,354 INFO ✅ Job posted: 'Cuidadoras con Técnicas de Movilización' → WP ID 33666
2026-09-27 13:39:18,355 INFO ✅ SUCCESS — 'Cuidadoras con Técnicas de Movilización' → WP ID=33666 🔗 https://argentina.mimusjobs.com/job/cuidadoras-con-tecnicas-de-movilizacion-4/
2026-09-27 13:39:19,355 INFO ── https://ar.computrabajo.com/empleos-en-capital-federal | page 4 | job 12/20: https://ar.computrabajo.com/ofertas-de-trabajo/oferta-de-trabajo-de-tecnico-especialista-en-alarmas-y-camaras-de-seguridad-en-floresta-9A09F34BF548D57561373E686DCF3405
2026-09-27 13:39:19,413 DEBUG https://ar.computrabajo.com:443 "GET /ofertas-de-trabajo/oferta-de-trabajo-de-tecnico-especialista-en-alarmas-y-camaras-de-seguridad-en-floresta-9A09F34BF548D57561373E686DCF3405 HTTP/1.1" 200 None
2026-09-27 13:39:19,416 DEBUG     GET https://ar.computrabajo.com/ofertas-de-trabajo/oferta-de-trabajo-de-tecnico-especialista-en-alarmas-y-camaras-de-seguridad-en-floresta-9A09F34BF548D57561373E686DCF3405 → HTTP 200 (159,515 chars)
2026-09-27 13:39:19,444 INFO     ┌─ SCRAPED JOB ─────────────────────────────────────────
    │ URL          : https://ar.computrabajo.com/ofertas-de-trabajo/oferta-de-trabajo-de-tecnico-especialista-en-alarmas-y-camaras-de-seguridad-en-floresta-9A09F34BF548D57561373E686DCF3405
    │ Title        : Técnico Especialista en Alarmas y Cámaras de Seguridad
    │ Company      : Ayax
    │ Location     : Floresta, Capital Federal
    │ Job type     : full-time
    │ Salary       : (not listed)
    │ Industry     : Venta al consumidor
    │ Date posted  : 2026-09-03
    │ Deadline     : 2026-11-02
    │ External ID  : 493F28317442BC40
    │ Description  : ¡Queremos que formes parte de nuestro equipo!
Actualmente nos encontramos en la búsqueda de un Técnico Especialista en Alarmas y Cámaras de Seguridad para sumarse a un equipo dinámico, profesional y e…
    └───────────────────────────────────────────────────────
2026-09-27 13:39:20,950 DEBUG https://argentina.mimusjobs.com:443 "GET /wp-json/wp/v2/companies?slug=ayax HTTP/1.1" 200 None
2026-09-27 13:39:20,951 INFO ⏭ Company exists: Ayax
2026-09-27 13:39:21,949 DEBUG https://argentina.mimusjobs.com:443 "GET /wp-json/wp/v2/job-listings?slug=t-cnico-especialista-en-alarmas-y-c-maras-de-seguridad HTTP/1.1" 200 None
2026-09-27 13:39:23,066 DEBUG https://argentina.mimusjobs.com:443 "GET /wp-json/wp/v2/job_listing_region?slug=floresta--capital-federal HTTP/1.1" 200 None
2026-09-27 13:39:24,811 DEBUG https://argentina.mimusjobs.com:443 "POST /wp-json/wp/v2/job-listings HTTP/1.1" 201 None
2026-09-27 13:39:24,812 INFO ✅ Job posted: 'Técnico Especialista en Alarmas y Cámaras de Seguridad' → WP ID 33667
2026-09-27 13:39:24,812 INFO ✅ SUCCESS — 'Técnico Especialista en Alarmas y Cámaras de Seguridad' → WP ID=33667 🔗 https://argentina.mimusjobs.com/job/tecnico-especialista-en-alarmas-y-camaras-de-seguridad-4/
2026-09-27 13:39:25,812 INFO ── https://ar.computrabajo.com/empleos-en-capital-federal | page 4 | job 13/20: https://ar.computrabajo.com/ofertas-de-trabajo/oferta-de-trabajo-de-chofer-enfermero-de-ambulancia-eventual-en-recoleta-C3F7C7E7647A309D61373E686DCF3405
2026-09-27 13:39:25,866 DEBUG https://ar.computrabajo.com:443 "GET /ofertas-de-trabajo/oferta-de-trabajo-de-chofer-enfermero-de-ambulancia-eventual-en-recoleta-C3F7C7E7647A309D61373E686DCF3405 HTTP/1.1" 200 None
2026-09-27 13:39:25,869 DEBUG     GET https://ar.computrabajo.com/ofertas-de-trabajo/oferta-de-trabajo-de-chofer-enfermero-de-ambulancia-eventual-en-recoleta-C3F7C7E7647A309D61373E686DCF3405 → HTTP 200 (166,866 chars)
2026-09-27 13:39:25,902 INFO     ┌─ SCRAPED JOB ─────────────────────────────────────────
    │ URL          : https://ar.computrabajo.com/ofertas-de-trabajo/oferta-de-trabajo-de-chofer-enfermero-de-ambulancia-eventual-en-recoleta-C3F7C7E7647A309D61373E686DCF3405
    │ Title        : Chofer / Enfermero de Ambulancia - Eventual
    │ Company      : Medicus S.A.
    │ Location     : Recoleta, Capital Federal
    │ Job type     : full-time
    │ Salary       : (not listed)
    │ Industry     : Salud / Medicina
    │ Date posted  : 2026-09-11
    │ Deadline     : 2026-11-10
    │ External ID  : C10D474E32D85863
    │ Description  : En Medicus nos encontramos en la búsqueda de Enfermeros Profesionales/ Licenciados en Enfermería para desempeñarse en la función de Choferes Enfermeros eventuales para brindar servicio en ambulancias …
    └───────────────────────────────────────────────────────
2026-09-27 13:39:26,510 DEBUG https://argentina.mimusjobs.com:443 "GET /wp-json/wp/v2/companies?slug=medicus-s-a- HTTP/1.1" 200 None
2026-09-27 13:39:26,510 INFO ⏭ Company exists: Medicus S.A.
2026-09-27 13:39:27,265 DEBUG https://argentina.mimusjobs.com:443 "GET /wp-json/wp/v2/job-listings?slug=chofer---enfermero-de-ambulancia---eventual HTTP/1.1" 200 None
2026-09-27 13:39:27,265 INFO ⏭ Job already on WP: Chofer / Enfermero de Ambulancia - Eventual
2026-09-27 13:39:27,266 INFO ✅ SUCCESS — 'Chofer / Enfermero de Ambulancia - Eventual' → WP ID=22278 🔗 https://argentina.mimusjobs.com/job/chofer-enfermero-de-ambulancia-eventual/
2026-09-27 13:39:28,266 INFO ── https://ar.computrabajo.com/empleos-en-capital-federal | page 4 | job 14/20: https://ar.computrabajo.com/ofertas-de-trabajo/oferta-de-trabajo-de-auxiliar-de-montaje-para-hotel-5-estrellas-caba-en-retiro-45F5A12B3995C28161373E686DCF3405
2026-09-27 13:39:28,317 DEBUG https://ar.computrabajo.com:443 "GET /ofertas-de-trabajo/oferta-de-trabajo-de-auxiliar-de-montaje-para-hotel-5-estrellas-caba-en-retiro-45F5A12B3995C28161373E686DCF3405 HTTP/1.1" 200 None
2026-09-27 13:39:28,319 DEBUG     GET https://ar.computrabajo.com/ofertas-de-trabajo/oferta-de-trabajo-de-auxiliar-de-montaje-para-hotel-5-estrellas-caba-en-retiro-45F5A12B3995C28161373E686DCF3405 → HTTP 200 (173,678 chars)
2026-09-27 13:39:28,355 INFO     ┌─ SCRAPED JOB ─────────────────────────────────────────
    │ URL          : https://ar.computrabajo.com/ofertas-de-trabajo/oferta-de-trabajo-de-auxiliar-de-montaje-para-hotel-5-estrellas-caba-en-retiro-45F5A12B3995C28161373E686DCF3405
    │ Title        : Auxiliar de Montaje para Hotel 5 Estrellas, CABA
    │ Company      : Adecco Argentina S.A.
    │ Location     : Retiro, Capital Federal
    │ Job type     : full-time
    │ Salary       : (not listed)
    │ Industry     : RRHH / Personal
    │ Date posted  : 2026-09-19
    │ Deadline     : 2026-11-18
    │ External ID  : 206BA0109DAA5C4A
    │ Description  : Adecco Hoteles y Catering es la división especializada en el reclutamiento, selección, evaluación, formación y puesta a disposición de profesionales para empresas del sector hotelería.
Si te gustan lo…
    └───────────────────────────────────────────────────────
2026-09-27 13:39:29,761 DEBUG https://argentina.mimusjobs.com:443 "GET /wp-json/wp/v2/companies?slug=adecco-argentina-s-a- HTTP/1.1" 200 None
2026-09-27 13:39:29,762 INFO ⏭ Company exists: Adecco Argentina S.A.
2026-09-27 13:39:30,897 DEBUG https://argentina.mimusjobs.com:443 "GET /wp-json/wp/v2/job-listings?slug=auxiliar-de-montaje-para-hotel-5-estrellas--caba HTTP/1.1" 200 None
2026-09-27 13:39:30,897 INFO ⏭ Job already on WP: Auxiliar de Montaje para Hotel 5 Estrellas, CABA
2026-09-27 13:39:30,898 INFO ✅ SUCCESS — 'Auxiliar de Montaje para Hotel 5 Estrellas, CABA' → WP ID=21350 🔗 https://argentina.mimusjobs.com/job/auxiliar-de-montaje-para-hotel-5-estrellas-caba/
2026-09-27 13:39:31,898 INFO ── https://ar.computrabajo.com/empleos-en-capital-federal | page 4 | job 15/20: https://ar.computrabajo.com/ofertas-de-trabajo/oferta-de-trabajo-de-lideres-de-sucursal-gerente-encargados-y-referentes-de-turno-en-villa-devoto-F2C3450CC650E56961373E686DCF3405
2026-09-27 13:39:31,930 DEBUG https://ar.computrabajo.com:443 "GET /ofertas-de-trabajo/oferta-de-trabajo-de-lideres-de-sucursal-gerente-encargados-y-referentes-de-turno-en-villa-devoto-F2C3450CC650E56961373E686DCF3405 HTTP/1.1" 200 None
2026-09-27 13:39:31,933 DEBUG     GET https://ar.computrabajo.com/ofertas-de-trabajo/oferta-de-trabajo-de-lideres-de-sucursal-gerente-encargados-y-referentes-de-turno-en-villa-devoto-F2C3450CC650E56961373E686DCF3405 → HTTP 200 (149,865 chars)
2026-09-27 13:39:31,959 WARNING No JobPosting JSON-LD found, using HTML fallback: https://ar.computrabajo.com/ofertas-de-trabajo/oferta-de-trabajo-de-lideres-de-sucursal-gerente-encargados-y-referentes-de-turno-en-villa-devoto-F2C3450CC650E56961373E686DCF3405
2026-09-27 13:39:31,960 INFO     ┌─ SCRAPED JOB ─────────────────────────────────────────
    │ URL          : https://ar.computrabajo.com/ofertas-de-trabajo/oferta-de-trabajo-de-lideres-de-sucursal-gerente-encargados-y-referentes-de-turno-en-villa-devoto-F2C3450CC650E56961373E686DCF3405
    │ Title        : Líderes de Sucursal: Gerente, Encargados y Referentes de Turno
    │ Company      : Importante empresa del sector
    │ Location     : Villa Devoto, Capital Federal
    │ Job type     : full-time
    │ Salary       : A convenir ARS
    │ Industry     : (none)
    │ Date posted  : (unknown)
    │ Deadline     : (estimated: )
    │ External ID  : (none)
    │ Description  : En nuestra visión, una experiencia de cliente excepcional comienza con un equipo bien gestionado. No buscamos solo administradores de locales; buscamos líderes operativos capaces de elevar los estánda…
    └───────────────────────────────────────────────────────
2026-09-27 13:39:32,731 DEBUG https://argentina.mimusjobs.com:443 "GET /wp-json/wp/v2/companies?slug=importante-empresa-del-sector HTTP/1.1" 200 None
2026-09-27 13:39:32,731 INFO ⏭ Company exists: Importante empresa del sector
2026-09-27 13:39:33,709 DEBUG https://argentina.mimusjobs.com:443 "GET /wp-json/wp/v2/job-listings?slug=l-deres-de-sucursal--gerente--encargados-y-referentes-de-turno HTTP/1.1" 200 None
2026-09-27 13:39:34,700 DEBUG https://argentina.mimusjobs.com:443 "GET /wp-json/wp/v2/job_listing_region?slug=villa-devoto--capital-federal HTTP/1.1" 200 None
2026-09-27 13:39:36,031 DEBUG https://argentina.mimusjobs.com:443 "POST /wp-json/wp/v2/job-listings HTTP/1.1" 201 None
2026-09-27 13:39:36,032 INFO ✅ Job posted: 'Líderes de Sucursal: Gerente, Encargados y Referentes de Turno' → WP ID 33668
2026-09-27 13:39:36,032 INFO ✅ SUCCESS — 'Líderes de Sucursal: Gerente, Encargados y Referentes de Turno' → WP ID=33668 🔗 https://argentina.mimusjobs.com/job/lideres-de-sucursal-gerente-encargados-y-referentes-de-turno-4/
2026-09-27 13:39:37,032 INFO ── https://ar.computrabajo.com/empleos-en-capital-federal | page 4 | job 16/20: https://ar.computrabajo.com/ofertas-de-trabajo/oferta-de-trabajo-de-ref-21497-business-analystsbanca-nunez-caba-en-nunez-1BED4CDD2191273361373E686DCF3405
2026-09-27 13:39:37,062 DEBUG https://ar.computrabajo.com:443 "GET /ofertas-de-trabajo/oferta-de-trabajo-de-ref-21497-business-analystsbanca-nunez-caba-en-nunez-1BED4CDD2191273361373E686DCF3405 HTTP/1.1" 200 None
2026-09-27 13:39:37,065 DEBUG     GET https://ar.computrabajo.com/ofertas-de-trabajo/oferta-de-trabajo-de-ref-21497-business-analystsbanca-nunez-caba-en-nunez-1BED4CDD2191273361373E686DCF3405 → HTTP 200 (176,069 chars)
2026-09-27 13:39:37,101 INFO     ┌─ SCRAPED JOB ─────────────────────────────────────────
    │ URL          : https://ar.computrabajo.com/ofertas-de-trabajo/oferta-de-trabajo-de-ref-21497-business-analystsbanca-nunez-caba-en-nunez-1BED4CDD2191273361373E686DCF3405
    │ Title        : Ref. 21497: Business Analysts/Banca - Nuñez CABA
    │ Company      : ADN - Recursos Humanos
    │ Location     : Núñez, Capital Federal
    │ Job type     : full-time
    │ Salary       : 11111 ARS
    │ Industry     : RRHH / Personal
    │ Date posted  : 2026-09-11
    │ Deadline     : 2026-11-10
    │ External ID  : 83C9514433EC04CD
    │ Description  : En ADN – Recursos Humanos estamos en la búsqueda de Sr Solution Analyst / Híbrido Núñez CABA / 100% Presencial para Importante Empresa. Requerimientos: -Entre diez y trece años de experiencia profesio…
    └───────────────────────────────────────────────────────
2026-09-27 13:39:37,781 DEBUG https://argentina.mimusjobs.com:443 "GET /wp-json/wp/v2/companies?slug=adn---recursos-humanos HTTP/1.1" 200 None
2026-09-27 13:39:37,781 INFO ⏭ Company exists: ADN - Recursos Humanos
2026-09-27 13:39:38,676 DEBUG https://argentina.mimusjobs.com:443 "GET /wp-json/wp/v2/job-listings?slug=ref--21497--business-analysts-banca---nu-ez-caba HTTP/1.1" 200 None
2026-09-27 13:39:38,681 DEBUG https://ii.ct-stc.com:443 "GET /5/logos/empresas/2018/03/19//adn202047thumbnail.jpeg HTTP/1.1" 200 5285
2026-09-27 13:39:39,619 DEBUG https://argentina.mimusjobs.com:443 "POST /wp-json/wp/v2/media HTTP/1.1" 201 None
2026-09-27 13:39:40,327 DEBUG https://argentina.mimusjobs.com:443 "GET /wp-json/wp/v2/job_listing_region?slug=n--ez--capital-federal HTTP/1.1" 200 None
2026-09-27 13:39:41,736 DEBUG https://argentina.mimusjobs.com:443 "POST /wp-json/wp/v2/job-listings HTTP/1.1" 201 None
2026-09-27 13:39:41,737 INFO ✅ Job posted: 'Ref. 21497: Business Analysts/Banca - Nuñez CABA' → WP ID 33670
2026-09-27 13:39:41,737 INFO ✅ SUCCESS — 'Ref. 21497: Business Analysts/Banca - Nuñez CABA' → WP ID=33670 🔗 https://argentina.mimusjobs.com/job/ref-21497-business-analysts-banca-nunez-caba-4/
2026-09-27 13:39:42,737 INFO ── https://ar.computrabajo.com/empleos-en-capital-federal | page 4 | job 17/20: https://ar.computrabajo.com/ofertas-de-trabajo/oferta-de-trabajo-de-agente-inmobiliario-con-altas-comisiones-en-san-nicolas-098A5560909C33B661373E686DCF3405
2026-09-27 13:39:42,747 DEBUG https://ar.computrabajo.com:443 "GET /ofertas-de-trabajo/oferta-de-trabajo-de-agente-inmobiliario-con-altas-comisiones-en-san-nicolas-098A5560909C33B661373E686DCF3405 HTTP/1.1" 200 None
2026-09-27 13:39:42,748 DEBUG     GET https://ar.computrabajo.com/ofertas-de-trabajo/oferta-de-trabajo-de-agente-inmobiliario-con-altas-comisiones-en-san-nicolas-098A5560909C33B661373E686DCF3405 → HTTP 200 (164,050 chars)
2026-09-27 13:39:42,778 INFO     ┌─ SCRAPED JOB ─────────────────────────────────────────
    │ URL          : https://ar.computrabajo.com/ofertas-de-trabajo/oferta-de-trabajo-de-agente-inmobiliario-con-altas-comisiones-en-san-nicolas-098A5560909C33B661373E686DCF3405
    │ Title        : agente inmobiliario - Con altas comisiones.
    │ Company      : BRANCAPROP
    │ Location     : San Nicolás, Capital Federal
    │ Job type     : full-time
    │ Salary       : (not listed)
    │ Industry     : Venta al consumidor
    │ Date posted  : 2026-08-10
    │ Deadline     : 2026-10-09
    │ External ID  : 01763DBAAF5B7D8A
    │ Description  : Sumate a nuestro equipo comercial Nos encontramos en la búsqueda de perfiles comerciales dinámicos, proactivos y con ganas de crecer económicamente. Buscamos personas con actitud, ambición y excelente…
    └───────────────────────────────────────────────────────
2026-09-27 13:39:43,958 DEBUG https://argentina.mimusjobs.com:443 "GET /wp-json/wp/v2/companies?slug=brancaprop HTTP/1.1" 200 None
2026-09-27 13:39:43,958 INFO ⏭ Company exists: BRANCAPROP
2026-09-27 13:39:44,552 DEBUG https://argentina.mimusjobs.com:443 "GET /wp-json/wp/v2/job-listings?slug=agente-inmobiliario---con-altas-comisiones- HTTP/1.1" 200 None
2026-09-27 13:39:44,552 INFO ⏭ Job already on WP: agente inmobiliario - Con altas comisiones.
2026-09-27 13:39:44,553 INFO ✅ SUCCESS — 'agente inmobiliario - Con altas comisiones.' → WP ID=22294 🔗 https://argentina.mimusjobs.com/job/agente-inmobiliario-con-altas-comisiones/
2026-09-27 13:39:45,553 INFO ── https://ar.computrabajo.com/empleos-en-capital-federal | page 4 | job 18/20: https://ar.computrabajo.com/ofertas-de-trabajo/oferta-de-trabajo-de-gerente-de-tienda-en-palermo-C5B9DEFF1586B36061373E686DCF3405
2026-09-27 13:39:45,593 DEBUG https://ar.computrabajo.com:443 "GET /ofertas-de-trabajo/oferta-de-trabajo-de-gerente-de-tienda-en-palermo-C5B9DEFF1586B36061373E686DCF3405 HTTP/1.1" 200 None
2026-09-27 13:39:45,595 DEBUG     GET https://ar.computrabajo.com/ofertas-de-trabajo/oferta-de-trabajo-de-gerente-de-tienda-en-palermo-C5B9DEFF1586B36061373E686DCF3405 → HTTP 200 (159,066 chars)
2026-09-27 13:39:45,622 INFO     ┌─ SCRAPED JOB ─────────────────────────────────────────
    │ URL          : https://ar.computrabajo.com/ofertas-de-trabajo/oferta-de-trabajo-de-gerente-de-tienda-en-palermo-C5B9DEFF1586B36061373E686DCF3405
    │ Title        : Gerente de tienda
    │ Company      : RITA CAFFEE
    │ Location     : Palermo, Capital Federal
    │ Job type     : full-time
    │ Salary       : 2500000 ARS
    │ Industry     : Hostelería / Turismo
    │ Date posted  : 2026-08-10
    │ Deadline     : 2026-10-09
    │ External ID  : 50116E362CD1E9B5
    │ Description  : ¡En Rita seguimos creciendo! Por apertura de nueva tienda estaremos incorporando un Gerente de Tienda con sólida experiencia.
Serán tus principales funciones:
Liderar la operación diaria de la tienda,…
    └───────────────────────────────────────────────────────
2026-09-27 13:39:46,191 DEBUG https://argentina.mimusjobs.com:443 "GET /wp-json/wp/v2/companies?slug=rita-caffee HTTP/1.1" 200 None
2026-09-27 13:39:46,191 INFO ⏭ Company exists: RITA CAFFEE
2026-09-27 13:39:47,600 DEBUG https://argentina.mimusjobs.com:443 "GET /wp-json/wp/v2/job-listings?slug=gerente-de-tienda HTTP/1.1" 200 None
2026-09-27 13:39:47,601 INFO ⏭ Job already on WP: Gerente de tienda
2026-09-27 13:39:47,601 INFO ✅ SUCCESS — 'Gerente de tienda' → WP ID=10522 🔗 https://argentina.mimusjobs.com/job/gerente-de-tienda/
2026-09-27 13:39:48,601 INFO ── https://ar.computrabajo.com/empleos-en-capital-federal | page 4 | job 19/20: https://ar.computrabajo.com/ofertas-de-trabajo/oferta-de-trabajo-de-maestro-factureroa-panaderoa-maestro-factureropanadero-para-planta-en-jose-l-suarez-3-a-5-anos-de-experiencia-en-palermo-C8494D51C09227E261373E686DCF3405
2026-09-27 13:39:48,668 DEBUG https://ar.computrabajo.com:443 "GET /ofertas-de-trabajo/oferta-de-trabajo-de-maestro-factureroa-panaderoa-maestro-factureropanadero-para-planta-en-jose-l-suarez-3-a-5-anos-de-experiencia-en-palermo-C8494D51C09227E261373E686DCF3405 HTTP/1.1" 200 None
2026-09-27 13:39:48,670 DEBUG     GET https://ar.computrabajo.com/ofertas-de-trabajo/oferta-de-trabajo-de-maestro-factureroa-panaderoa-maestro-factureropanadero-para-planta-en-jose-l-suarez-3-a-5-anos-de-experiencia-en-palermo-C8494D51C09227E261373E686DCF3405 → HTTP 200 (158,081 chars)
2026-09-27 13:39:48,699 INFO     ┌─ SCRAPED JOB ─────────────────────────────────────────
    │ URL          : https://ar.computrabajo.com/ofertas-de-trabajo/oferta-de-trabajo-de-maestro-factureroa-panaderoa-maestro-factureropanadero-para-planta-en-jose-l-suarez-3-a-5-anos-de-experiencia-en-palermo-C8494D51C09227E261373E686DCF3405
    │ Title        : Maestro Facturero/a Panadero/a - maestro facturero/panadero para planta en Jose l Suarez, 3 a 5 años de experiencia
    │ Company      : PANEXA
    │ Location     : Palermo, Capital Federal
    │ Job type     : full-time
    │ Salary       : (not listed)
    │ Industry     : Hostelería / Turismo
    │ Date posted  : 2026-08-18
    │ Deadline     : 2026-10-17
    │ External ID  : 7270BF9E4EFBF405
    │ Description  : Se busca Maestro facturero/panadero , con 3 años apro de experiencia en el rubro y en con armado de facturas y medialunas, panaderia y bolleria. Contratacion e incoporacion inmediata.-Requerimientos- …
    └───────────────────────────────────────────────────────
2026-09-27 13:39:49,505 DEBUG https://argentina.mimusjobs.com:443 "GET /wp-json/wp/v2/companies?slug=panexa HTTP/1.1" 200 None
2026-09-27 13:39:49,506 INFO ⏭ Company exists: PANEXA
2026-09-27 13:39:50,149 DEBUG https://argentina.mimusjobs.com:443 "GET /wp-json/wp/v2/job-listings?slug=maestro-facturero-a-panadero-a---maestro-facturero-panadero-para-planta-en-jose- HTTP/1.1" 200 None
2026-09-27 13:39:51,476 DEBUG https://argentina.mimusjobs.com:443 "POST /wp-json/wp/v2/job-listings HTTP/1.1" 201 None
2026-09-27 13:39:51,476 INFO ✅ Job posted: 'Maestro Facturero/a Panadero/a - maestro facturero/panadero para planta en Jose l Suarez, 3 a 5 años de experiencia' → WP ID 33671
2026-09-27 13:39:51,477 INFO ✅ SUCCESS — 'Maestro Facturero/a Panadero/a - maestro facturero/panadero para planta en Jose l Suarez, 3 a 5 años de experiencia' → WP ID=33671 🔗 https://argentina.mimusjobs.com/job/maestro-facturero-a-panadero-a-maestro-facturero-panadero-para-planta-en-jose-l-suarez-3-a-5-anos-de-experiencia-5/
2026-09-27 13:39:52,477 INFO ── https://ar.computrabajo.com/empleos-en-capital-federal | page 4 | job 20/20: https://ar.computrabajo.com/ofertas-de-trabajo/oferta-de-trabajo-de-encargadoa-gastronomicoa-en-palermo-5528E200116AFEAD61373E686DCF3405
2026-09-27 13:39:52,508 DEBUG https://ar.computrabajo.com:443 "GET /ofertas-de-trabajo/oferta-de-trabajo-de-encargadoa-gastronomicoa-en-palermo-5528E200116AFEAD61373E686DCF3405 HTTP/1.1" 200 None
2026-09-27 13:39:52,510 DEBUG     GET https://ar.computrabajo.com/ofertas-de-trabajo/oferta-de-trabajo-de-encargadoa-gastronomicoa-en-palermo-5528E200116AFEAD61373E686DCF3405 → HTTP 200 (150,663 chars)
2026-09-27 13:39:52,537 WARNING No JobPosting JSON-LD found, using HTML fallback: https://ar.computrabajo.com/ofertas-de-trabajo/oferta-de-trabajo-de-encargadoa-gastronomicoa-en-palermo-5528E200116AFEAD61373E686DCF3405
2026-09-27 13:39:52,538 INFO     ┌─ SCRAPED JOB ─────────────────────────────────────────
    │ URL          : https://ar.computrabajo.com/ofertas-de-trabajo/oferta-de-trabajo-de-encargadoa-gastronomicoa-en-palermo-5528E200116AFEAD61373E686DCF3405
    │ Title        : Encargado/a Gastronómico/a
    │ Company      : Importante empresa del sector
    │ Location     : Palermo, Capital Federal
    │ Job type     : full-time
    │ Salary       : A convenir ARS
    │ Industry     : (none)
    │ Date posted  : (unknown)
    │ Deadline     : (estimated: )
    │ External ID  : (none)
    │ Description  : Buscamos un Encargado/a para nuestro Restaurante Tareas: -Fichar -Proveedores -Manejo del Personal -Compras -Stock -Entre otras Requisitos: -Edad a partir de 30 años -Mínimo 3 años de experiencia -Sec…
    └───────────────────────────────────────────────────────
2026-09-27 13:39:53,816 DEBUG https://argentina.mimusjobs.com:443 "GET /wp-json/wp/v2/companies?slug=importante-empresa-del-sector HTTP/1.1" 200 None
2026-09-27 13:39:53,816 INFO ⏭ Company exists: Importante empresa del sector
2026-09-27 13:39:54,916 DEBUG https://argentina.mimusjobs.com:443 "GET /wp-json/wp/v2/job-listings?slug=encargado-a-gastron-mico-a HTTP/1.1" 200 None
2026-09-27 13:39:56,309 DEBUG https://argentina.mimusjobs.com:443 "POST /wp-json/wp/v2/job-listings HTTP/1.1" 201 None
2026-09-27 13:39:56,310 INFO ✅ Job posted: 'Encargado/a Gastronómico/a' → WP ID 33672
2026-09-27 13:39:56,310 INFO ✅ SUCCESS — 'Encargado/a Gastronómico/a' → WP ID=33672 🔗 https://argentina.mimusjobs.com/job/encargado-a-gastronomico-a-5/
2026-09-27 13:39:57,311 INFO 📊 Running totals — posted: 80 | skipped: 0 | failed: 0
2026-09-27 13:39:57,311 INFO Fetching listing page 5: https://ar.computrabajo.com/empleos-en-capital-federal?p=5
2026-09-27 13:39:57,379 DEBUG https://ar.computrabajo.com:443 "GET /empleos-en-capital-federal?p=5 HTTP/1.1" 200 None
2026-09-27 13:39:57,385 DEBUG     GET https://ar.computrabajo.com/empleos-en-capital-federal?p=5 → HTTP 200 (331,862 chars)
2026-09-27 13:39:57,449 INFO Found 20 job URLs on page 5
2026-09-27 13:39:57,449 DEBUG     job 1: https://ar.computrabajo.com/ofertas-de-trabajo/oferta-de-trabajo-de-medicina-domiciliaria-en-nunez-2048E52E02B35E1961373E686DCF3405
2026-09-27 13:39:57,449 DEBUG     job 2: https://ar.computrabajo.com/ofertas-de-trabajo/oferta-de-trabajo-de-responsable-de-personal-con-conocimientos-contables-en-recoleta-F1C77F667B5F66CE61373E686DCF3405
2026-09-27 13:39:57,449 DEBUG     job 3: https://ar.computrabajo.com/ofertas-de-trabajo/oferta-de-trabajo-de-asesor-comercial-full-time-en-nunez-031C9EC8DC1C7E7C61373E686DCF3405
2026-09-27 13:39:57,450 DEBUG     job 4: https://ar.computrabajo.com/ofertas-de-trabajo/oferta-de-trabajo-de-barista-turno-tarde-en-belgrano-AC33800AA8F1834061373E686DCF3405
2026-09-27 13:39:57,450 DEBUG     job 5: https://ar.computrabajo.com/ofertas-de-trabajo/oferta-de-trabajo-de-analista-de-seguridad-operativa-redes-presencial-en-san-nicolas-D4FC45A899701EDD61373E686DCF3405
2026-09-27 13:39:57,450 DEBUG     job 6: https://ar.computrabajo.com/ofertas-de-trabajo/oferta-de-trabajo-de-barista-en-caballito-01A7025873479A1E61373E686DCF3405
2026-09-27 13:39:57,450 DEBUG     job 7: https://ar.computrabajo.com/ofertas-de-trabajo/oferta-de-trabajo-de-ayudante-de-cocina-en-palermo-92BCE55AE4A3105B61373E686DCF3405
2026-09-27 13:39:57,450 DEBUG     job 8: https://ar.computrabajo.com/ofertas-de-trabajo/oferta-de-trabajo-de-pasteleroa-produccion-y-eventos-en-puerto-madero-C8EE42FADD24FBD561373E686DCF3405
2026-09-27 13:39:57,450 DEBUG     job 9: https://ar.computrabajo.com/ofertas-de-trabajo/oferta-de-trabajo-de-personal-de-limpieza-con-experiencia-en-san-cristobal-3F58252B651A872F61373E686DCF3405
2026-09-27 13:39:57,450 DEBUG     job 10: https://ar.computrabajo.com/ofertas-de-trabajo/oferta-de-trabajo-de-enfermera-auxiliar-de-enfenfermera-para-geriatrico-en-floresta-B96350324702B4DF61373E686DCF3405
2026-09-27 13:39:57,450 DEBUG     job 11: https://ar.computrabajo.com/ofertas-de-trabajo/oferta-de-trabajo-de-vendedores-de-pos-y-cuentas-pymes-monotributistas-monotributistas-en-san-nicolas-36084C8C93980E4C61373E686DCF3405
2026-09-27 13:39:57,450 DEBUG     job 12: https://ar.computrabajo.com/ofertas-de-trabajo/oferta-de-trabajo-de-pizzero-experiencia-comprobable-en-caballito-D762C1F5E52771C861373E686DCF3405
2026-09-27 13:39:57,450 DEBUG     job 13: https://ar.computrabajo.com/ofertas-de-trabajo/oferta-de-trabajo-de-chofer-en-barracas-BBACBF79D250806061373E686DCF3405
2026-09-27 13:39:57,450 DEBUG     job 14: https://ar.computrabajo.com/ofertas-de-trabajo/oferta-de-trabajo-de-cocineroa-cocina-en-caballito-1671BFCF7CC43DD161373E686DCF3405
2026-09-27 13:39:57,450 DEBUG     job 15: https://ar.computrabajo.com/ofertas-de-trabajo/oferta-de-trabajo-de-ingeniero-especialista-en-estimaciones-en-puerto-madero-52AEC88D776EFCFB61373E686DCF3405
2026-09-27 13:39:57,450 DEBUG     job 16: https://ar.computrabajo.com/ofertas-de-trabajo/oferta-de-trabajo-de-cajeroa-vendedor-part-time-pet-shop-en-villa-pueyrredon-445A1454EE1844F761373E686DCF3405
2026-09-27 13:39:57,450 DEBUG     job 17: https://ar.computrabajo.com/ofertas-de-trabajo/oferta-de-trabajo-de-operadora-de-call-center-incorporacion-inmediata-jornada-part-time-en-san-nicolas-A633331234E1FB1161373E686DCF3405
2026-09-27 13:39:57,450 DEBUG     job 18: https://ar.computrabajo.com/ofertas-de-trabajo/oferta-de-trabajo-de-asesora-de-atencion-al-cliente-y-ventas-con-o-sin-experiencia-en-san-nicolas-BB7AC181E6A010A761373E686DCF3405
2026-09-27 13:39:57,450 DEBUG     job 19: https://ar.computrabajo.com/ofertas-de-trabajo/oferta-de-trabajo-de-vendedora-comercial-en-caballito-1AE282A9C2C5D55C61373E686DCF3405
2026-09-27 13:39:57,450 DEBUG     job 20: https://ar.computrabajo.com/ofertas-de-trabajo/oferta-de-trabajo-de-cocinero-chef-turno-noche-ayudante-de-cocina-o-cocinero-en-palermo-995DC5C5D1719AEA61373E686DCF3405
2026-09-27 13:39:57,450 INFO ── https://ar.computrabajo.com/empleos-en-capital-federal | page 5 | job 1/20: https://ar.computrabajo.com/ofertas-de-trabajo/oferta-de-trabajo-de-medicina-domiciliaria-en-nunez-2048E52E02B35E1961373E686DCF3405
2026-09-27 13:39:57,537 DEBUG https://ar.computrabajo.com:443 "GET /ofertas-de-trabajo/oferta-de-trabajo-de-medicina-domiciliaria-en-nunez-2048E52E02B35E1961373E686DCF3405 HTTP/1.1" 200 None
2026-09-27 13:39:57,539 DEBUG     GET https://ar.computrabajo.com/ofertas-de-trabajo/oferta-de-trabajo-de-medicina-domiciliaria-en-nunez-2048E52E02B35E1961373E686DCF3405 → HTTP 200 (160,133 chars)
2026-09-27 13:39:57,569 INFO     ┌─ SCRAPED JOB ─────────────────────────────────────────
    │ URL          : https://ar.computrabajo.com/ofertas-de-trabajo/oferta-de-trabajo-de-medicina-domiciliaria-en-nunez-2048E52E02B35E1961373E686DCF3405
    │ Title        : Medicina domiciliaria
    │ Company      : WEDOC S. A
    │ Location     : Núñez, Capital Federal
    │ Job type     : part-time
    │ Salary       : 11111 ARS
    │ Industry     : Salud / Medicina
    │ Date posted  : 2026-08-26
    │ Deadline     : 2026-10-25
    │ External ID  : 05F11572409BE2B1
    │ Description  : En WEDOC Medical Solutions estamos incorporando personal de la salud para la atencion domiciliaria de nuestra cartera de clientes. Nuestra busqueda activa esta orientada a medicos, kinesiologos, fonoa…
    └───────────────────────────────────────────────────────
2026-09-27 13:39:58,790 DEBUG https://argentina.mimusjobs.com:443 "GET /wp-json/wp/v2/companies?slug=wedoc-s--a HTTP/1.1" 200 None
2026-09-27 13:39:58,790 INFO ⏭ Company exists: WEDOC S. A
2026-09-27 13:39:59,502 DEBUG https://argentina.mimusjobs.com:443 "GET /wp-json/wp/v2/job-listings?slug=medicina-domiciliaria HTTP/1.1" 200 None
2026-09-27 13:39:59,503 INFO ⏭ Job already on WP: Medicina domiciliaria
2026-09-27 13:39:59,503 INFO ✅ SUCCESS — 'Medicina domiciliaria' → WP ID=22290 🔗 https://argentina.mimusjobs.com/job/medicina-domiciliaria/
2026-09-27 13:40:00,503 INFO ── https://ar.computrabajo.com/empleos-en-capital-federal | page 5 | job 2/20: https://ar.computrabajo.com/ofertas-de-trabajo/oferta-de-trabajo-de-responsable-de-personal-con-conocimientos-contables-en-recoleta-F1C77F667B5F66CE61373E686DCF3405
2026-09-27 13:40:00,536 DEBUG https://ar.computrabajo.com:443 "GET /ofertas-de-trabajo/oferta-de-trabajo-de-responsable-de-personal-con-conocimientos-contables-en-recoleta-F1C77F667B5F66CE61373E686DCF3405 HTTP/1.1" 200 None
2026-09-27 13:40:00,539 DEBUG     GET https://ar.computrabajo.com/ofertas-de-trabajo/oferta-de-trabajo-de-responsable-de-personal-con-conocimientos-contables-en-recoleta-F1C77F667B5F66CE61373E686DCF3405 → HTTP 200 (148,467 chars)
2026-09-27 13:40:00,563 WARNING No JobPosting JSON-LD found, using HTML fallback: https://ar.computrabajo.com/ofertas-de-trabajo/oferta-de-trabajo-de-responsable-de-personal-con-conocimientos-contables-en-recoleta-F1C77F667B5F66CE61373E686DCF3405
2026-09-27 13:40:00,565 INFO     ┌─ SCRAPED JOB ─────────────────────────────────────────
    │ URL          : https://ar.computrabajo.com/ofertas-de-trabajo/oferta-de-trabajo-de-responsable-de-personal-con-conocimientos-contables-en-recoleta-F1C77F667B5F66CE61373E686DCF3405
    │ Title        : Responsable de Personal - con conocimientos contables
    │ Company      : Importante empresa del sector
    │ Location     : Recoleta, Capital Federal
    │ Job type     : full-time
    │ Salary       : $ 2.000.000,00 (Mensual) ARS
    │ Industry     : (none)
    │ Date posted  : (unknown)
    │ Deadline     : (estimated: )
    │ External ID  : (none)
    │ Description  : RESPONSABLE DE PERSONAL Con conocimientos administrativos y contables Buscamos una persona con experiencia en: Gestión y conducción de personal. Resolución de situaciones y conflictos laborales. Liqui…
    └───────────────────────────────────────────────────────
2026-09-27 13:40:01,314 DEBUG https://argentina.mimusjobs.com:443 "GET /wp-json/wp/v2/companies?slug=importante-empresa-del-sector HTTP/1.1" 200 None
2026-09-27 13:40:01,315 INFO ⏭ Company exists: Importante empresa del sector
2026-09-27 13:40:02,836 DEBUG https://argentina.mimusjobs.com:443 "GET /wp-json/wp/v2/job-listings?slug=responsable-de-personal---con-conocimientos-contables HTTP/1.1" 200 None
2026-09-27 13:40:02,837 INFO ⏭ Job already on WP: Responsable de Personal - con conocimientos contables
2026-09-27 13:40:02,837 INFO ✅ SUCCESS — 'Responsable de Personal - con conocimientos contables' → WP ID=22291 🔗 https://argentina.mimusjobs.com/job/responsable-de-personal-con-conocimientos-contables/
2026-09-27 13:40:03,837 INFO ── https://ar.computrabajo.com/empleos-en-capital-federal | page 5 | job 3/20: https://ar.computrabajo.com/ofertas-de-trabajo/oferta-de-trabajo-de-asesor-comercial-full-time-en-nunez-031C9EC8DC1C7E7C61373E686DCF3405
2026-09-27 13:40:03,869 DEBUG https://ar.computrabajo.com:443 "GET /ofertas-de-trabajo/oferta-de-trabajo-de-asesor-comercial-full-time-en-nunez-031C9EC8DC1C7E7C61373E686DCF3405 HTTP/1.1" 200 None
2026-09-27 13:40:03,873 DEBUG     GET https://ar.computrabajo.com/ofertas-de-trabajo/oferta-de-trabajo-de-asesor-comercial-full-time-en-nunez-031C9EC8DC1C7E7C61373E686DCF3405 → HTTP 200 (164,688 chars)
2026-09-27 13:40:03,904 INFO     ┌─ SCRAPED JOB ─────────────────────────────────────────
    │ URL          : https://ar.computrabajo.com/ofertas-de-trabajo/oferta-de-trabajo-de-asesor-comercial-full-time-en-nunez-031C9EC8DC1C7E7C61373E686DCF3405
    │ Title        : Asesor Comercial - Full Time
    │ Company      : AS FLOORING S.A.
    │ Location     : Núñez, Capital Federal
    │ Job type     : full-time
    │ Salary       : 1200000 ARS
    │ Industry     : Venta al por mayor
    │ Date posted  : 2026-08-10
    │ Deadline     : 2026-10-09
    │ External ID  : 57C693FBC5F647D2
    │ Description  : -Atender consultas de clientes en showroom, telefónicamente o vía digital. -Detectar necesidades específicas y asesorar sobre tipos de madera, terminaciones, instalación, mantenimiento y alternativas …
    └───────────────────────────────────────────────────────
2026-09-27 13:40:04,742 DEBUG https://argentina.mimusjobs.com:443 "GET /wp-json/wp/v2/companies?slug=as-flooring-s-a- HTTP/1.1" 200 None
2026-09-27 13:40:04,742 INFO ⏭ Company exists: AS FLOORING S.A.
2026-09-27 13:40:05,574 DEBUG https://argentina.mimusjobs.com:443 "GET /wp-json/wp/v2/job-listings?slug=asesor-comercial---full-time HTTP/1.1" 200 None
2026-09-27 13:40:05,575 INFO ⏭ Job already on WP: Asesor Comercial - Full Time
2026-09-27 13:40:05,575 INFO ✅ SUCCESS — 'Asesor Comercial - Full Time' → WP ID=22329 🔗 https://argentina.mimusjobs.com/job/asesor-comercial-full-time/
2026-09-27 13:40:06,575 INFO ── https://ar.computrabajo.com/empleos-en-capital-federal | page 5 | job 4/20: https://ar.computrabajo.com/ofertas-de-trabajo/oferta-de-trabajo-de-barista-turno-tarde-en-belgrano-AC33800AA8F1834061373E686DCF3405
2026-09-27 13:40:06,638 DEBUG https://ar.computrabajo.com:443 "GET /ofertas-de-trabajo/oferta-de-trabajo-de-barista-turno-tarde-en-belgrano-AC33800AA8F1834061373E686DCF3405 HTTP/1.1" 200 None
2026-09-27 13:40:06,641 DEBUG     GET https://ar.computrabajo.com/ofertas-de-trabajo/oferta-de-trabajo-de-barista-turno-tarde-en-belgrano-AC33800AA8F1834061373E686DCF3405 → HTTP 200 (160,632 chars)
2026-09-27 13:40:06,699 INFO     ┌─ SCRAPED JOB ─────────────────────────────────────────
    │ URL          : https://ar.computrabajo.com/ofertas-de-trabajo/oferta-de-trabajo-de-barista-turno-tarde-en-belgrano-AC33800AA8F1834061373E686DCF3405
    │ Title        : Barista - Turno Tarde
    │ Company      : GRANADOS FRUTOS SEBASTIAN ALBERTO
    │ Location     : Belgrano, Capital Federal
    │ Job type     : full-time
    │ Salary       : (not listed)
    │ Industry     : Hostelería / Turismo
    │ Date posted  : 2026-08-10
    │ Deadline     : 2026-10-09
    │ External ID  : 001FB57B471CC09D
    │ Description  : Somos una cafetería de especialidad en Belgrano enfocada en calidad de producto y experiencia de cliente. Responsabilidades: Responsable de barra en turno tarde: preparación de café de especialidad y …
    └───────────────────────────────────────────────────────
2026-09-27 13:40:07,309 DEBUG https://argentina.mimusjobs.com:443 "GET /wp-json/wp/v2/companies?slug=granados-frutos-sebastian-alberto HTTP/1.1" 200 None
2026-09-27 13:40:07,310 INFO ⏭ Company exists: GRANADOS FRUTOS SEBASTIAN ALBERTO
2026-09-27 13:40:08,306 DEBUG https://argentina.mimusjobs.com:443 "GET /wp-json/wp/v2/job-listings?slug=barista---turno-tarde HTTP/1.1" 200 None
2026-09-27 13:40:08,307 INFO ⏭ Job already on WP: Barista - Turno Tarde
2026-09-27 13:40:08,307 INFO ✅ SUCCESS — 'Barista - Turno Tarde' → WP ID=22298 🔗 https://argentina.mimusjobs.com/job/barista-turno-tarde/
2026-09-27 13:40:09,307 INFO ── https://ar.computrabajo.com/empleos-en-capital-federal | page 5 | job 5/20: https://ar.computrabajo.com/ofertas-de-trabajo/oferta-de-trabajo-de-analista-de-seguridad-operativa-redes-presencial-en-san-nicolas-D4FC45A899701EDD61373E686DCF3405
2026-09-27 13:40:09,338 DEBUG https://ar.computrabajo.com:443 "GET /ofertas-de-trabajo/oferta-de-trabajo-de-analista-de-seguridad-operativa-redes-presencial-en-san-nicolas-D4FC45A899701EDD61373E686DCF3405 HTTP/1.1" 200 None
2026-09-27 13:40:09,341 DEBUG     GET https://ar.computrabajo.com/ofertas-de-trabajo/oferta-de-trabajo-de-analista-de-seguridad-operativa-redes-presencial-en-san-nicolas-D4FC45A899701EDD61373E686DCF3405 → HTTP 200 (150,486 chars)
2026-09-27 13:40:09,367 WARNING No JobPosting JSON-LD found, using HTML fallback: https://ar.computrabajo.com/ofertas-de-trabajo/oferta-de-trabajo-de-analista-de-seguridad-operativa-redes-presencial-en-san-nicolas-D4FC45A899701EDD61373E686DCF3405
2026-09-27 13:40:09,368 INFO     ┌─ SCRAPED JOB ─────────────────────────────────────────
    │ URL          : https://ar.computrabajo.com/ofertas-de-trabajo/oferta-de-trabajo-de-analista-de-seguridad-operativa-redes-presencial-en-san-nicolas-D4FC45A899701EDD61373E686DCF3405
    │ Title        : Analista de Seguridad Operativa / Redes - Presencial
    │ Company      : Importante empresa del sector
    │ Location     : San Nicolás, Capital Federal
    │ Job type     : full-time
    │ Salary       : A convenir ARS
    │ Industry     : (none)
    │ Date posted  : (unknown)
    │ Deadline     : (estimated: )
    │ External ID  : (none)
    │ Description  : ¿Querés llevar tus conocimientos de Redes y Ciberseguridad al siguiente nivel? Estamos sumando al equipo de Infraestructura un/a Analista de Seguridad Operativa / Redes con perfil técnico y foco en se…
    └───────────────────────────────────────────────────────
2026-09-27 13:40:10,336 DEBUG https://argentina.mimusjobs.com:443 "GET /wp-json/wp/v2/companies?slug=importante-empresa-del-sector HTTP/1.1" 200 None
2026-09-27 13:40:10,337 INFO ⏭ Company exists: Importante empresa del sector
2026-09-27 13:40:11,440 DEBUG https://argentina.mimusjobs.com:443 "GET /wp-json/wp/v2/job-listings?slug=analista-de-seguridad-operativa---redes---presencial HTTP/1.1" 200 None
2026-09-27 13:40:11,440 INFO ⏭ Job already on WP: Analista de Seguridad Operativa / Redes - Presencial
2026-09-27 13:40:11,440 INFO ✅ SUCCESS — 'Analista de Seguridad Operativa / Redes - Presencial' → WP ID=22327 🔗 https://argentina.mimusjobs.com/job/analista-de-seguridad-operativa-redes-presencial/
2026-09-27 13:40:12,441 INFO ── https://ar.computrabajo.com/empleos-en-capital-federal | page 5 | job 6/20: https://ar.computrabajo.com/ofertas-de-trabajo/oferta-de-trabajo-de-barista-en-caballito-01A7025873479A1E61373E686DCF3405
2026-09-27 13:40:12,502 DEBUG https://ar.computrabajo.com:443 "GET /ofertas-de-trabajo/oferta-de-trabajo-de-barista-en-caballito-01A7025873479A1E61373E686DCF3405 HTTP/1.1" 200 None
2026-09-27 13:40:12,505 DEBUG     GET https://ar.computrabajo.com/ofertas-de-trabajo/oferta-de-trabajo-de-barista-en-caballito-01A7025873479A1E61373E686DCF3405 → HTTP 200 (159,896 chars)
2026-09-27 13:40:12,535 INFO     ┌─ SCRAPED JOB ─────────────────────────────────────────
    │ URL          : https://ar.computrabajo.com/ofertas-de-trabajo/oferta-de-trabajo-de-barista-en-caballito-01A7025873479A1E61373E686DCF3405
    │ Title        : Barista
    │ Company      : Chill Garden
    │ Location     : Caballito, Capital Federal
    │ Job type     : full-time
    │ Salary       : (not listed)
    │ Industry     : Venta al consumidor
    │ Date posted  : 2026-09-11
    │ Deadline     : 2026-11-10
    │ External ID  : D2E2C4A3941CC06A
    │ Description  : Restaurante ubicado en Caballito se encuentra en la búsqueda de un/a Barista/Bartender para unirse a nuestro equipo de barra. Jornada de trabajo: Martes a Domingos. Horario: 16 hs al cierre (01am apro…
    └───────────────────────────────────────────────────────
2026-09-27 13:40:13,348 DEBUG https://argentina.mimusjobs.com:443 "GET /wp-json/wp/v2/companies?slug=chill-garden HTTP/1.1" 200 None
2026-09-27 13:40:13,349 INFO ⏭ Company exists: Chill Garden
2026-09-27 13:40:14,468 DEBUG https://argentina.mimusjobs.com:443 "GET /wp-json/wp/v2/job-listings?slug=barista HTTP/1.1" 200 None
2026-09-27 13:40:14,469 INFO ⏭ Job already on WP: Barista
2026-09-27 13:40:14,469 INFO ✅ SUCCESS — 'Barista' → WP ID=13746 🔗 https://argentina.mimusjobs.com/job/barista/
2026-09-27 13:40:15,469 INFO ── https://ar.computrabajo.com/empleos-en-capital-federal | page 5 | job 7/20: https://ar.computrabajo.com/ofertas-de-trabajo/oferta-de-trabajo-de-ayudante-de-cocina-en-palermo-92BCE55AE4A3105B61373E686DCF3405
2026-09-27 13:40:15,520 DEBUG https://ar.computrabajo.com:443 "GET /ofertas-de-trabajo/oferta-de-trabajo-de-ayudante-de-cocina-en-palermo-92BCE55AE4A3105B61373E686DCF3405 HTTP/1.1" 200 None
2026-09-27 13:40:15,523 DEBUG     GET https://ar.computrabajo.com/ofertas-de-trabajo/oferta-de-trabajo-de-ayudante-de-cocina-en-palermo-92BCE55AE4A3105B61373E686DCF3405 → HTTP 200 (158,540 chars)
2026-09-27 13:40:15,552 INFO     ┌─ SCRAPED JOB ─────────────────────────────────────────
    │ URL          : https://ar.computrabajo.com/ofertas-de-trabajo/oferta-de-trabajo-de-ayudante-de-cocina-en-palermo-92BCE55AE4A3105B61373E686DCF3405
    │ Title        : Ayudante de cocina
    │ Company      : LO DE JESUS
    │ Location     : Palermo, Capital Federal
    │ Job type     : full-time
    │ Salary       : (not listed)
    │ Industry     : Hostelería / Turismo
    │ Date posted  : 2026-08-10
    │ Deadline     : 2026-10-09
    │ External ID  : BD467A512355D3DB
    │ Description  : ¡LO DE JESÚS incorpora Ayudantes de Cocina!
Nos encontramos en la búsqueda de personas proactivas, responsables y con ganas de crecer, para sumarse a nuestros equipos de trabajo en las distintas áreas…
    └───────────────────────────────────────────────────────
2026-09-27 13:40:16,335 DEBUG https://argentina.mimusjobs.com:443 "GET /wp-json/wp/v2/companies?slug=lo-de-jesus HTTP/1.1" 200 None
2026-09-27 13:40:16,335 INFO ⏭ Company exists: LO DE JESUS
2026-09-27 13:40:17,047 DEBUG https://argentina.mimusjobs.com:443 "GET /wp-json/wp/v2/job-listings?slug=ayudante-de-cocina HTTP/1.1" 200 None
2026-09-27 13:40:17,047 INFO ⏭ Job already on WP: Ayudante de cocina
2026-09-27 13:40:17,048 INFO ✅ SUCCESS — 'Ayudante de cocina' → WP ID=8130 🔗 https://argentina.mimusjobs.com/job/ayudante-de-cocina/
2026-09-27 13:40:18,048 INFO ── https://ar.computrabajo.com/empleos-en-capital-federal | page 5 | job 8/20: https://ar.computrabajo.com/ofertas-de-trabajo/oferta-de-trabajo-de-pasteleroa-produccion-y-eventos-en-puerto-madero-C8EE42FADD24FBD561373E686DCF3405
2026-09-27 13:40:18,096 DEBUG https://ar.computrabajo.com:443 "GET /ofertas-de-trabajo/oferta-de-trabajo-de-pasteleroa-produccion-y-eventos-en-puerto-madero-C8EE42FADD24FBD561373E686DCF3405 HTTP/1.1" 200 None
2026-09-27 13:40:18,099 DEBUG     GET https://ar.computrabajo.com/ofertas-de-trabajo/oferta-de-trabajo-de-pasteleroa-produccion-y-eventos-en-puerto-madero-C8EE42FADD24FBD561373E686DCF3405 → HTTP 200 (161,021 chars)
2026-09-27 13:40:18,126 INFO     ┌─ SCRAPED JOB ─────────────────────────────────────────
    │ URL          : https://ar.computrabajo.com/ofertas-de-trabajo/oferta-de-trabajo-de-pasteleroa-produccion-y-eventos-en-puerto-madero-C8EE42FADD24FBD561373E686DCF3405
    │ Title        : Pastelero/a - Producción y eventos
    │ Company      : MADERO TANGO
    │ Location     : Puerto Madero, Capital Federal
    │ Job type     : full-time
    │ Salary       : (not listed)
    │ Industry     : Hostelería / Turismo
    │ Date posted  : 2026-08-26
    │ Deadline     : 2026-10-25
    │ External ID  : 8D98C1208BB86D8B
    │ Description  : En Madero Tango estamos buscando incorporar un/a Pastelero/a con sólida experiencia en producción  de eventos, que disfrute trabajar en un entorno dinámico, con altos estándares de calidad y presentac…
    └───────────────────────────────────────────────────────
2026-09-27 13:40:18,923 DEBUG https://argentina.mimusjobs.com:443 "GET /wp-json/wp/v2/companies?slug=madero-tango HTTP/1.1" 200 None
2026-09-27 13:40:18,924 INFO ⏭ Company exists: MADERO TANGO
2026-09-27 13:40:19,667 DEBUG https://argentina.mimusjobs.com:443 "GET /wp-json/wp/v2/job-listings?slug=pastelero-a---producci-n-y-eventos HTTP/1.1" 200 None
2026-09-27 13:40:19,676 DEBUG https://ii.ct-stc.com:443 "GET /5/logos/empresas/2025/10/07/a2e74e8be11c4ac5b619181237315thumbnail.png HTTP/1.1" 200 7039
2026-09-27 13:40:21,544 DEBUG https://argentina.mimusjobs.com:443 "POST /wp-json/wp/v2/media HTTP/1.1" 201 None
2026-09-27 13:40:22,455 DEBUG https://argentina.mimusjobs.com:443 "GET /wp-json/wp/v2/job_listing_region?slug=puerto-madero--capital-federal HTTP/1.1" 200 None
2026-09-27 13:40:24,151 DEBUG https://argentina.mimusjobs.com:443 "POST /wp-json/wp/v2/job-listings HTTP/1.1" 201 None
2026-09-27 13:40:24,152 INFO ✅ Job posted: 'Pastelero/a - Producción y eventos' → WP ID 33674
2026-09-27 13:40:24,152 INFO ✅ SUCCESS — 'Pastelero/a - Producción y eventos' → WP ID=33674 🔗 https://argentina.mimusjobs.com/job/pastelero-a-produccion-y-eventos-4/
2026-09-27 13:40:25,152 INFO ── https://ar.computrabajo.com/empleos-en-capital-federal | page 5 | job 9/20: https://ar.computrabajo.com/ofertas-de-trabajo/oferta-de-trabajo-de-personal-de-limpieza-con-experiencia-en-san-cristobal-3F58252B651A872F61373E686DCF3405
2026-09-27 13:40:25,214 DEBUG https://ar.computrabajo.com:443 "GET /ofertas-de-trabajo/oferta-de-trabajo-de-personal-de-limpieza-con-experiencia-en-san-cristobal-3F58252B651A872F61373E686DCF3405 HTTP/1.1" 200 None
2026-09-27 13:40:25,217 DEBUG     GET https://ar.computrabajo.com/ofertas-de-trabajo/oferta-de-trabajo-de-personal-de-limpieza-con-experiencia-en-san-cristobal-3F58252B651A872F61373E686DCF3405 → HTTP 200 (158,130 chars)
2026-09-27 13:40:25,246 INFO     ┌─ SCRAPED JOB ─────────────────────────────────────────
    │ URL          : https://ar.computrabajo.com/ofertas-de-trabajo/oferta-de-trabajo-de-personal-de-limpieza-con-experiencia-en-san-cristobal-3F58252B651A872F61373E686DCF3405
    │ Title        : Personal de limpieza - con experiencia
    │ Company      : El Bodegón de Benito
    │ Location     : San Cristóbal, Capital Federal
    │ Job type     : full-time
    │ Salary       : (not listed)
    │ Industry     : Venta al consumidor
    │ Date posted  : 2026-08-26
    │ Deadline     : 2026-10-25
    │ External ID  : 84267DE5BBCED73E
    │ Description  : Se busca incorporar a un/a personal de limpieza en Viraro brasas.
Funciones
Mantener el área de trabajo limpia y ordenada.
Realizar tareas de limpieza general y mantenimiento.
Colaborar con el equipo …
    └───────────────────────────────────────────────────────
2026-09-27 13:40:26,071 DEBUG https://argentina.mimusjobs.com:443 "GET /wp-json/wp/v2/companies?slug=el-bodeg-n-de-benito HTTP/1.1" 200 None
2026-09-27 13:40:26,962 DEBUG https://argentina.mimusjobs.com:443 "POST /wp-json/wp/v2/companies HTTP/1.1" 201 None
2026-09-27 13:40:26,962 INFO ✅ Company posted: El Bodegón de Benito → ID 33675
2026-09-27 13:40:28,407 DEBUG https://argentina.mimusjobs.com:443 "GET /wp-json/wp/v2/job-listings?slug=personal-de-limpieza---con-experiencia HTTP/1.1" 200 None
2026-09-27 13:40:28,407 INFO ⏭ Job already on WP: Personal de limpieza - con experiencia
2026-09-27 13:40:28,408 INFO ✅ SUCCESS — 'Personal de limpieza - con experiencia' → WP ID=22304 🔗 https://argentina.mimusjobs.com/job/personal-de-limpieza-con-experiencia/
2026-09-27 13:40:29,408 INFO ── https://ar.computrabajo.com/empleos-en-capital-federal | page 5 | job 10/20: https://ar.computrabajo.com/ofertas-de-trabajo/oferta-de-trabajo-de-enfermera-auxiliar-de-enfenfermera-para-geriatrico-en-floresta-B96350324702B4DF61373E686DCF3405
2026-09-27 13:40:29,457 DEBUG https://ar.computrabajo.com:443 "GET /ofertas-de-trabajo/oferta-de-trabajo-de-enfermera-auxiliar-de-enfenfermera-para-geriatrico-en-floresta-B96350324702B4DF61373E686DCF3405 HTTP/1.1" 200 None
2026-09-27 13:40:29,460 DEBUG     GET https://ar.computrabajo.com/ofertas-de-trabajo/oferta-de-trabajo-de-enfermera-auxiliar-de-enfenfermera-para-geriatrico-en-floresta-B96350324702B4DF61373E686DCF3405 → HTTP 200 (152,104 chars)
2026-09-27 13:40:29,487 WARNING No JobPosting JSON-LD found, using HTML fallback: https://ar.computrabajo.com/ofertas-de-trabajo/oferta-de-trabajo-de-enfermera-auxiliar-de-enfenfermera-para-geriatrico-en-floresta-B96350324702B4DF61373E686DCF3405
2026-09-27 13:40:29,488 INFO     ┌─ SCRAPED JOB ─────────────────────────────────────────
    │ URL          : https://ar.computrabajo.com/ofertas-de-trabajo/oferta-de-trabajo-de-enfermera-auxiliar-de-enfenfermera-para-geriatrico-en-floresta-B96350324702B4DF61373E686DCF3405
    │ Title        : enfermera - auxiliar de enf/enfermera para geriatrico
    │ Company      : Importante empresa del sector
    │ Location     : Floresta, Capital Federal
    │ Job type     : full-time
    │ Salary       : $ 1.100.000,00 (Mensual) ARS
    │ Industry     : (none)
    │ Date posted  : (unknown)
    │ Deadline     : (estimated: )
    │ External ID  : (none)
    │ Description  : enfermera o auxiliar de enfermeria para geriátrico en capital. Medicacion, curaciones, controles vitales, emergencias, alimentacion por sonda etc. manejo de personal
    └───────────────────────────────────────────────────────
2026-09-27 13:40:30,165 DEBUG https://argentina.mimusjobs.com:443 "GET /wp-json/wp/v2/companies?slug=importante-empresa-del-sector HTTP/1.1" 200 None
2026-09-27 13:40:30,166 INFO ⏭ Company exists: Importante empresa del sector
2026-09-27 13:40:30,864 DEBUG https://argentina.mimusjobs.com:443 "GET /wp-json/wp/v2/job-listings?slug=enfermera---auxiliar-de-enf-enfermera-para-geriatrico HTTP/1.1" 200 None
2026-09-27 13:40:30,864 INFO ⏭ Job already on WP: enfermera - auxiliar de enf/enfermera para geriatrico
2026-09-27 13:40:30,864 INFO ✅ SUCCESS — 'enfermera - auxiliar de enf/enfermera para geriatrico' → WP ID=22307 🔗 https://argentina.mimusjobs.com/job/enfermera-auxiliar-de-enf-enfermera-para-geriatrico/
2026-09-27 13:40:31,865 INFO ── https://ar.computrabajo.com/empleos-en-capital-federal | page 5 | job 11/20: https://ar.computrabajo.com/ofertas-de-trabajo/oferta-de-trabajo-de-vendedores-de-pos-y-cuentas-pymes-monotributistas-monotributistas-en-san-nicolas-36084C8C93980E4C61373E686DCF3405
2026-09-27 13:40:31,937 DEBUG https://ar.computrabajo.com:443 "GET /ofertas-de-trabajo/oferta-de-trabajo-de-vendedores-de-pos-y-cuentas-pymes-monotributistas-monotributistas-en-san-nicolas-36084C8C93980E4C61373E686DCF3405 HTTP/1.1" 200 None
2026-09-27 13:40:31,940 DEBUG     GET https://ar.computrabajo.com/ofertas-de-trabajo/oferta-de-trabajo-de-vendedores-de-pos-y-cuentas-pymes-monotributistas-monotributistas-en-san-nicolas-36084C8C93980E4C61373E686DCF3405 → HTTP 200 (162,336 chars)
2026-09-27 13:40:31,969 INFO     ┌─ SCRAPED JOB ─────────────────────────────────────────
    │ URL          : https://ar.computrabajo.com/ofertas-de-trabajo/oferta-de-trabajo-de-vendedores-de-pos-y-cuentas-pymes-monotributistas-monotributistas-en-san-nicolas-36084C8C93980E4C61373E686DCF3405
    │ Title        : Vendedores de pos y cuentas pymes (Monotributistas) - Monotributistas
    │ Company      : SERVICIOS FINANCIEROS INTELETGROUP LIMITADA
    │ Location     : San Nicolás, Capital Federal
    │ Job type     : part-time
    │ Salary       : (not listed)
    │ Industry     : Servicios Profesionales
    │ Date posted  : 2026-08-26
    │ Deadline     : 2026-10-25
    │ External ID  : B9B9A0BF38B02245
    │ Description  : ¿Te apasionan las ventas y querés llevar tus ingresos al siguiente nivel? Esta es tu oportunidad.
Buscamos vendedores monotributistas para productos financieros.
Te ofrecemos pago sobre el mercado
Ges…
    └───────────────────────────────────────────────────────
2026-09-27 13:40:33,293 DEBUG https://argentina.mimusjobs.com:443 "GET /wp-json/wp/v2/companies?slug=servicios-financieros-inteletgroup-limitada HTTP/1.1" 200 None
2026-09-27 13:40:33,293 INFO ⏭ Company exists: SERVICIOS FINANCIEROS INTELETGROUP LIMITADA
2026-09-27 13:40:34,172 DEBUG https://argentina.mimusjobs.com:443 "GET /wp-json/wp/v2/job-listings?slug=vendedores-de-pos-y-cuentas-pymes--monotributistas----monotributistas HTTP/1.1" 200 None
2026-09-27 13:40:34,172 INFO ⏭ Job already on WP: Vendedores de pos y cuentas pymes (Monotributistas) - Monotributistas
2026-09-27 13:40:34,172 INFO ✅ SUCCESS — 'Vendedores de pos y cuentas pymes (Monotributistas) - Monotributistas' → WP ID=22310 🔗 https://argentina.mimusjobs.com/job/vendedores-de-pos-y-cuentas-pymes-monotributistas-monotributistas/
2026-09-27 13:40:35,173 INFO ── https://ar.computrabajo.com/empleos-en-capital-federal | page 5 | job 12/20: https://ar.computrabajo.com/ofertas-de-trabajo/oferta-de-trabajo-de-pizzero-experiencia-comprobable-en-caballito-D762C1F5E52771C861373E686DCF3405
2026-09-27 13:40:35,228 DEBUG https://ar.computrabajo.com:443 "GET /ofertas-de-trabajo/oferta-de-trabajo-de-pizzero-experiencia-comprobable-en-caballito-D762C1F5E52771C861373E686DCF3405 HTTP/1.1" 200 None
2026-09-27 13:40:35,230 DEBUG     GET https://ar.computrabajo.com/ofertas-de-trabajo/oferta-de-trabajo-de-pizzero-experiencia-comprobable-en-caballito-D762C1F5E52771C861373E686DCF3405 → HTTP 200 (158,014 chars)
2026-09-27 13:40:35,260 INFO     ┌─ SCRAPED JOB ─────────────────────────────────────────
    │ URL          : https://ar.computrabajo.com/ofertas-de-trabajo/oferta-de-trabajo-de-pizzero-experiencia-comprobable-en-caballito-D762C1F5E52771C861373E686DCF3405
    │ Title        : Pizzero - Experiencia comprobable
    │ Company      : La Guitarrita
    │ Location     : Caballito, Capital Federal
    │ Job type     : full-time
    │ Salary       : (not listed)
    │ Industry     : Venta al consumidor
    │ Date posted  : 2026-09-19
    │ Deadline     : 2026-11-18
    │ External ID  : ABDEB71CA1FDC80D
    │ Description  : Se busca Pizzero con experiencia comprobable en pizza a la piedra, manejo de hornos, manejo de pala, preparación de miss and place, rotación de mercadería, despacho. · Compañerismo
Puntualidad
Enfoque…
    └───────────────────────────────────────────────────────
2026-09-27 13:40:36,109 DEBUG https://argentina.mimusjobs.com:443 "GET /wp-json/wp/v2/companies?slug=la-guitarrita HTTP/1.1" 200 None
2026-09-27 13:40:36,109 INFO ⏭ Company exists: La Guitarrita
2026-09-27 13:40:37,803 DEBUG https://argentina.mimusjobs.com:443 "GET /wp-json/wp/v2/job-listings?slug=pizzero---experiencia-comprobable HTTP/1.1" 200 None
2026-09-27 13:40:37,803 INFO ⏭ Job already on WP: Pizzero - Experiencia comprobable
2026-09-27 13:40:37,803 INFO ✅ SUCCESS — 'Pizzero - Experiencia comprobable' → WP ID=21282 🔗 https://argentina.mimusjobs.com/job/pizzero-experiencia-comprobable/
2026-09-27 13:40:38,804 INFO ── https://ar.computrabajo.com/empleos-en-capital-federal | page 5 | job 13/20: https://ar.computrabajo.com/ofertas-de-trabajo/oferta-de-trabajo-de-chofer-en-barracas-BBACBF79D250806061373E686DCF3405
2026-09-27 13:40:38,865 DEBUG https://ar.computrabajo.com:443 "GET /ofertas-de-trabajo/oferta-de-trabajo-de-chofer-en-barracas-BBACBF79D250806061373E686DCF3405 HTTP/1.1" 200 None
2026-09-27 13:40:38,867 DEBUG     GET https://ar.computrabajo.com/ofertas-de-trabajo/oferta-de-trabajo-de-chofer-en-barracas-BBACBF79D250806061373E686DCF3405 → HTTP 200 (159,051 chars)
2026-09-27 13:40:38,897 INFO     ┌─ SCRAPED JOB ─────────────────────────────────────────
    │ URL          : https://ar.computrabajo.com/ofertas-de-trabajo/oferta-de-trabajo-de-chofer-en-barracas-BBACBF79D250806061373E686DCF3405
    │ Title        : Chofer
    │ Company      : Ventola
    │ Location     : Barracas, Capital Federal
    │ Job type     : full-time
    │ Salary       : 1111111 ARS
    │ Industry     : Transporte
    │ Date posted  : 2026-08-10
    │ Deadline     : 2026-10-09
    │ External ID  : 967AC3B21CE8DF8B
    │ Description  : Creemos que las personas hacen la diferencia, por eso buscamos sumar Conductores comprometidos y con buena actitud, a un equipo que valora a su gente tanto como a sus pasajeros. -Requerimientos- Educa…
    └───────────────────────────────────────────────────────
2026-09-27 13:40:39,685 DEBUG https://argentina.mimusjobs.com:443 "GET /wp-json/wp/v2/companies?slug=ventola HTTP/1.1" 200 None
2026-09-27 13:40:39,685 INFO ⏭ Company exists: Ventola
2026-09-27 13:40:40,313 DEBUG https://argentina.mimusjobs.com:443 "GET /wp-json/wp/v2/job-listings?slug=chofer HTTP/1.1" 200 None
2026-09-27 13:40:40,314 INFO ⏭ Job already on WP: Chofer
2026-09-27 13:40:40,314 INFO ✅ SUCCESS — 'Chofer' → WP ID=11649 🔗 https://argentina.mimusjobs.com/job/chofer/
2026-09-27 13:40:41,314 INFO ── https://ar.computrabajo.com/empleos-en-capital-federal | page 5 | job 14/20: https://ar.computrabajo.com/ofertas-de-trabajo/oferta-de-trabajo-de-cocineroa-cocina-en-caballito-1671BFCF7CC43DD161373E686DCF3405
2026-09-27 13:40:41,366 DEBUG https://ar.computrabajo.com:443 "GET /ofertas-de-trabajo/oferta-de-trabajo-de-cocineroa-cocina-en-caballito-1671BFCF7CC43DD161373E686DCF3405 HTTP/1.1" 200 None
2026-09-27 13:40:41,369 DEBUG     GET https://ar.computrabajo.com/ofertas-de-trabajo/oferta-de-trabajo-de-cocineroa-cocina-en-caballito-1671BFCF7CC43DD161373E686DCF3405 → HTTP 200 (158,534 chars)
2026-09-27 13:40:41,396 INFO     ┌─ SCRAPED JOB ─────────────────────────────────────────
    │ URL          : https://ar.computrabajo.com/ofertas-de-trabajo/oferta-de-trabajo-de-cocineroa-cocina-en-caballito-1671BFCF7CC43DD161373E686DCF3405
    │ Title        : cocinero/a - cocina
    │ Company      : Otero Cafe
    │ Location     : Caballito, Capital Federal
    │ Job type     : full-time
    │ Salary       : (not listed)
    │ Industry     : Hostelería / Turismo
    │ Date posted  : 2026-08-10
    │ Deadline     : 2026-10-09
    │ External ID  : 807DA788CFD31405
    │ Description  : Se requiere experiencia comprobable en cocina, Buena disposición para aprenderr. Rapidez y trabajo en equipo fundamental. Capacidad y resolucion para la preparación de alimentos, limpieza de utensilio…
    └───────────────────────────────────────────────────────
2026-09-27 13:40:42,022 DEBUG https://argentina.mimusjobs.com:443 "GET /wp-json/wp/v2/companies?slug=otero-cafe HTTP/1.1" 200 None
2026-09-27 13:40:42,023 INFO ⏭ Company exists: Otero Cafe
2026-09-27 13:40:42,742 DEBUG https://argentina.mimusjobs.com:443 "GET /wp-json/wp/v2/job-listings?slug=cocinero-a---cocina HTTP/1.1" 200 None
2026-09-27 13:40:42,743 INFO ⏭ Job already on WP: cocinero/a - cocina
2026-09-27 13:40:42,743 INFO ✅ SUCCESS — 'cocinero/a - cocina' → WP ID=22326 🔗 https://argentina.mimusjobs.com/job/cocinero-a-cocina/
2026-09-27 13:40:43,743 INFO ── https://ar.computrabajo.com/empleos-en-capital-federal | page 5 | job 15/20: https://ar.computrabajo.com/ofertas-de-trabajo/oferta-de-trabajo-de-ingeniero-especialista-en-estimaciones-en-puerto-madero-52AEC88D776EFCFB61373E686DCF3405
2026-09-27 13:40:43,811 DEBUG https://ar.computrabajo.com:443 "GET /ofertas-de-trabajo/oferta-de-trabajo-de-ingeniero-especialista-en-estimaciones-en-puerto-madero-52AEC88D776EFCFB61373E686DCF3405 HTTP/1.1" 200 None
2026-09-27 13:40:43,814 DEBUG     GET https://ar.computrabajo.com/ofertas-de-trabajo/oferta-de-trabajo-de-ingeniero-especialista-en-estimaciones-en-puerto-madero-52AEC88D776EFCFB61373E686DCF3405 → HTTP 200 (162,059 chars)
2026-09-27 13:40:43,844 INFO     ┌─ SCRAPED JOB ─────────────────────────────────────────
    │ URL          : https://ar.computrabajo.com/ofertas-de-trabajo/oferta-de-trabajo-de-ingeniero-especialista-en-estimaciones-en-puerto-madero-52AEC88D776EFCFB61373E686DCF3405
    │ Title        : Ingeniero especialista en estimaciones
    │ Company      : KIOSHI SA
    │ Location     : Puerto Madero, Capital Federal
    │ Job type     : full-time
    │ Salary       : (not listed)
    │ Industry     : Construcción / obras
    │ Date posted  : 2026-08-10
    │ Deadline     : 2026-10-09
    │ External ID  : E02AB2CA994D4870
    │ Description  : Nos encontramos en la búsqueda de un Presupuestista o especialista en Estimaciones de obras electromecánicas de estaciones transformadoras con experiencia en alta tensión, para desempeñarse en importa…
    └───────────────────────────────────────────────────────
2026-09-27 13:40:44,379 DEBUG https://argentina.mimusjobs.com:443 "GET /wp-json/wp/v2/companies?slug=kioshi-sa HTTP/1.1" 200 None
2026-09-27 13:40:44,379 INFO ⏭ Company exists: KIOSHI SA
2026-09-27 13:40:45,574 DEBUG https://argentina.mimusjobs.com:443 "GET /wp-json/wp/v2/job-listings?slug=ingeniero-especialista-en-estimaciones HTTP/1.1" 200 None
2026-09-27 13:40:45,574 INFO ⏭ Job already on WP: Ingeniero especialista en estimaciones
2026-09-27 13:40:45,574 INFO ✅ SUCCESS — 'Ingeniero especialista en estimaciones' → WP ID=22331 🔗 https://argentina.mimusjobs.com/job/ingeniero-especialista-en-estimaciones/
2026-09-27 13:40:46,574 INFO ── https://ar.computrabajo.com/empleos-en-capital-federal | page 5 | job 16/20: https://ar.computrabajo.com/ofertas-de-trabajo/oferta-de-trabajo-de-cajeroa-vendedor-part-time-pet-shop-en-villa-pueyrredon-445A1454EE1844F761373E686DCF3405
2026-09-27 13:40:46,637 DEBUG https://ar.computrabajo.com:443 "GET /ofertas-de-trabajo/oferta-de-trabajo-de-cajeroa-vendedor-part-time-pet-shop-en-villa-pueyrredon-445A1454EE1844F761373E686DCF3405 HTTP/1.1" 200 None
2026-09-27 13:40:46,639 DEBUG     GET https://ar.computrabajo.com/ofertas-de-trabajo/oferta-de-trabajo-de-cajeroa-vendedor-part-time-pet-shop-en-villa-pueyrredon-445A1454EE1844F761373E686DCF3405 → HTTP 200 (154,273 chars)
2026-09-27 13:40:46,667 WARNING No JobPosting JSON-LD found, using HTML fallback: https://ar.computrabajo.com/ofertas-de-trabajo/oferta-de-trabajo-de-cajeroa-vendedor-part-time-pet-shop-en-villa-pueyrredon-445A1454EE1844F761373E686DCF3405
2026-09-27 13:40:46,668 INFO     ┌─ SCRAPED JOB ─────────────────────────────────────────
    │ URL          : https://ar.computrabajo.com/ofertas-de-trabajo/oferta-de-trabajo-de-cajeroa-vendedor-part-time-pet-shop-en-villa-pueyrredon-445A1454EE1844F761373E686DCF3405
    │ Title        : cajero/a vendedor - part time Pet Shop
    │ Company      : Importante empresa del sector
    │ Location     : Villa Pueyrredón, Capital Federal
    │ Job type     : full-time
    │ Salary       : $ 600.000,00 (Mensual) ARS
    │ Industry     : (none)
    │ Date posted  : (unknown)
    │ Deadline     : (estimated: )
    │ External ID  : (none)
    │ Description  : Buscamos cajero/a vendedor para incorporarse de manera estable en nuestro establecimiento. Si tienes experiencia en atención al cliente y te gusta trabajar en un ambiente dinámico y de contacto contin…
    └───────────────────────────────────────────────────────
2026-09-27 13:40:47,522 DEBUG https://argentina.mimusjobs.com:443 "GET /wp-json/wp/v2/companies?slug=importante-empresa-del-sector HTTP/1.1" 200 None
2026-09-27 13:40:47,523 INFO ⏭ Company exists: Importante empresa del sector
2026-09-27 13:40:48,235 DEBUG https://argentina.mimusjobs.com:443 "GET /wp-json/wp/v2/job-listings?slug=cajero-a-vendedor---part-time-pet-shop HTTP/1.1" 200 None
2026-09-27 13:40:48,235 INFO ⏭ Job already on WP: cajero/a vendedor - part time Pet Shop
2026-09-27 13:40:48,235 INFO ✅ SUCCESS — 'cajero/a vendedor - part time Pet Shop' → WP ID=22332 🔗 https://argentina.mimusjobs.com/job/cajero-a-vendedor-part-time-pet-shop/
2026-09-27 13:40:49,236 INFO ── https://ar.computrabajo.com/empleos-en-capital-federal | page 5 | job 17/20: https://ar.computrabajo.com/ofertas-de-trabajo/oferta-de-trabajo-de-operadora-de-call-center-incorporacion-inmediata-jornada-part-time-en-san-nicolas-A633331234E1FB1161373E686DCF3405
2026-09-27 13:40:49,267 DEBUG https://ar.computrabajo.com:443 "GET /ofertas-de-trabajo/oferta-de-trabajo-de-operadora-de-call-center-incorporacion-inmediata-jornada-part-time-en-san-nicolas-A633331234E1FB1161373E686DCF3405 HTTP/1.1" 200 None
2026-09-27 13:40:49,270 DEBUG     GET https://ar.computrabajo.com/ofertas-de-trabajo/oferta-de-trabajo-de-operadora-de-call-center-incorporacion-inmediata-jornada-part-time-en-san-nicolas-A633331234E1FB1161373E686DCF3405 → HTTP 200 (167,394 chars)
2026-09-27 13:40:49,301 INFO     ┌─ SCRAPED JOB ─────────────────────────────────────────
    │ URL          : https://ar.computrabajo.com/ofertas-de-trabajo/oferta-de-trabajo-de-operadora-de-call-center-incorporacion-inmediata-jornada-part-time-en-san-nicolas-A633331234E1FB1161373E686DCF3405
    │ Title        : operador/a de call center - incorporación inmediata, jornada part time
    │ Company      : Estudio Arrechea Abogados
    │ Location     : San Nicolás, Capital Federal
    │ Job type     : temporary
    │ Salary       : 2222 ARS
    │ Industry     : Legal / Asesoría
    │ Date posted  : 2026-08-18
    │ Deadline     : 2026-10-17
    │ External ID  : 6AA6BA479135F60E
    │ Description  : OPERADOR/A DE CALL CENTER – CAPTACIÓN DE CLIENTES Estamos buscando personas con actitud, energía y perfil comercial para sumarse a nuestro equipo de Captación. Si te gusta comunicarte, te motivan los …
    └───────────────────────────────────────────────────────
2026-09-27 13:40:51,101 DEBUG https://argentina.mimusjobs.com:443 "GET /wp-json/wp/v2/companies?slug=estudio-arrechea-abogados HTTP/1.1" 200 None
2026-09-27 13:40:51,101 INFO ⏭ Company exists: Estudio Arrechea Abogados
2026-09-27 13:40:52,155 DEBUG https://argentina.mimusjobs.com:443 "GET /wp-json/wp/v2/job-listings?slug=operador-a-de-call-center---incorporaci-n-inmediata--jornada-part-time HTTP/1.1" 200 None
2026-09-27 13:40:52,247 DEBUG https://ii.ct-stc.com:443 "GET /5/logos/empresas/2022/12/22/ebba624f966940598c94200854935thumbnail.jpg HTTP/1.1" 200 5285
2026-09-27 13:40:53,358 DEBUG https://argentina.mimusjobs.com:443 "POST /wp-json/wp/v2/media HTTP/1.1" 201 None
2026-09-27 13:40:54,790 DEBUG https://argentina.mimusjobs.com:443 "POST /wp-json/wp/v2/job-listings HTTP/1.1" 201 None
2026-09-27 13:40:54,790 INFO ✅ Job posted: 'operador/a de call center - incorporación inmediata, jornada part time' → WP ID 33677
2026-09-27 13:40:54,790 INFO ✅ SUCCESS — 'operador/a de call center - incorporación inmediata, jornada part time' → WP ID=33677 🔗 https://argentina.mimusjobs.com/job/operador-a-de-call-center-incorporacion-inmediata-jornada-part-time-5/
2026-09-27 13:40:55,791 INFO ── https://ar.computrabajo.com/empleos-en-capital-federal | page 5 | job 18/20: https://ar.computrabajo.com/ofertas-de-trabajo/oferta-de-trabajo-de-asesora-de-atencion-al-cliente-y-ventas-con-o-sin-experiencia-en-san-nicolas-BB7AC181E6A010A761373E686DCF3405
2026-09-27 13:40:55,850 DEBUG https://ar.computrabajo.com:443 "GET /ofertas-de-trabajo/oferta-de-trabajo-de-asesora-de-atencion-al-cliente-y-ventas-con-o-sin-experiencia-en-san-nicolas-BB7AC181E6A010A761373E686DCF3405 HTTP/1.1" 200 None
2026-09-27 13:40:55,853 DEBUG     GET https://ar.computrabajo.com/ofertas-de-trabajo/oferta-de-trabajo-de-asesora-de-atencion-al-cliente-y-ventas-con-o-sin-experiencia-en-san-nicolas-BB7AC181E6A010A761373E686DCF3405 → HTTP 200 (164,509 chars)
2026-09-27 13:40:55,882 INFO     ┌─ SCRAPED JOB ─────────────────────────────────────────
    │ URL          : https://ar.computrabajo.com/ofertas-de-trabajo/oferta-de-trabajo-de-asesora-de-atencion-al-cliente-y-ventas-con-o-sin-experiencia-en-san-nicolas-BB7AC181E6A010A761373E686DCF3405
    │ Title        : Asesor/a de atención al cliente y ventas - CON o SIN experiencia
    │ Company      : AGE AUTOMOBILE S.R.L.
    │ Location     : San Nicolás, Capital Federal
    │ Job type     : full-time
    │ Salary       : (not listed)
    │ Industry     : Venta al consumidor
    │ Date posted  : 2026-08-18
    │ Deadline     : 2026-10-17
    │ External ID  : 1CFD961BB2672069
    │ Description  : Vendedores Comerciales – Rubro Automotriz (marca FIAT / VOLKSWAGEN / PEUGEOT) Nos encontramos en la búsqueda de vendedores para incorporarse a nuestro equipo comercial en el rubro automotriz. Ofrecemo…
    └───────────────────────────────────────────────────────
2026-09-27 13:40:56,753 DEBUG https://argentina.mimusjobs.com:443 "GET /wp-json/wp/v2/companies?slug=age-automobile-s-r-l- HTTP/1.1" 200 None
2026-09-27 13:40:56,754 INFO ⏭ Company exists: AGE AUTOMOBILE S.R.L.
2026-09-27 13:40:57,630 DEBUG https://argentina.mimusjobs.com:443 "GET /wp-json/wp/v2/job-listings?slug=asesor-a-de-atenci-n-al-cliente-y-ventas---con-o-sin-experiencia HTTP/1.1" 200 None
2026-09-27 13:40:58,669 DEBUG https://argentina.mimusjobs.com:443 "POST /wp-json/wp/v2/job-listings HTTP/1.1" 201 None
2026-09-27 13:40:58,670 INFO ✅ Job posted: 'Asesor/a de atención al cliente y ventas - CON o SIN experiencia' → WP ID 33678
2026-09-27 13:40:58,670 INFO ✅ SUCCESS — 'Asesor/a de atención al cliente y ventas - CON o SIN experiencia' → WP ID=33678 🔗 https://argentina.mimusjobs.com/job/asesor-a-de-atencion-al-cliente-y-ventas-con-o-sin-experiencia-5/
2026-09-27 13:40:59,670 INFO ── https://ar.computrabajo.com/empleos-en-capital-federal | page 5 | job 19/20: https://ar.computrabajo.com/ofertas-de-trabajo/oferta-de-trabajo-de-vendedora-comercial-en-caballito-1AE282A9C2C5D55C61373E686DCF3405
2026-09-27 13:40:59,727 DEBUG https://ar.computrabajo.com:443 "GET /ofertas-de-trabajo/oferta-de-trabajo-de-vendedora-comercial-en-caballito-1AE282A9C2C5D55C61373E686DCF3405 HTTP/1.1" 200 None
2026-09-27 13:40:59,730 DEBUG     GET https://ar.computrabajo.com/ofertas-de-trabajo/oferta-de-trabajo-de-vendedora-comercial-en-caballito-1AE282A9C2C5D55C61373E686DCF3405 → HTTP 200 (159,099 chars)
2026-09-27 13:40:59,760 INFO     ┌─ SCRAPED JOB ─────────────────────────────────────────
    │ URL          : https://ar.computrabajo.com/ofertas-de-trabajo/oferta-de-trabajo-de-vendedora-comercial-en-caballito-1AE282A9C2C5D55C61373E686DCF3405
    │ Title        : Vendedora Comercial
    │ Company      : INDUSTRIAS INNOVA SA
    │ Location     : Caballito, Capital Federal
    │ Job type     : full-time
    │ Salary       : (not listed)
    │ Industry     : Venta al consumidor
    │ Date posted  : 2026-08-18
    │ Deadline     : 2026-10-17
    │ External ID  : E50CBDB33D89996C
    │ Description  : SUMATE A NUESTRO EQUIPO COMERCIAL EN INDUSTRIAS INNOVA! ¿Tenés actitud ganadora y te apasionan las ventas? Estamos buscando vendedoras con excelente presencia, con estudios terciarios o universitarios…
    └───────────────────────────────────────────────────────
2026-09-27 13:41:00,452 DEBUG https://argentina.mimusjobs.com:443 "GET /wp-json/wp/v2/companies?slug=industrias-innova-sa HTTP/1.1" 200 None
2026-09-27 13:41:00,452 INFO ⏭ Company exists: INDUSTRIAS INNOVA SA
2026-09-27 13:41:00,990 DEBUG https://argentina.mimusjobs.com:443 "GET /wp-json/wp/v2/job-listings?slug=vendedora-comercial HTTP/1.1" 200 None
2026-09-27 13:41:00,990 INFO ⏭ Job already on WP: Vendedora Comercial
2026-09-27 13:41:00,991 INFO ✅ SUCCESS — 'Vendedora Comercial' → WP ID=22321 🔗 https://argentina.mimusjobs.com/job/vendedora-comercial/
2026-09-27 13:41:01,991 INFO ── https://ar.computrabajo.com/empleos-en-capital-federal | page 5 | job 20/20: https://ar.computrabajo.com/ofertas-de-trabajo/oferta-de-trabajo-de-cocinero-chef-turno-noche-ayudante-de-cocina-o-cocinero-en-palermo-995DC5C5D1719AEA61373E686DCF3405
2026-09-27 13:41:02,070 DEBUG https://ar.computrabajo.com:443 "GET /ofertas-de-trabajo/oferta-de-trabajo-de-cocinero-chef-turno-noche-ayudante-de-cocina-o-cocinero-en-palermo-995DC5C5D1719AEA61373E686DCF3405 HTTP/1.1" 200 None
2026-09-27 13:41:02,073 DEBUG     GET https://ar.computrabajo.com/ofertas-de-trabajo/oferta-de-trabajo-de-cocinero-chef-turno-noche-ayudante-de-cocina-o-cocinero-en-palermo-995DC5C5D1719AEA61373E686DCF3405 → HTTP 200 (161,009 chars)
2026-09-27 13:41:02,130 INFO     ┌─ SCRAPED JOB ─────────────────────────────────────────
    │ URL          : https://ar.computrabajo.com/ofertas-de-trabajo/oferta-de-trabajo-de-cocinero-chef-turno-noche-ayudante-de-cocina-o-cocinero-en-palermo-995DC5C5D1719AEA61373E686DCF3405
    │ Title        : cocinero chef - Turno noche , ayudante de cocina o cocinero
    │ Company      : San guchero
    │ Location     : Palermo, Capital Federal
    │ Job type     : temporary
    │ Salary       : 2000 ARS
    │ Industry     : Venta al consumidor
    │ Date posted  : 2026-09-03
    │ Deadline     : 2026-11-02
    │ External ID  : 7D475A5C4D3FB6B0
    │ Description  : En San Guchero nos encontramos en la búsqueda de Ayudantes de Cocina para sumar a los equipos de nuestras sucursales de Palermo, Recoleta, San Telmo y Las Cañitas. ¿A quién buscamos? Buscamos personas…
    └───────────────────────────────────────────────────────
2026-09-27 13:41:03,225 DEBUG https://argentina.mimusjobs.com:443 "GET /wp-json/wp/v2/companies?slug=san-guchero HTTP/1.1" 200 None
2026-09-27 13:41:03,225 INFO ⏭ Company exists: San guchero
2026-09-27 13:41:03,999 DEBUG https://argentina.mimusjobs.com:443 "GET /wp-json/wp/v2/job-listings?slug=cocinero-chef---turno-noche---ayudante-de-cocina-o-cocinero HTTP/1.1" 200 None
2026-09-27 13:41:03,999 INFO ⏭ Job already on WP: cocinero chef - Turno noche , ayudante de cocina o cocinero
2026-09-27 13:41:04,000 INFO ✅ SUCCESS — 'cocinero chef - Turno noche , ayudante de cocina o cocinero' → WP ID=22315 🔗 https://argentina.mimusjobs.com/job/cocinero-chef-turno-noche-ayudante-de-cocina-o-cocinero/
2026-09-27 13:41:05,000 INFO 📊 Running totals — posted: 100 | skipped: 0 | failed: 0
2026-09-27 13:41:05,000 INFO Fetching listing page 6: https://ar.computrabajo.com/empleos-en-capital-federal?p=6
2026-09-27 13:41:05,066 DEBUG https://ar.computrabajo.com:443 "GET /empleos-en-capital-federal?p=6 HTTP/1.1" 200 None
2026-09-27 13:41:05,072 DEBUG     GET https://ar.computrabajo.com/empleos-en-capital-federal?p=6 → HTTP 200 (329,991 chars)
2026-09-27 13:41:05,138 INFO Found 20 job URLs on page 6
2026-09-27 13:41:05,138 DEBUG     job 1: https://ar.computrabajo.com/ofertas-de-trabajo/oferta-de-trabajo-de-mercado-libre-operador-ecommerce-en-parque-patricios-BDAE4541EFB3D05461373E686DCF3405
2026-09-27 13:41:05,138 DEBUG     job 2: https://ar.computrabajo.com/ofertas-de-trabajo/oferta-de-trabajo-de-chofer-de-distribucion-con-experiencia-al-volante-en-nunez-D4FA8134E101EF9B61373E686DCF3405
2026-09-27 13:41:05,138 DEBUG     job 3: https://ar.computrabajo.com/ofertas-de-trabajo/oferta-de-trabajo-de-operario-para-industria-grafica-fabrica-de-fotolibros-en-chacarita-EF5BB01987E2227761373E686DCF3405
2026-09-27 13:41:05,138 DEBUG     job 4: https://ar.computrabajo.com/ofertas-de-trabajo/oferta-de-trabajo-de-telemarketing-ventas-turno-manana-part-time-en-monserrat-2DB804D056634B1361373E686DCF3405
2026-09-27 13:41:05,138 DEBUG     job 5: https://ar.computrabajo.com/ofertas-de-trabajo/oferta-de-trabajo-de-encargado-turno-noche-en-villa-crespo-EFDD4E3116F5571C61373E686DCF3405
2026-09-27 13:41:05,138 DEBUG     job 6: https://ar.computrabajo.com/ofertas-de-trabajo/oferta-de-trabajo-de-vendedorejecutivos-de-venta-con-experiencia-en-medicinaprivada-o-venta-de-seguros-turno-dis-en-san-nicolas-9402290BEFF9859861373E686DCF3405
2026-09-27 13:41:05,138 DEBUG     job 7: https://ar.computrabajo.com/ofertas-de-trabajo/oferta-de-trabajo-de-asesor-comercial-inmobiliario-hibrido-palermo-en-palermo-8C16FE4BDAC0349A61373E686DCF3405
2026-09-27 13:41:05,138 DEBUG     job 8: https://ar.computrabajo.com/ofertas-de-trabajo/oferta-de-trabajo-de-kinesiologoa-a-domicilio-en-caba-en-recoleta-EC1CC7A9B628A56161373E686DCF3405
2026-09-27 13:41:05,138 DEBUG     job 9: https://ar.computrabajo.com/ofertas-de-trabajo/oferta-de-trabajo-de-analista-de-marketing-junior-en-villa-ortuzar-DFEBE08D7123A3A961373E686DCF3405
2026-09-27 13:41:05,138 DEBUG     job 10: https://ar.computrabajo.com/ofertas-de-trabajo/oferta-de-trabajo-de-chofer-con-licencia-e1-zona-nueva-pompeya-en-recoleta-CFDF5CC68CA36BEF61373E686DCF3405
2026-09-27 13:41:05,138 DEBUG     job 11: https://ar.computrabajo.com/ofertas-de-trabajo/oferta-de-trabajo-de-analista-contable-en-recoleta-DF2762C996CBC2B161373E686DCF3405
2026-09-27 13:41:05,138 DEBUG     job 12: https://ar.computrabajo.com/ofertas-de-trabajo/oferta-de-trabajo-de-chef-cocinero-fine-dining-en-recoleta-FE2579EAD6A4391C61373E686DCF3405
2026-09-27 13:41:05,139 DEBUG     job 13: https://ar.computrabajo.com/ofertas-de-trabajo/oferta-de-trabajo-de-analista-de-tesoreria-en-villa-crespo-8AF5B37169FE750861373E686DCF3405
2026-09-27 13:41:05,139 DEBUG     job 14: https://ar.computrabajo.com/ofertas-de-trabajo/oferta-de-trabajo-de-especialista-en-electricidad-automotriz-linea-ford-vicente-lopez-en-belgrano-B519B2C7F33BCF6761373E686DCF3405
2026-09-27 13:41:05,139 DEBUG     job 15: https://ar.computrabajo.com/ofertas-de-trabajo/oferta-de-trabajo-de-jefae-de-pasteleria-para-central-de-produccion-de-mooi-en-villa-crespo-DF30CD9A3A64574861373E686DCF3405
2026-09-27 13:41:05,139 DEBUG     job 16: https://ar.computrabajo.com/ofertas-de-trabajo/oferta-de-trabajo-de-contadora-publico-para-empresa-de-soluciones-tecnologicas-en-parque-patricios-AEA21EDFE171D51261373E686DCF3405
2026-09-27 13:41:05,139 DEBUG     job 17: https://ar.computrabajo.com/ofertas-de-trabajo/oferta-de-trabajo-de-empleadoa-de-comercio-con-experiencia-en-mercado-libre-en-balvanera-9C498C912C8BDA2F61373E686DCF3405
2026-09-27 13:41:05,139 DEBUG     job 18: https://ar.computrabajo.com/ofertas-de-trabajo/oferta-de-trabajo-de-asistente-adm-ofi-tecnica-para-gestion-adm-de-mantenimientos-en-boedo-4432BEC2186AFCFB61373E686DCF3405
2026-09-27 13:41:05,139 DEBUG     job 19: https://ar.computrabajo.com/ofertas-de-trabajo/oferta-de-trabajo-de-operador-call-center-turno-tarde-en-monserrat-349D3C4307DFA4CC61373E686DCF3405
2026-09-27 13:41:05,139 DEBUG     job 20: https://ar.computrabajo.com/ofertas-de-trabajo/oferta-de-trabajo-de-operario-de-deposito-y-expedicion-en-villa-del-parque-D5D5529505602C5061373E686DCF3405
2026-09-27 13:41:05,139 INFO ── https://ar.computrabajo.com/empleos-en-capital-federal | page 6 | job 1/20: https://ar.computrabajo.com/ofertas-de-trabajo/oferta-de-trabajo-de-mercado-libre-operador-ecommerce-en-parque-patricios-BDAE4541EFB3D05461373E686DCF3405
2026-09-27 13:41:05,188 DEBUG https://ar.computrabajo.com:443 "GET /ofertas-de-trabajo/oferta-de-trabajo-de-mercado-libre-operador-ecommerce-en-parque-patricios-BDAE4541EFB3D05461373E686DCF3405 HTTP/1.1" 200 None
2026-09-27 13:41:05,190 DEBUG     GET https://ar.computrabajo.com/ofertas-de-trabajo/oferta-de-trabajo-de-mercado-libre-operador-ecommerce-en-parque-patricios-BDAE4541EFB3D05461373E686DCF3405 → HTTP 200 (152,086 chars)
2026-09-27 13:41:05,219 WARNING No JobPosting JSON-LD found, using HTML fallback: https://ar.computrabajo.com/ofertas-de-trabajo/oferta-de-trabajo-de-mercado-libre-operador-ecommerce-en-parque-patricios-BDAE4541EFB3D05461373E686DCF3405
2026-09-27 13:41:05,221 INFO     ┌─ SCRAPED JOB ─────────────────────────────────────────
    │ URL          : https://ar.computrabajo.com/ofertas-de-trabajo/oferta-de-trabajo-de-mercado-libre-operador-ecommerce-en-parque-patricios-BDAE4541EFB3D05461373E686DCF3405
    │ Title        : Mercado Libre Operador ecommerce
    │ Company      : Importante empresa del sector
    │ Location     : Parque Patricios, Capital Federal
    │ Job type     : full-time
    │ Salary       : $ 1.500.000,00 (Mensual) ARS
    │ Industry     : (none)
    │ Date posted  : (unknown)
    │ Deadline     : (estimated: )
    │ External ID  : (none)
    │ Description  : Empresa de e-commerce ubicada en Nueva Pompeya, dedicada a la venta de productos de ferretería y sanitarios, busca incorporar un/a Operador/a de Mercado Libre para sumarse a su equipo. Buscamos una pe…
    └───────────────────────────────────────────────────────
2026-09-27 13:41:06,134 DEBUG https://argentina.mimusjobs.com:443 "GET /wp-json/wp/v2/companies?slug=importante-empresa-del-sector HTTP/1.1" 200 None
2026-09-27 13:41:06,135 INFO ⏭ Company exists: Importante empresa del sector
2026-09-27 13:41:07,242 DEBUG https://argentina.mimusjobs.com:443 "GET /wp-json/wp/v2/job-listings?slug=mercado-libre-operador-ecommerce HTTP/1.1" 200 None
2026-09-27 13:41:07,243 INFO ⏭ Job already on WP: Mercado Libre Operador ecommerce
2026-09-27 13:41:07,243 INFO ✅ SUCCESS — 'Mercado Libre Operador ecommerce' → WP ID=22286 🔗 https://argentina.mimusjobs.com/job/mercado-libre-operador-ecommerce/
2026-09-27 13:41:08,243 INFO ── https://ar.computrabajo.com/empleos-en-capital-federal | page 6 | job 2/20: https://ar.computrabajo.com/ofertas-de-trabajo/oferta-de-trabajo-de-chofer-de-distribucion-con-experiencia-al-volante-en-nunez-D4FA8134E101EF9B61373E686DCF3405
2026-09-27 13:41:08,297 DEBUG https://ar.computrabajo.com:443 "GET /ofertas-de-trabajo/oferta-de-trabajo-de-chofer-de-distribucion-con-experiencia-al-volante-en-nunez-D4FA8134E101EF9B61373E686DCF3405 HTTP/1.1" 200 None
2026-09-27 13:41:08,300 DEBUG     GET https://ar.computrabajo.com/ofertas-de-trabajo/oferta-de-trabajo-de-chofer-de-distribucion-con-experiencia-al-volante-en-nunez-D4FA8134E101EF9B61373E686DCF3405 → HTTP 200 (160,000 chars)
2026-09-27 13:41:08,328 INFO     ┌─ SCRAPED JOB ─────────────────────────────────────────
    │ URL          : https://ar.computrabajo.com/ofertas-de-trabajo/oferta-de-trabajo-de-chofer-de-distribucion-con-experiencia-al-volante-en-nunez-D4FA8134E101EF9B61373E686DCF3405
    │ Title        : chófer de distribución - con experiencia al volante
    │ Company      : HAPPYEGGS
    │ Location     : Núñez, Capital Federal
    │ Job type     : full-time
    │ Salary       : 1079000 ARS
    │ Industry     : Venta al consumidor
    │ Date posted  : 2026-09-03
    │ Deadline     : 2026-11-02
    │ External ID  : 060A2727E73D36F5
    │ Description  : SE REQUIERE UNA PERSONA PARA CHOFER DE REPARTO. EL TRABAJO ES EN CABA. ES NECESARIO TENER EXPERIENCIA MANEJANDO VEHÍCULO. ASIMISMO ES NECESARIO TENER BUENA PREDISPOSICIÓN.-Requerimientos- Educación mí…
    └───────────────────────────────────────────────────────
2026-09-27 13:41:09,240 DEBUG https://argentina.mimusjobs.com:443 "GET /wp-json/wp/v2/companies?slug=happyeggs HTTP/1.1" 200 None
2026-09-27 13:41:09,240 INFO ⏭ Company exists: HAPPYEGGS
2026-09-27 13:41:09,797 DEBUG https://argentina.mimusjobs.com:443 "GET /wp-json/wp/v2/job-listings?slug=ch-fer-de-distribuci-n---con-experiencia-al-volante HTTP/1.1" 200 None
2026-09-27 13:41:11,345 DEBUG https://argentina.mimusjobs.com:443 "POST /wp-json/wp/v2/job-listings HTTP/1.1" 201 None
2026-09-27 13:41:11,346 INFO ✅ Job posted: 'chófer de distribución - con experiencia al volante' → WP ID 33679
2026-09-27 13:41:11,346 INFO ✅ SUCCESS — 'chófer de distribución - con experiencia al volante' → WP ID=33679 🔗 https://argentina.mimusjobs.com/job/chofer-de-distribucion-con-experiencia-al-volante-3/
2026-09-27 13:41:12,346 INFO ── https://ar.computrabajo.com/empleos-en-capital-federal | page 6 | job 3/20: https://ar.computrabajo.com/ofertas-de-trabajo/oferta-de-trabajo-de-operario-para-industria-grafica-fabrica-de-fotolibros-en-chacarita-EF5BB01987E2227761373E686DCF3405
2026-09-27 13:41:12,412 DEBUG https://ar.computrabajo.com:443 "GET /ofertas-de-trabajo/oferta-de-trabajo-de-operario-para-industria-grafica-fabrica-de-fotolibros-en-chacarita-EF5BB01987E2227761373E686DCF3405 HTTP/1.1" 200 None
2026-09-27 13:41:12,414 DEBUG     GET https://ar.computrabajo.com/ofertas-de-trabajo/oferta-de-trabajo-de-operario-para-industria-grafica-fabrica-de-fotolibros-en-chacarita-EF5BB01987E2227761373E686DCF3405 → HTTP 200 (159,240 chars)
2026-09-27 13:41:12,444 INFO     ┌─ SCRAPED JOB ─────────────────────────────────────────
    │ URL          : https://ar.computrabajo.com/ofertas-de-trabajo/oferta-de-trabajo-de-operario-para-industria-grafica-fabrica-de-fotolibros-en-chacarita-EF5BB01987E2227761373E686DCF3405
    │ Title        : Operario para Industria Grafica - (Fabrica de Fotolibros)
    │ Company      : QCM SOCIEDAD ANONIMA
    │ Location     : Chacarita, Capital Federal
    │ Job type     : full-time
    │ Salary       : 1500000 ARS
    │ Industry     : Fabricación
    │ Date posted  : 2026-09-11
    │ Deadline     : 2026-11-10
    │ External ID  : 7A6E90C82DCE5FCB
    │ Description  : Buscamos para puesto de Operario en nuestra planta en CABA, un colaborador con muchas ganas de trabajar y aprender. Responsable, detallista y con actitud para trabajo en equipo. Algunas de las tareas …
    └───────────────────────────────────────────────────────
2026-09-27 13:41:13,057 DEBUG https://argentina.mimusjobs.com:443 "GET /wp-json/wp/v2/companies?slug=qcm-sociedad-anonima HTTP/1.1" 200 None
2026-09-27 13:41:13,058 INFO ⏭ Company exists: QCM SOCIEDAD ANONIMA
2026-09-27 13:41:14,003 DEBUG https://argentina.mimusjobs.com:443 "GET /wp-json/wp/v2/job-listings?slug=operario-para-industria-grafica----fabrica-de-fotolibros- HTTP/1.1" 200 None
2026-09-27 13:41:14,004 INFO ⏭ Job already on WP: Operario para Industria Grafica - (Fabrica de Fotolibros)
2026-09-27 13:41:14,004 INFO ✅ SUCCESS — 'Operario para Industria Grafica - (Fabrica de Fotolibros)' → WP ID=22296 🔗 https://argentina.mimusjobs.com/job/operario-para-industria-grafica-fabrica-de-fotolibros/
2026-09-27 13:41:15,004 INFO ── https://ar.computrabajo.com/empleos-en-capital-federal | page 6 | job 4/20: https://ar.computrabajo.com/ofertas-de-trabajo/oferta-de-trabajo-de-telemarketing-ventas-turno-manana-part-time-en-monserrat-2DB804D056634B1361373E686DCF3405
2026-09-27 13:41:15,055 DEBUG https://ar.computrabajo.com:443 "GET /ofertas-de-trabajo/oferta-de-trabajo-de-telemarketing-ventas-turno-manana-part-time-en-monserrat-2DB804D056634B1361373E686DCF3405 HTTP/1.1" 200 None
2026-09-27 13:41:15,058 DEBUG     GET https://ar.computrabajo.com/ofertas-de-trabajo/oferta-de-trabajo-de-telemarketing-ventas-turno-manana-part-time-en-monserrat-2DB804D056634B1361373E686DCF3405 → HTTP 200 (152,876 chars)
2026-09-27 13:41:15,085 WARNING No JobPosting JSON-LD found, using HTML fallback: https://ar.computrabajo.com/ofertas-de-trabajo/oferta-de-trabajo-de-telemarketing-ventas-turno-manana-part-time-en-monserrat-2DB804D056634B1361373E686DCF3405
2026-09-27 13:41:15,087 INFO     ┌─ SCRAPED JOB ─────────────────────────────────────────
    │ URL          : https://ar.computrabajo.com/ofertas-de-trabajo/oferta-de-trabajo-de-telemarketing-ventas-turno-manana-part-time-en-monserrat-2DB804D056634B1361373E686DCF3405
    │ Title        : telemarketing ventas - Turno Mañana Part Time
    │ Company      : Importante empresa del sector
    │ Location     : Monserrat, Capital Federal
    │ Job type     : full-time
    │ Salary       : $ 511.000,00 (Mensual) + Comisiones ARS
    │ Industry     : (none)
    │ Date posted  : (unknown)
    │ Deadline     : (estimated: )
    │ External ID  : (none)
    │ Description  : Somos una empresa en expansión dedicada a la comercialización de servicios virtuales y estamos en la búsqueda de nuevos talentos para sumarse a nuestro equipo de ventas en nuestra sede de CABA (a metr…
    └───────────────────────────────────────────────────────
2026-09-27 13:41:15,977 DEBUG https://argentina.mimusjobs.com:443 "GET /wp-json/wp/v2/companies?slug=importante-empresa-del-sector HTTP/1.1" 200 None
2026-09-27 13:41:15,978 INFO ⏭ Company exists: Importante empresa del sector
2026-09-27 13:41:16,684 DEBUG https://argentina.mimusjobs.com:443 "GET /wp-json/wp/v2/job-listings?slug=telemarketing-ventas---turno-ma-ana-part-time HTTP/1.1" 200 None
2026-09-27 13:41:18,706 DEBUG https://argentina.mimusjobs.com:443 "POST /wp-json/wp/v2/job-listings HTTP/1.1" 201 None
2026-09-27 13:41:18,706 INFO ✅ Job posted: 'telemarketing ventas - Turno Mañana Part Time' → WP ID 33680
2026-09-27 13:41:18,706 INFO ✅ SUCCESS — 'telemarketing ventas - Turno Mañana Part Time' → WP ID=33680 🔗 https://argentina.mimusjobs.com/job/telemarketing-ventas-turno-manana-part-time-4/
2026-09-27 13:41:19,707 INFO ── https://ar.computrabajo.com/empleos-en-capital-federal | page 6 | job 5/20: https://ar.computrabajo.com/ofertas-de-trabajo/oferta-de-trabajo-de-encargado-turno-noche-en-villa-crespo-EFDD4E3116F5571C61373E686DCF3405
2026-09-27 13:41:19,754 DEBUG https://ar.computrabajo.com:443 "GET /ofertas-de-trabajo/oferta-de-trabajo-de-encargado-turno-noche-en-villa-crespo-EFDD4E3116F5571C61373E686DCF3405 HTTP/1.1" 200 None
2026-09-27 13:41:19,757 DEBUG     GET https://ar.computrabajo.com/ofertas-de-trabajo/oferta-de-trabajo-de-encargado-turno-noche-en-villa-crespo-EFDD4E3116F5571C61373E686DCF3405 → HTTP 200 (158,541 chars)
2026-09-27 13:41:19,785 INFO     ┌─ SCRAPED JOB ─────────────────────────────────────────
    │ URL          : https://ar.computrabajo.com/ofertas-de-trabajo/oferta-de-trabajo-de-encargado-turno-noche-en-villa-crespo-EFDD4E3116F5571C61373E686DCF3405
    │ Title        : Encargado - Turno noche
    │ Company      : Chebonche
    │ Location     : Villa Crespo, Capital Federal
    │ Job type     : full-time
    │ Salary       : 1200000 ARS
    │ Industry     : Venta al consumidor
    │ Date posted  : 2026-08-10
    │ Deadline     : 2026-10-09
    │ External ID  : BBD3552B00317441
    │ Description  : Zona: Villa Crespo (CABA) Turno: Noche Puesto: Encargado/a de Local Responsabilidades: - Supervisar equipo y coordinar operaciones. - Asegurar atención al cliente y resolver conflictos. - Manejo de ca…
    └───────────────────────────────────────────────────────
2026-09-27 13:41:20,648 DEBUG https://argentina.mimusjobs.com:443 "GET /wp-json/wp/v2/companies?slug=chebonche HTTP/1.1" 200 None
2026-09-27 13:41:20,648 INFO ⏭ Company exists: Chebonche
2026-09-27 13:41:22,662 DEBUG https://argentina.mimusjobs.com:443 "GET /wp-json/wp/v2/job-listings?slug=encargado---turno-noche HTTP/1.1" 200 None
2026-09-27 13:41:22,662 INFO ⏭ Job already on WP: Encargado - Turno noche
2026-09-27 13:41:22,662 INFO ✅ SUCCESS — 'Encargado - Turno noche' → WP ID=22352 🔗 https://argentina.mimusjobs.com/job/encargado-turno-noche/
2026-09-27 13:41:23,663 INFO ── https://ar.computrabajo.com/empleos-en-capital-federal | page 6 | job 6/20: https://ar.computrabajo.com/ofertas-de-trabajo/oferta-de-trabajo-de-vendedorejecutivos-de-venta-con-experiencia-en-medicinaprivada-o-venta-de-seguros-turno-dis-en-san-nicolas-9402290BEFF9859861373E686DCF3405
2026-09-27 13:41:23,710 DEBUG https://ar.computrabajo.com:443 "GET /ofertas-de-trabajo/oferta-de-trabajo-de-vendedorejecutivos-de-venta-con-experiencia-en-medicinaprivada-o-venta-de-seguros-turno-dis-en-san-nicolas-9402290BEFF9859861373E686DCF3405 HTTP/1.1" 200 None
2026-09-27 13:41:23,713 DEBUG     GET https://ar.computrabajo.com/ofertas-de-trabajo/oferta-de-trabajo-de-vendedorejecutivos-de-venta-con-experiencia-en-medicinaprivada-o-venta-de-seguros-turno-dis-en-san-nicolas-9402290BEFF9859861373E686DCF3405 → HTTP 200 (165,457 chars)
2026-09-27 13:41:23,744 INFO     ┌─ SCRAPED JOB ─────────────────────────────────────────
    │ URL          : https://ar.computrabajo.com/ofertas-de-trabajo/oferta-de-trabajo-de-vendedorejecutivos-de-venta-con-experiencia-en-medicinaprivada-o-venta-de-seguros-turno-dis-en-san-nicolas-9402290BEFF9859861373E686DCF3405
    │ Title        : Vendedor/Ejecutivos de Venta con experiencia en MedicinaPrivada o Venta de Seguros - Turno dís
    │ Company      : Sarrible & Asociados
    │ Location     : San Nicolás, Capital Federal
    │ Job type     : full-time
    │ Salary       : (not listed)
    │ Industry     : RRHH / Personal
    │ Date posted  : 2026-08-10
    │ Deadline     : 2026-10-09
    │ External ID  : 5547BB2EEB1ED540
    │ Description  : Para nuestro cliente que es un Broker líder en Argentina en comercialización de distitas opciones de servicios de Medicina Privada, se encuentra fortaleciendo su equipo comercial. Opcionalmente con me…
    └───────────────────────────────────────────────────────
2026-09-27 13:41:25,050 DEBUG https://argentina.mimusjobs.com:443 "GET /wp-json/wp/v2/companies?slug=sarrible---asociados HTTP/1.1" 200 None
2026-09-27 13:41:25,051 INFO ⏭ Company exists: Sarrible & Asociados
2026-09-27 13:41:26,167 DEBUG https://argentina.mimusjobs.com:443 "GET /wp-json/wp/v2/job-listings?slug=vendedor-ejecutivos-de-venta-con-experiencia-en-medicinaprivada-o-venta-de-segur HTTP/1.1" 200 None
2026-09-27 13:41:27,520 DEBUG https://argentina.mimusjobs.com:443 "POST /wp-json/wp/v2/job-listings HTTP/1.1" 201 None
2026-09-27 13:41:27,521 INFO ✅ Job posted: 'Vendedor/Ejecutivos de Venta con experiencia en MedicinaPrivada o Venta de Seguros - Turno dís' → WP ID 33681
2026-09-27 13:41:27,521 INFO ✅ SUCCESS — 'Vendedor/Ejecutivos de Venta con experiencia en MedicinaPrivada o Venta de Seguros - Turno dís' → WP ID=33681 🔗 https://argentina.mimusjobs.com/job/vendedor-ejecutivos-de-venta-con-experiencia-en-medicinaprivada-o-venta-de-seguros-turno-dis-4/
2026-09-27 13:41:28,521 INFO ── https://ar.computrabajo.com/empleos-en-capital-federal | page 6 | job 7/20: https://ar.computrabajo.com/ofertas-de-trabajo/oferta-de-trabajo-de-asesor-comercial-inmobiliario-hibrido-palermo-en-palermo-8C16FE4BDAC0349A61373E686DCF3405
2026-09-27 13:41:28,592 DEBUG https://ar.computrabajo.com:443 "GET /ofertas-de-trabajo/oferta-de-trabajo-de-asesor-comercial-inmobiliario-hibrido-palermo-en-palermo-8C16FE4BDAC0349A61373E686DCF3405 HTTP/1.1" 200 None
2026-09-27 13:41:28,595 DEBUG     GET https://ar.computrabajo.com/ofertas-de-trabajo/oferta-de-trabajo-de-asesor-comercial-inmobiliario-hibrido-palermo-en-palermo-8C16FE4BDAC0349A61373E686DCF3405 → HTTP 200 (171,412 chars)
2026-09-27 13:41:28,626 INFO     ┌─ SCRAPED JOB ─────────────────────────────────────────
    │ URL          : https://ar.computrabajo.com/ofertas-de-trabajo/oferta-de-trabajo-de-asesor-comercial-inmobiliario-hibrido-palermo-en-palermo-8C16FE4BDAC0349A61373E686DCF3405
    │ Title        : Asesor Comercial Inmobiliario - Híbrido Palermo
    │ Company      : Century 21 Belgrano
    │ Location     : Palermo, Capital Federal
    │ Job type     : temporary
    │ Salary       : (not listed)
    │ Industry     : Venta al consumidor
    │ Date posted  : 2026-08-18
    │ Deadline     : 2026-10-17
    │ External ID  : D488157950798E30
    │ Description  : ASESOR COMERCIAL INMOBILIARIO CENTURY 21 BELGRANO
CENTURY 21 Belgrano se encuentra en la búsqueda de personas con perfil comercial interesadas en desarrollarse profesionalmente dentro del sector inmob…
    └───────────────────────────────────────────────────────
2026-09-27 13:41:29,685 DEBUG https://argentina.mimusjobs.com:443 "GET /wp-json/wp/v2/companies?slug=century-21-belgrano HTTP/1.1" 200 None
2026-09-27 13:41:29,685 INFO ⏭ Company exists: Century 21 Belgrano
2026-09-27 13:41:30,518 DEBUG https://argentina.mimusjobs.com:443 "GET /wp-json/wp/v2/job-listings?slug=asesor-comercial-inmobiliario---h-brido-palermo HTTP/1.1" 200 None
2026-09-27 13:41:30,589 DEBUG https://ii.ct-stc.com:443 "GET /5/logos/empresas/2025/09/15//century21belgrano124631thumbnail.jpeg HTTP/1.1" 200 19799
2026-09-27 13:41:32,003 DEBUG https://argentina.mimusjobs.com:443 "POST /wp-json/wp/v2/media HTTP/1.1" 201 None
2026-09-27 13:41:33,787 DEBUG https://argentina.mimusjobs.com:443 "POST /wp-json/wp/v2/job-listings HTTP/1.1" 201 None
2026-09-27 13:41:33,788 INFO ✅ Job posted: 'Asesor Comercial Inmobiliario - Híbrido Palermo' → WP ID 33683
2026-09-27 13:41:33,788 INFO ✅ SUCCESS — 'Asesor Comercial Inmobiliario - Híbrido Palermo' → WP ID=33683 🔗 https://argentina.mimusjobs.com/job/asesor-comercial-inmobiliario-hibrido-palermo-4/
2026-09-27 13:41:34,788 INFO ── https://ar.computrabajo.com/empleos-en-capital-federal | page 6 | job 8/20: https://ar.computrabajo.com/ofertas-de-trabajo/oferta-de-trabajo-de-kinesiologoa-a-domicilio-en-caba-en-recoleta-EC1CC7A9B628A56161373E686DCF3405
2026-09-27 13:41:34,854 DEBUG https://ar.computrabajo.com:443 "GET /ofertas-de-trabajo/oferta-de-trabajo-de-kinesiologoa-a-domicilio-en-caba-en-recoleta-EC1CC7A9B628A56161373E686DCF3405 HTTP/1.1" 200 None
2026-09-27 13:41:34,857 DEBUG     GET https://ar.computrabajo.com/ofertas-de-trabajo/oferta-de-trabajo-de-kinesiologoa-a-domicilio-en-caba-en-recoleta-EC1CC7A9B628A56161373E686DCF3405 → HTTP 200 (169,418 chars)
2026-09-27 13:41:34,895 INFO     ┌─ SCRAPED JOB ─────────────────────────────────────────
    │ URL          : https://ar.computrabajo.com/ofertas-de-trabajo/oferta-de-trabajo-de-kinesiologoa-a-domicilio-en-caba-en-recoleta-EC1CC7A9B628A56161373E686DCF3405
    │ Title        : Kinesiólogo/a - a Domicilio en CABA
    │ Company      : Integrar Cuidados srl
    │ Location     : Recoleta, Capital Federal
    │ Job type     : temporary
    │ Salary       : 40000 ARS
    │ Industry     : Salud / Medicina
    │ Date posted  : 2026-08-18
    │ Deadline     : 2026-10-17
    │ External ID  : 2C72B4E7BC4A3B4F
    │ Description  : INTEGRAR CUIDADOS SRL es una Empresa de Internación Medica y Cuidados Domiciliarios que reside en CABA desde hace 5 años y hoy se encuentra en búsqueda de Lic en Kinesiología para atención y rehabilit…
    └───────────────────────────────────────────────────────
2026-09-27 13:41:36,212 DEBUG https://argentina.mimusjobs.com:443 "GET /wp-json/wp/v2/companies?slug=integrar-cuidados-srl HTTP/1.1" 200 None
2026-09-27 13:41:36,213 INFO ⏭ Company exists: Integrar Cuidados srl
2026-09-27 13:41:37,325 DEBUG https://argentina.mimusjobs.com:443 "GET /wp-json/wp/v2/job-listings?slug=kinesi-logo-a---a-domicilio-en-caba HTTP/1.1" 200 None
2026-09-27 13:41:37,414 DEBUG https://ii.ct-stc.com:443 "GET /5/logos/empresas/2022/05/01/9874e3aee8aa4032887b191454497thumbnail.jpg HTTP/1.1" 200 2919
2026-09-27 13:41:38,859 DEBUG https://argentina.mimusjobs.com:443 "POST /wp-json/wp/v2/media HTTP/1.1" 201 None
2026-09-27 13:41:40,177 DEBUG https://argentina.mimusjobs.com:443 "POST /wp-json/wp/v2/job-listings HTTP/1.1" 201 None
2026-09-27 13:41:40,177 INFO ✅ Job posted: 'Kinesiólogo/a - a Domicilio en CABA' → WP ID 33685
2026-09-27 13:41:40,177 INFO ✅ SUCCESS — 'Kinesiólogo/a - a Domicilio en CABA' → WP ID=33685 🔗 https://argentina.mimusjobs.com/job/kinesiologo-a-a-domicilio-en-caba-2/
2026-09-27 13:41:41,177 INFO ── https://ar.computrabajo.com/empleos-en-capital-federal | page 6 | job 9/20: https://ar.computrabajo.com/ofertas-de-trabajo/oferta-de-trabajo-de-analista-de-marketing-junior-en-villa-ortuzar-DFEBE08D7123A3A961373E686DCF3405
2026-09-27 13:41:41,228 DEBUG https://ar.computrabajo.com:443 "GET /ofertas-de-trabajo/oferta-de-trabajo-de-analista-de-marketing-junior-en-villa-ortuzar-DFEBE08D7123A3A961373E686DCF3405 HTTP/1.1" 200 None
2026-09-27 13:41:41,231 DEBUG     GET https://ar.computrabajo.com/ofertas-de-trabajo/oferta-de-trabajo-de-analista-de-marketing-junior-en-villa-ortuzar-DFEBE08D7123A3A961373E686DCF3405 → HTTP 200 (151,660 chars)
2026-09-27 13:41:41,257 WARNING No JobPosting JSON-LD found, using HTML fallback: https://ar.computrabajo.com/ofertas-de-trabajo/oferta-de-trabajo-de-analista-de-marketing-junior-en-villa-ortuzar-DFEBE08D7123A3A961373E686DCF3405
2026-09-27 13:41:41,259 INFO     ┌─ SCRAPED JOB ─────────────────────────────────────────
    │ URL          : https://ar.computrabajo.com/ofertas-de-trabajo/oferta-de-trabajo-de-analista-de-marketing-junior-en-villa-ortuzar-DFEBE08D7123A3A961373E686DCF3405
    │ Title        : Analista de Marketing Junior
    │ Company      : Importante empresa del sector
    │ Location     : Villa Ortúzar, Capital Federal
    │ Job type     : full-time
    │ Salary       : A convenir ARS
    │ Industry     : (none)
    │ Date posted  : (unknown)
    │ Deadline     : (estimated: )
    │ External ID  : (none)
    │ Description  : Analista de Marketing Junior
En Crudda seguimos creciendo y buscamos sumar una persona de Marketing Junior que nos ayude a potenciar nuestra marca y acompañar su crecimiento.
Buscamos un perfil recibi…
    └───────────────────────────────────────────────────────
2026-09-27 13:41:41,905 DEBUG https://argentina.mimusjobs.com:443 "GET /wp-json/wp/v2/companies?slug=importante-empresa-del-sector HTTP/1.1" 200 None
2026-09-27 13:41:41,906 INFO ⏭ Company exists: Importante empresa del sector
2026-09-27 13:41:42,720 DEBUG https://argentina.mimusjobs.com:443 "GET /wp-json/wp/v2/job-listings?slug=analista-de-marketing-junior HTTP/1.1" 200 None
2026-09-27 13:41:42,720 INFO ⏭ Job already on WP: Analista de Marketing Junior
2026-09-27 13:41:42,720 INFO ✅ SUCCESS — 'Analista de Marketing Junior' → WP ID=22341 🔗 https://argentina.mimusjobs.com/job/analista-de-marketing-junior/
2026-09-27 13:41:43,721 INFO ── https://ar.computrabajo.com/empleos-en-capital-federal | page 6 | job 10/20: https://ar.computrabajo.com/ofertas-de-trabajo/oferta-de-trabajo-de-chofer-con-licencia-e1-zona-nueva-pompeya-en-recoleta-CFDF5CC68CA36BEF61373E686DCF3405
2026-09-27 13:41:43,765 DEBUG https://ar.computrabajo.com:443 "GET /ofertas-de-trabajo/oferta-de-trabajo-de-chofer-con-licencia-e1-zona-nueva-pompeya-en-recoleta-CFDF5CC68CA36BEF61373E686DCF3405 HTTP/1.1" 200 None
2026-09-27 13:41:43,768 DEBUG     GET https://ar.computrabajo.com/ofertas-de-trabajo/oferta-de-trabajo-de-chofer-con-licencia-e1-zona-nueva-pompeya-en-recoleta-CFDF5CC68CA36BEF61373E686DCF3405 → HTTP 200 (157,704 chars)
2026-09-27 13:41:43,796 INFO     ┌─ SCRAPED JOB ─────────────────────────────────────────
    │ URL          : https://ar.computrabajo.com/ofertas-de-trabajo/oferta-de-trabajo-de-chofer-con-licencia-e1-zona-nueva-pompeya-en-recoleta-CFDF5CC68CA36BEF61373E686DCF3405
    │ Title        : Chofer con Licencia E1 - Zona Nueva Pompeya
    │ Company      : ILQUOTIDIANO S.R.L.
    │ Location     : Recoleta, Capital Federal
    │ Job type     : full-time
    │ Salary       : 11111 ARS
    │ Industry     : Hostelería / Turismo
    │ Date posted  : 2026-09-03
    │ Deadline     : 2026-11-02
    │ External ID  : 410805707C162DE6
    │ Description  : Chofer de Reparto
Sumate a nuestro equipo
Nos encontramos en la búsqueda de un Chofer de Reparto para incorporarse a nuestro equipo de Logística. Buscamos una persona responsable, organizada y comprom…
    └───────────────────────────────────────────────────────
2026-09-27 13:41:44,908 DEBUG https://argentina.mimusjobs.com:443 "GET /wp-json/wp/v2/companies?slug=ilquotidiano-s-r-l- HTTP/1.1" 200 None
2026-09-27 13:41:44,908 INFO ⏭ Company exists: ILQUOTIDIANO S.R.L.
2026-09-27 13:41:46,139 DEBUG https://argentina.mimusjobs.com:443 "GET /wp-json/wp/v2/job-listings?slug=chofer-con-licencia-e1---zona-nueva-pompeya HTTP/1.1" 200 None
2026-09-27 13:41:46,139 INFO ⏭ Job already on WP: Chofer con Licencia E1 - Zona Nueva Pompeya
2026-09-27 13:41:46,140 INFO ✅ SUCCESS — 'Chofer con Licencia E1 - Zona Nueva Pompeya' → WP ID=22345 🔗 https://argentina.mimusjobs.com/job/chofer-con-licencia-e1-zona-nueva-pompeya/
2026-09-27 13:41:47,140 INFO ── https://ar.computrabajo.com/empleos-en-capital-federal | page 6 | job 11/20: https://ar.computrabajo.com/ofertas-de-trabajo/oferta-de-trabajo-de-analista-contable-en-recoleta-DF2762C996CBC2B161373E686DCF3405
2026-09-27 13:41:47,191 DEBUG https://ar.computrabajo.com:443 "GET /ofertas-de-trabajo/oferta-de-trabajo-de-analista-contable-en-recoleta-DF2762C996CBC2B161373E686DCF3405 HTTP/1.1" 200 None
2026-09-27 13:41:47,193 DEBUG     GET https://ar.computrabajo.com/ofertas-de-trabajo/oferta-de-trabajo-de-analista-contable-en-recoleta-DF2762C996CBC2B161373E686DCF3405 → HTTP 200 (151,937 chars)
2026-09-27 13:41:47,220 WARNING No JobPosting JSON-LD found, using HTML fallback: https://ar.computrabajo.com/ofertas-de-trabajo/oferta-de-trabajo-de-analista-contable-en-recoleta-DF2762C996CBC2B161373E686DCF3405
2026-09-27 13:41:47,221 INFO     ┌─ SCRAPED JOB ─────────────────────────────────────────
    │ URL          : https://ar.computrabajo.com/ofertas-de-trabajo/oferta-de-trabajo-de-analista-contable-en-recoleta-DF2762C996CBC2B161373E686DCF3405
    │ Title        : Analista Contable
    │ Company      : Importante empresa del sector
    │ Location     : Recoleta, Capital Federal
    │ Job type     : full-time
    │ Salary       : A convenir ARS
    │ Industry     : (none)
    │ Date posted  : (unknown)
    │ Deadline     : (estimated: )
    │ External ID  : (none)
    │ Description  : La posición tiene como objetivo colaborar con el sector de Contabilidad, participando en tareas de carga y control de asientos contables, seguimiento y cruce de cuentas, procesamiento de documentación…
    └───────────────────────────────────────────────────────
2026-09-27 13:41:48,735 DEBUG https://argentina.mimusjobs.com:443 "GET /wp-json/wp/v2/companies?slug=importante-empresa-del-sector HTTP/1.1" 200 None
2026-09-27 13:41:48,736 INFO ⏭ Company exists: Importante empresa del sector
2026-09-27 13:41:49,737 DEBUG https://argentina.mimusjobs.com:443 "GET /wp-json/wp/v2/job-listings?slug=analista-contable HTTP/1.1" 200 None
2026-09-27 13:41:49,737 INFO ⏭ Job already on WP: Analista Contable
2026-09-27 13:41:49,738 INFO ✅ SUCCESS — 'Analista Contable' → WP ID=4490 🔗 https://argentina.mimusjobs.com/job/analista-contable/
2026-09-27 13:41:50,738 INFO ── https://ar.computrabajo.com/empleos-en-capital-federal | page 6 | job 12/20: https://ar.computrabajo.com/ofertas-de-trabajo/oferta-de-trabajo-de-chef-cocinero-fine-dining-en-recoleta-FE2579EAD6A4391C61373E686DCF3405
2026-09-27 13:41:50,799 DEBUG https://ar.computrabajo.com:443 "GET /ofertas-de-trabajo/oferta-de-trabajo-de-chef-cocinero-fine-dining-en-recoleta-FE2579EAD6A4391C61373E686DCF3405 HTTP/1.1" 200 None
2026-09-27 13:41:50,802 DEBUG     GET https://ar.computrabajo.com/ofertas-de-trabajo/oferta-de-trabajo-de-chef-cocinero-fine-dining-en-recoleta-FE2579EAD6A4391C61373E686DCF3405 → HTTP 200 (162,777 chars)
2026-09-27 13:41:50,831 INFO     ┌─ SCRAPED JOB ─────────────────────────────────────────
    │ URL          : https://ar.computrabajo.com/ofertas-de-trabajo/oferta-de-trabajo-de-chef-cocinero-fine-dining-en-recoleta-FE2579EAD6A4391C61373E686DCF3405
    │ Title        : chef cocinero - Fine Dining
    │ Company      : ARAMBURU RESTO
    │ Location     : Recoleta, Capital Federal
    │ Job type     : full-time
    │ Salary       : (not listed)
    │ Industry     : Hostelería / Turismo
    │ Date posted  : 2026-09-11
    │ Deadline     : 2026-11-10
    │ External ID  : 165401DF86990198
    │ Description  : -BUSCAMOS A LOS MEJORES- Buscamos profesionales que quieran trabajar en un entorno donde la excelencia, la técnica y la precisión son parte de cada servicio. Esta búsqueda forma parte de una convocato…
    └───────────────────────────────────────────────────────
2026-09-27 13:41:51,576 DEBUG https://argentina.mimusjobs.com:443 "GET /wp-json/wp/v2/companies?slug=aramburu-resto HTTP/1.1" 200 None
2026-09-27 13:41:51,577 INFO ⏭ Company exists: ARAMBURU RESTO
2026-09-27 13:41:53,305 DEBUG https://argentina.mimusjobs.com:443 "GET /wp-json/wp/v2/job-listings?slug=chef-cocinero---fine-dining HTTP/1.1" 200 None
2026-09-27 13:41:53,305 INFO ⏭ Job already on WP: chef cocinero - Fine Dining
2026-09-27 13:41:53,305 INFO ✅ SUCCESS — 'chef cocinero - Fine Dining' → WP ID=22308 🔗 https://argentina.mimusjobs.com/job/chef-cocinero-fine-dining/
2026-09-27 13:41:54,306 INFO ── https://ar.computrabajo.com/empleos-en-capital-federal | page 6 | job 13/20: https://ar.computrabajo.com/ofertas-de-trabajo/oferta-de-trabajo-de-analista-de-tesoreria-en-villa-crespo-8AF5B37169FE750861373E686DCF3405
2026-09-27 13:41:54,362 DEBUG https://ar.computrabajo.com:443 "GET /ofertas-de-trabajo/oferta-de-trabajo-de-analista-de-tesoreria-en-villa-crespo-8AF5B37169FE750861373E686DCF3405 HTTP/1.1" 200 None
2026-09-27 13:41:54,364 DEBUG     GET https://ar.computrabajo.com/ofertas-de-trabajo/oferta-de-trabajo-de-analista-de-tesoreria-en-villa-crespo-8AF5B37169FE750861373E686DCF3405 → HTTP 200 (155,982 chars)
2026-09-27 13:41:54,393 WARNING No JobPosting JSON-LD found, using HTML fallback: https://ar.computrabajo.com/ofertas-de-trabajo/oferta-de-trabajo-de-analista-de-tesoreria-en-villa-crespo-8AF5B37169FE750861373E686DCF3405
2026-09-27 13:41:54,395 INFO     ┌─ SCRAPED JOB ─────────────────────────────────────────
    │ URL          : https://ar.computrabajo.com/ofertas-de-trabajo/oferta-de-trabajo-de-analista-de-tesoreria-en-villa-crespo-8AF5B37169FE750861373E686DCF3405
    │ Title        : analista de tesorería
    │ Company      : Importante empresa del sector
    │ Location     : Villa Crespo, Capital Federal
    │ Job type     : full-time
    │ Salary       : A convenir ARS
    │ Industry     : (none)
    │ Date posted  : (unknown)
    │ Deadline     : (estimated: )
    │ External ID  : (none)
    │ Description  : Empresa líder en reparación y mantenimiento integral de vehículos, estamos en la búsqueda de un Analista de Tesorería para incorporarse a nuestro equipo de Administración y Finanzas. Buscamos una pers…
    └───────────────────────────────────────────────────────
2026-09-27 13:41:55,044 DEBUG https://argentina.mimusjobs.com:443 "GET /wp-json/wp/v2/companies?slug=importante-empresa-del-sector HTTP/1.1" 200 None
2026-09-27 13:41:55,044 INFO ⏭ Company exists: Importante empresa del sector
2026-09-27 13:41:56,055 DEBUG https://argentina.mimusjobs.com:443 "GET /wp-json/wp/v2/job-listings?slug=analista-de-tesorer-a HTTP/1.1" 200 None
2026-09-27 13:41:57,204 DEBUG https://argentina.mimusjobs.com:443 "GET /wp-json/wp/v2/job_listing_region?slug=villa-crespo--capital-federal HTTP/1.1" 200 None
2026-09-27 13:41:58,159 DEBUG https://argentina.mimusjobs.com:443 "POST /wp-json/wp/v2/job-listings HTTP/1.1" 201 None
2026-09-27 13:41:58,159 INFO ✅ Job posted: 'analista de tesorería' → WP ID 33686
2026-09-27 13:41:58,159 INFO ✅ SUCCESS — 'analista de tesorería' → WP ID=33686 🔗 https://argentina.mimusjobs.com/job/analista-de-tesoreria-7/
2026-09-27 13:41:59,160 INFO ── https://ar.computrabajo.com/empleos-en-capital-federal | page 6 | job 14/20: https://ar.computrabajo.com/ofertas-de-trabajo/oferta-de-trabajo-de-especialista-en-electricidad-automotriz-linea-ford-vicente-lopez-en-belgrano-B519B2C7F33BCF6761373E686DCF3405
2026-09-27 13:41:59,201 DEBUG https://ar.computrabajo.com:443 "GET /ofertas-de-trabajo/oferta-de-trabajo-de-especialista-en-electricidad-automotriz-linea-ford-vicente-lopez-en-belgrano-B519B2C7F33BCF6761373E686DCF3405 HTTP/1.1" 200 None
2026-09-27 13:41:59,204 DEBUG     GET https://ar.computrabajo.com/ofertas-de-trabajo/oferta-de-trabajo-de-especialista-en-electricidad-automotriz-linea-ford-vicente-lopez-en-belgrano-B519B2C7F33BCF6761373E686DCF3405 → HTTP 200 (172,627 chars)
2026-09-27 13:41:59,266 INFO     ┌─ SCRAPED JOB ─────────────────────────────────────────
    │ URL          : https://ar.computrabajo.com/ofertas-de-trabajo/oferta-de-trabajo-de-especialista-en-electricidad-automotriz-linea-ford-vicente-lopez-en-belgrano-B519B2C7F33BCF6761373E686DCF3405
    │ Title        : Especialista en Electricidad Automotriz (Línea Ford) - Vicente Lopez
    │ Company      : Link Solution
    │ Location     : Belgrano, Capital Federal
    │ Job type     : full-time
    │ Salary       : (not listed)
    │ Industry     : Informática / Software
    │ Date posted  : 2026-09-03
    │ Deadline     : 2026-11-02
    │ External ID  : 1E3D4AC86EB596B4
    │ Description  : Especialista en Electricidad Automotriz (Línea Ford) · Linksolution S.R.L importante empresa del sector IT y soluciones de negocio se encuentra en la búsqueda de un Especialista en Electricidad Automo…
    └───────────────────────────────────────────────────────
2026-09-27 13:42:00,067 DEBUG https://argentina.mimusjobs.com:443 "GET /wp-json/wp/v2/companies?slug=link-solution HTTP/1.1" 200 None
2026-09-27 13:42:00,067 INFO ⏭ Company exists: Link Solution
2026-09-27 13:42:01,376 DEBUG https://argentina.mimusjobs.com:443 "GET /wp-json/wp/v2/job-listings?slug=especialista-en-electricidad-automotriz--l-nea-ford----vicente-lopez HTTP/1.1" 200 None
2026-09-27 13:42:01,386 DEBUG https://ii.ct-stc.com:443 "GET /5/logos/empresas/2022/09/12/390120b215a74c24b036212604893thumbnail.png HTTP/1.1" 200 3560
2026-09-27 13:42:02,785 DEBUG https://argentina.mimusjobs.com:443 "POST /wp-json/wp/v2/media HTTP/1.1" 201 None
2026-09-27 13:42:04,372 DEBUG https://argentina.mimusjobs.com:443 "POST /wp-json/wp/v2/job-listings HTTP/1.1" 201 None
2026-09-27 13:42:04,373 INFO ✅ Job posted: 'Especialista en Electricidad Automotriz (Línea Ford) - Vicente Lopez' → WP ID 33688
2026-09-27 13:42:04,373 INFO ✅ SUCCESS — 'Especialista en Electricidad Automotriz (Línea Ford) - Vicente Lopez' → WP ID=33688 🔗 https://argentina.mimusjobs.com/job/especialista-en-electricidad-automotriz-linea-ford-vicente-lopez-3/
2026-09-27 13:42:05,373 INFO ── https://ar.computrabajo.com/empleos-en-capital-federal | page 6 | job 15/20: https://ar.computrabajo.com/ofertas-de-trabajo/oferta-de-trabajo-de-jefae-de-pasteleria-para-central-de-produccion-de-mooi-en-villa-crespo-DF30CD9A3A64574861373E686DCF3405
2026-09-27 13:42:05,422 DEBUG https://ar.computrabajo.com:443 "GET /ofertas-de-trabajo/oferta-de-trabajo-de-jefae-de-pasteleria-para-central-de-produccion-de-mooi-en-villa-crespo-DF30CD9A3A64574861373E686DCF3405 HTTP/1.1" 200 None
2026-09-27 13:42:05,424 DEBUG     GET https://ar.computrabajo.com/ofertas-de-trabajo/oferta-de-trabajo-de-jefae-de-pasteleria-para-central-de-produccion-de-mooi-en-villa-crespo-DF30CD9A3A64574861373E686DCF3405 → HTTP 200 (158,770 chars)
2026-09-27 13:42:05,453 INFO     ┌─ SCRAPED JOB ─────────────────────────────────────────
    │ URL          : https://ar.computrabajo.com/ofertas-de-trabajo/oferta-de-trabajo-de-jefae-de-pasteleria-para-central-de-produccion-de-mooi-en-villa-crespo-DF30CD9A3A64574861373E686DCF3405
    │ Title        : Jefa/e de pastelería para central de producción de MÖOI
    │ Company      : MOOI
    │ Location     : Villa Crespo, Capital Federal
    │ Job type     : full-time
    │ Salary       : (not listed)
    │ Industry     : Hostelería / Turismo
    │ Date posted  : 2026-09-11
    │ Deadline     : 2026-11-10
    │ External ID  : 3DC513DD9D79A2A7
    │ Description  : Estamos buscando una Jefa/e de pastelería para nuestra central de producción ubicada en Villa Crespo, a metros de Juan B Justo y Corrientes.
MÖOI es un concepto innovador, elaboramos pastelería artesa…
    └───────────────────────────────────────────────────────
2026-09-27 13:42:06,452 DEBUG https://argentina.mimusjobs.com:443 "GET /wp-json/wp/v2/companies?slug=mooi HTTP/1.1" 200 None
2026-09-27 13:42:06,452 INFO ⏭ Company exists: MOOI
2026-09-27 13:42:07,157 DEBUG https://argentina.mimusjobs.com:443 "GET /wp-json/wp/v2/job-listings?slug=jefa-e-de-pasteler-a-para-central-de-producci-n-de-m-oi HTTP/1.1" 200 None
2026-09-27 13:42:08,769 DEBUG https://argentina.mimusjobs.com:443 "POST /wp-json/wp/v2/job-listings HTTP/1.1" 201 None
2026-09-27 13:42:08,770 INFO ✅ Job posted: 'Jefa/e de pastelería para central de producción de MÖOI' → WP ID 33689
2026-09-27 13:42:08,770 INFO ✅ SUCCESS — 'Jefa/e de pastelería para central de producción de MÖOI' → WP ID=33689 🔗 https://argentina.mimusjobs.com/job/jefa-e-de-pasteleria-para-central-de-produccion-de-mooi-3/
2026-09-27 13:42:09,770 INFO ── https://ar.computrabajo.com/empleos-en-capital-federal | page 6 | job 16/20: https://ar.computrabajo.com/ofertas-de-trabajo/oferta-de-trabajo-de-contadora-publico-para-empresa-de-soluciones-tecnologicas-en-parque-patricios-AEA21EDFE171D51261373E686DCF3405
2026-09-27 13:42:09,820 DEBUG https://ar.computrabajo.com:443 "GET /ofertas-de-trabajo/oferta-de-trabajo-de-contadora-publico-para-empresa-de-soluciones-tecnologicas-en-parque-patricios-AEA21EDFE171D51261373E686DCF3405 HTTP/1.1" 200 None
2026-09-27 13:42:09,823 DEBUG     GET https://ar.computrabajo.com/ofertas-de-trabajo/oferta-de-trabajo-de-contadora-publico-para-empresa-de-soluciones-tecnologicas-en-parque-patricios-AEA21EDFE171D51261373E686DCF3405 → HTTP 200 (161,451 chars)
2026-09-27 13:42:09,852 INFO     ┌─ SCRAPED JOB ─────────────────────────────────────────
    │ URL          : https://ar.computrabajo.com/ofertas-de-trabajo/oferta-de-trabajo-de-contadora-publico-para-empresa-de-soluciones-tecnologicas-en-parque-patricios-AEA21EDFE171D51261373E686DCF3405
    │ Title        : Contador/a Público para Empresa de Soluciones Tecnológicas
    │ Company      : In.Corporate
    │ Location     : Parque Patricios, Capital Federal
    │ Job type     : full-time
    │ Salary       : (not listed)
    │ Industry     : RRHH / Personal
    │ Date posted  : 2026-08-03
    │ Deadline     : 2026-10-02
    │ External ID  : E7A2D878321B34D4
    │ Description  : En In.Corporate, estamos en la búsqueda de un Contador/a Público para ocupar el puesto de Analista Contable para una Importante Empresa de Soluciones Tecnológicas, ubicada en Parque Patricios, Polo Te…
    └───────────────────────────────────────────────────────
2026-09-27 13:42:11,276 DEBUG https://argentina.mimusjobs.com:443 "GET /wp-json/wp/v2/companies?slug=in-corporate HTTP/1.1" 200 None
2026-09-27 13:42:11,276 INFO ⏭ Company exists: In.Corporate
2026-09-27 13:42:12,827 DEBUG https://argentina.mimusjobs.com:443 "GET /wp-json/wp/v2/job-listings?slug=contador-a-p-blico-para-empresa-de-soluciones-tecnol-gicas HTTP/1.1" 200 None
2026-09-27 13:42:12,888 DEBUG https://ii.ct-stc.com:443 "GET /5/logos/empresas/2021/11/18//in.corporate192855thumbnail.jpeg HTTP/1.1" 200 5375
2026-09-27 13:42:14,199 DEBUG https://argentina.mimusjobs.com:443 "POST /wp-json/wp/v2/media HTTP/1.1" 201 None
2026-09-27 13:42:15,668 DEBUG https://argentina.mimusjobs.com:443 "POST /wp-json/wp/v2/job-listings HTTP/1.1" 201 None
2026-09-27 13:42:15,669 INFO ✅ Job posted: 'Contador/a Público para Empresa de Soluciones Tecnológicas' → WP ID 33691
2026-09-27 13:42:15,669 INFO ✅ SUCCESS — 'Contador/a Público para Empresa de Soluciones Tecnológicas' → WP ID=33691 🔗 https://argentina.mimusjobs.com/job/contador-a-publico-para-empresa-de-soluciones-tecnologicas-3/
2026-09-27 13:42:16,669 INFO ── https://ar.computrabajo.com/empleos-en-capital-federal | page 6 | job 17/20: https://ar.computrabajo.com/ofertas-de-trabajo/oferta-de-trabajo-de-empleadoa-de-comercio-con-experiencia-en-mercado-libre-en-balvanera-9C498C912C8BDA2F61373E686DCF3405
2026-09-27 13:42:16,720 DEBUG https://ar.computrabajo.com:443 "GET /ofertas-de-trabajo/oferta-de-trabajo-de-empleadoa-de-comercio-con-experiencia-en-mercado-libre-en-balvanera-9C498C912C8BDA2F61373E686DCF3405 HTTP/1.1" 200 None
2026-09-27 13:42:16,722 DEBUG     GET https://ar.computrabajo.com/ofertas-de-trabajo/oferta-de-trabajo-de-empleadoa-de-comercio-con-experiencia-en-mercado-libre-en-balvanera-9C498C912C8BDA2F61373E686DCF3405 → HTTP 200 (150,611 chars)
2026-09-27 13:42:16,749 WARNING No JobPosting JSON-LD found, using HTML fallback: https://ar.computrabajo.com/ofertas-de-trabajo/oferta-de-trabajo-de-empleadoa-de-comercio-con-experiencia-en-mercado-libre-en-balvanera-9C498C912C8BDA2F61373E686DCF3405
2026-09-27 13:42:16,751 INFO     ┌─ SCRAPED JOB ─────────────────────────────────────────
    │ URL          : https://ar.computrabajo.com/ofertas-de-trabajo/oferta-de-trabajo-de-empleadoa-de-comercio-con-experiencia-en-mercado-libre-en-balvanera-9C498C912C8BDA2F61373E686DCF3405
    │ Title        : empleado/a de comercio - Con experiencia en mercado libre
    │ Company      : Importante empresa del sector
    │ Location     : Balvanera, Capital Federal
    │ Job type     : full-time
    │ Salary       : $ 1.200.000,00 (Mensual) ARS
    │ Industry     : (none)
    │ Date posted  : (unknown)
    │ Deadline     : (estimated: )
    │ External ID  : (none)
    │ Description  : Estamos buscando empleado/ a Con experiencia en Mercado libre, Tiendanube y manejo de redes sociales Trabajo presencial, para importante empresa en la zona de Balvanera
    └───────────────────────────────────────────────────────
2026-09-27 13:42:17,496 DEBUG https://argentina.mimusjobs.com:443 "GET /wp-json/wp/v2/companies?slug=importante-empresa-del-sector HTTP/1.1" 200 None
2026-09-27 13:42:17,497 INFO ⏭ Company exists: Importante empresa del sector
2026-09-27 13:42:18,095 DEBUG https://argentina.mimusjobs.com:443 "GET /wp-json/wp/v2/job-listings?slug=empleado-a-de-comercio---con-experiencia-en-mercado-libre HTTP/1.1" 200 None
2026-09-27 13:42:18,096 INFO ⏭ Job already on WP: empleado/a de comercio - Con experiencia en mercado libre
2026-09-27 13:42:18,096 INFO ✅ SUCCESS — 'empleado/a de comercio - Con experiencia en mercado libre' → WP ID=22365 🔗 https://argentina.mimusjobs.com/job/empleado-a-de-comercio-con-experiencia-en-mercado-libre/
2026-09-27 13:42:19,096 INFO ── https://ar.computrabajo.com/empleos-en-capital-federal | page 6 | job 18/20: https://ar.computrabajo.com/ofertas-de-trabajo/oferta-de-trabajo-de-asistente-adm-ofi-tecnica-para-gestion-adm-de-mantenimientos-en-boedo-4432BEC2186AFCFB61373E686DCF3405
2026-09-27 13:42:19,150 DEBUG https://ar.computrabajo.com:443 "GET /ofertas-de-trabajo/oferta-de-trabajo-de-asistente-adm-ofi-tecnica-para-gestion-adm-de-mantenimientos-en-boedo-4432BEC2186AFCFB61373E686DCF3405 HTTP/1.1" 200 None
2026-09-27 13:42:19,153 DEBUG     GET https://ar.computrabajo.com/ofertas-de-trabajo/oferta-de-trabajo-de-asistente-adm-ofi-tecnica-para-gestion-adm-de-mantenimientos-en-boedo-4432BEC2186AFCFB61373E686DCF3405 → HTTP 200 (152,393 chars)
2026-09-27 13:42:19,180 WARNING No JobPosting JSON-LD found, using HTML fallback: https://ar.computrabajo.com/ofertas-de-trabajo/oferta-de-trabajo-de-asistente-adm-ofi-tecnica-para-gestion-adm-de-mantenimientos-en-boedo-4432BEC2186AFCFB61373E686DCF3405
2026-09-27 13:42:19,182 INFO     ┌─ SCRAPED JOB ─────────────────────────────────────────
    │ URL          : https://ar.computrabajo.com/ofertas-de-trabajo/oferta-de-trabajo-de-asistente-adm-ofi-tecnica-para-gestion-adm-de-mantenimientos-en-boedo-4432BEC2186AFCFB61373E686DCF3405
    │ Title        : Asistente Adm Ofi Técnica - para gestión adm de mantenimientos
    │ Company      : Importante empresa del sector
    │ Location     : Boedo, Capital Federal
    │ Job type     : full-time
    │ Salary       : A convenir ARS
    │ Industry     : (none)
    │ Date posted  : (unknown)
    │ Deadline     : (estimated: )
    │ External ID  : (none)
    │ Description  : Buscamos una persona hábil y agil en planeamiento de rutas de técnicos. Con conocimientos técnicos , preferentemente en reparaciones de electrodomesticos . Sus tareas entre otras, serán: Gestionar Sol…
    └───────────────────────────────────────────────────────
2026-09-27 13:42:20,264 DEBUG https://argentina.mimusjobs.com:443 "GET /wp-json/wp/v2/companies?slug=importante-empresa-del-sector HTTP/1.1" 200 None
2026-09-27 13:42:20,265 INFO ⏭ Company exists: Importante empresa del sector
2026-09-27 13:42:20,959 DEBUG https://argentina.mimusjobs.com:443 "GET /wp-json/wp/v2/job-listings?slug=asistente-adm-ofi-t-cnica---para-gesti-n-adm-de-mantenimientos HTTP/1.1" 200 None
2026-09-27 13:42:22,514 DEBUG https://argentina.mimusjobs.com:443 "POST /wp-json/wp/v2/job-listings HTTP/1.1" 201 None
2026-09-27 13:42:22,515 INFO ✅ Job posted: 'Asistente Adm Ofi Técnica - para gestión adm de mantenimientos' → WP ID 33692
2026-09-27 13:42:22,515 INFO ✅ SUCCESS — 'Asistente Adm Ofi Técnica - para gestión adm de mantenimientos' → WP ID=33692 🔗 https://argentina.mimusjobs.com/job/asistente-adm-ofi-tecnica-para-gestion-adm-de-mantenimientos-4/
2026-09-27 13:42:23,515 INFO ── https://ar.computrabajo.com/empleos-en-capital-federal | page 6 | job 19/20: https://ar.computrabajo.com/ofertas-de-trabajo/oferta-de-trabajo-de-operador-call-center-turno-tarde-en-monserrat-349D3C4307DFA4CC61373E686DCF3405
2026-09-27 13:42:23,578 DEBUG https://ar.computrabajo.com:443 "GET /ofertas-de-trabajo/oferta-de-trabajo-de-operador-call-center-turno-tarde-en-monserrat-349D3C4307DFA4CC61373E686DCF3405 HTTP/1.1" 200 None
2026-09-27 13:42:23,580 DEBUG     GET https://ar.computrabajo.com/ofertas-de-trabajo/oferta-de-trabajo-de-operador-call-center-turno-tarde-en-monserrat-349D3C4307DFA4CC61373E686DCF3405 → HTTP 200 (153,750 chars)
2026-09-27 13:42:23,609 WARNING No JobPosting JSON-LD found, using HTML fallback: https://ar.computrabajo.com/ofertas-de-trabajo/oferta-de-trabajo-de-operador-call-center-turno-tarde-en-monserrat-349D3C4307DFA4CC61373E686DCF3405
2026-09-27 13:42:23,611 INFO     ┌─ SCRAPED JOB ─────────────────────────────────────────
    │ URL          : https://ar.computrabajo.com/ofertas-de-trabajo/oferta-de-trabajo-de-operador-call-center-turno-tarde-en-monserrat-349D3C4307DFA4CC61373E686DCF3405
    │ Title        : Operador Call center - turno tarde
    │ Company      : Importante empresa del sector
    │ Location     : Monserrat, Capital Federal
    │ Job type     : full-time
    │ Salary       : $ 710.000,00 (Mensual) ARS
    │ Industry     : (none)
    │ Date posted  : (unknown)
    │ Deadline     : (estimated: )
    │ External ID  : (none)
    │ Description  : Somos una empresa joven y dinámica del sector financiero y estamos incorporando operadores/as de atención al cliente para el TURNO TARDE. Qué valoramos de vos: • Ganas de aprender y crecer. • Responsa…
    └───────────────────────────────────────────────────────
2026-09-27 13:42:24,419 DEBUG https://argentina.mimusjobs.com:443 "GET /wp-json/wp/v2/companies?slug=importante-empresa-del-sector HTTP/1.1" 200 None
2026-09-27 13:42:24,419 INFO ⏭ Company exists: Importante empresa del sector
2026-09-27 13:42:25,130 DEBUG https://argentina.mimusjobs.com:443 "GET /wp-json/wp/v2/job-listings?slug=operador-call-center---turno-tarde HTTP/1.1" 200 None
2026-09-27 13:42:25,130 INFO ⏭ Job already on WP: Operador Call center - turno tarde
2026-09-27 13:42:25,130 INFO ✅ SUCCESS — 'Operador Call center - turno tarde' → WP ID=22360 🔗 https://argentina.mimusjobs.com/job/operador-call-center-turno-tarde/
2026-09-27 13:42:26,131 INFO ── https://ar.computrabajo.com/empleos-en-capital-federal | page 6 | job 20/20: https://ar.computrabajo.com/ofertas-de-trabajo/oferta-de-trabajo-de-operario-de-deposito-y-expedicion-en-villa-del-parque-D5D5529505602C5061373E686DCF3405
2026-09-27 13:42:26,191 DEBUG https://ar.computrabajo.com:443 "GET /ofertas-de-trabajo/oferta-de-trabajo-de-operario-de-deposito-y-expedicion-en-villa-del-parque-D5D5529505602C5061373E686DCF3405 HTTP/1.1" 200 None
2026-09-27 13:42:26,193 DEBUG     GET https://ar.computrabajo.com/ofertas-de-trabajo/oferta-de-trabajo-de-operario-de-deposito-y-expedicion-en-villa-del-parque-D5D5529505602C5061373E686DCF3405 → HTTP 200 (151,138 chars)
2026-09-27 13:42:26,219 WARNING No JobPosting JSON-LD found, using HTML fallback: https://ar.computrabajo.com/ofertas-de-trabajo/oferta-de-trabajo-de-operario-de-deposito-y-expedicion-en-villa-del-parque-D5D5529505602C5061373E686DCF3405
2026-09-27 13:42:26,221 INFO     ┌─ SCRAPED JOB ─────────────────────────────────────────
    │ URL          : https://ar.computrabajo.com/ofertas-de-trabajo/oferta-de-trabajo-de-operario-de-deposito-y-expedicion-en-villa-del-parque-D5D5529505602C5061373E686DCF3405
    │ Title        : Operario de depósito y expedición
    │ Company      : Importante empresa del sector
    │ Location     : Villa del Parque, Capital Federal
    │ Job type     : full-time
    │ Salary       : A convenir ARS
    │ Industry     : (none)
    │ Date posted  : (unknown)
    │ Deadline     : (estimated: )
    │ External ID  : (none)
    │ Description  : Somos una empresa de implementos deportivos en constante crecimiento. Buscamos sumar a nuestro equipo una persona para el área de depósito y expedición. Tareas: - Armado de pedidos - Organización del …
    └───────────────────────────────────────────────────────
2026-09-27 13:42:26,817 DEBUG https://argentina.mimusjobs.com:443 "GET /wp-json/wp/v2/companies?slug=importante-empresa-del-sector HTTP/1.1" 200 None
2026-09-27 13:42:26,817 INFO ⏭ Company exists: Importante empresa del sector
2026-09-27 13:42:27,965 DEBUG https://argentina.mimusjobs.com:443 "GET /wp-json/wp/v2/job-listings?slug=operario-de-dep-sito-y-expedici-n HTTP/1.1" 200 None
2026-09-27 13:42:28,736 DEBUG https://argentina.mimusjobs.com:443 "GET /wp-json/wp/v2/job_listing_region?slug=villa-del-parque--capital-federal HTTP/1.1" 200 None
2026-09-27 13:42:29,995 DEBUG https://argentina.mimusjobs.com:443 "POST /wp-json/wp/v2/job-listings HTTP/1.1" 201 None
2026-09-27 13:42:29,996 INFO ✅ Job posted: 'Operario de depósito y expedición' → WP ID 33693
2026-09-27 13:42:29,996 INFO ✅ SUCCESS — 'Operario de depósito y expedición' → WP ID=33693 🔗 https://argentina.mimusjobs.com/job/operario-de-deposito-y-expedicion-4/
2026-09-27 13:42:30,997 INFO 📊 Running totals — posted: 120 | skipped: 0 | failed: 0
2026-09-27 13:42:30,997 INFO Fetching listing page 7: https://ar.computrabajo.com/empleos-en-capital-federal?p=7
2026-09-27 13:42:31,067 DEBUG https://ar.computrabajo.com:443 "GET /empleos-en-capital-federal?p=7 HTTP/1.1" 200 None
2026-09-27 13:42:31,072 DEBUG     GET https://ar.computrabajo.com/empleos-en-capital-federal?p=7 → HTTP 200 (332,250 chars)
2026-09-27 13:42:31,139 INFO Found 20 job URLs on page 7
2026-09-27 13:42:31,139 DEBUG     job 1: https://ar.computrabajo.com/ofertas-de-trabajo/oferta-de-trabajo-de-kinesiologia-fono-to-internacion-domiciliaria-zona-norte-en-palermo-F940633F5E07485461373E686DCF3405
2026-09-27 13:42:31,139 DEBUG     job 2: https://ar.computrabajo.com/ofertas-de-trabajo/oferta-de-trabajo-de-pasteleroa-en-palermo-133D3BAFABB0E74161373E686DCF3405
2026-09-27 13:42:31,140 DEBUG     job 3: https://ar.computrabajo.com/ofertas-de-trabajo/oferta-de-trabajo-de-oportunidad-de-crecimiento-y-desarrollo-comercial-18-a-35-anos-formacion-desde-cero-en-san-nicolas-A40D84D423F8104361373E686DCF3405
2026-09-27 13:42:31,140 DEBUG     job 4: https://ar.computrabajo.com/ofertas-de-trabajo/oferta-de-trabajo-de-vendedora-con-experiencia-en-palermo-A6B7C2387FFE7D8761373E686DCF3405
2026-09-27 13:42:31,140 DEBUG     job 5: https://ar.computrabajo.com/ofertas-de-trabajo/oferta-de-trabajo-de-tecnico-relevo-multidisciplinario-nocturnodiurno-en-saavedra-26C464BFF9FC4CB361373E686DCF3405
2026-09-27 13:42:31,140 DEBUG     job 6: https://ar.computrabajo.com/ofertas-de-trabajo/oferta-de-trabajo-de-administrativo-contable-en-buenos-aires-directia-travel-argentina-en-san-nicolas-0EC113613952044761373E686DCF3405
2026-09-27 13:42:31,140 DEBUG     job 7: https://ar.computrabajo.com/ofertas-de-trabajo/oferta-de-trabajo-de-tecnico-de-tendido-y-empalme-de-fibra-optica-con-experiencia-en-constitucion-3E1115EC0A05DE5A61373E686DCF3405
2026-09-27 13:42:31,140 DEBUG     job 8: https://ar.computrabajo.com/ofertas-de-trabajo/oferta-de-trabajo-de-tecnico-en-mantenimiento-en-san-nicolas-0777DAD644FAF8A061373E686DCF3405
2026-09-27 13:42:31,140 DEBUG     job 9: https://ar.computrabajo.com/ofertas-de-trabajo/oferta-de-trabajo-de-analista-administrativo-jr-en-agronomia-D5631D1B8954FAFF61373E686DCF3405
2026-09-27 13:42:31,140 DEBUG     job 10: https://ar.computrabajo.com/ofertas-de-trabajo/oferta-de-trabajo-de-vendedor-en-san-cristobal-97BA3B24ABA0C39961373E686DCF3405
2026-09-27 13:42:31,140 DEBUG     job 11: https://ar.computrabajo.com/ofertas-de-trabajo/oferta-de-trabajo-de-ejecutivo-de-ventas-en-villa-urquiza-4A0BF5471ACA04C361373E686DCF3405
2026-09-27 13:42:31,140 DEBUG     job 12: https://ar.computrabajo.com/ofertas-de-trabajo/oferta-de-trabajo-de-generacion-de-demanda-lead-generator-en-parque-patricios-D81A3382DA1BA41961373E686DCF3405
2026-09-27 13:42:31,140 DEBUG     job 13: https://ar.computrabajo.com/ofertas-de-trabajo/oferta-de-trabajo-de-enfermerasos-profesionales-para-cuidados-paliativos-ingreso-inmediato-en-san-nicolas-E72E130BC689292561373E686DCF3405
2026-09-27 13:42:31,140 DEBUG     job 14: https://ar.computrabajo.com/ofertas-de-trabajo/oferta-de-trabajo-de-personal-de-limpieza-en-puerto-madero-78375F5F92FE898761373E686DCF3405
2026-09-27 13:42:31,140 DEBUG     job 15: https://ar.computrabajo.com/ofertas-de-trabajo/oferta-de-trabajo-de-responsable-de-deposito-con-experiencia-en-la-paternal-4E03E8EFDE822A7A61373E686DCF3405
2026-09-27 13:42:31,140 DEBUG     job 16: https://ar.computrabajo.com/ofertas-de-trabajo/oferta-de-trabajo-de-ejecutivoa-comercial-b2b-envases-y-productos-sostenibles-caba-y-gran-buenos-aires-en-nueva-pompeya-6BF44C38E804F82F61373E686DCF3405
2026-09-27 13:42:31,140 DEBUG     job 17: https://ar.computrabajo.com/ofertas-de-trabajo/oferta-de-trabajo-de-profesora-de-historia-trabajo-part-time-trabajo-remoto-con-horario-flexible-en-liniers-A88977A88482774A61373E686DCF3405
2026-09-27 13:42:31,140 DEBUG     job 18: https://ar.computrabajo.com/ofertas-de-trabajo/oferta-de-trabajo-de-referente-de-turno-polivalente-gastronomico-en-saavedra-A9745EE59B7F284A61373E686DCF3405
2026-09-27 13:42:31,140 DEBUG     job 19: https://ar.computrabajo.com/ofertas-de-trabajo/oferta-de-trabajo-de-camareroa-full-time-en-villa-crespo-11A5A476D400E6B561373E686DCF3405
2026-09-27 13:42:31,140 DEBUG     job 20: https://ar.computrabajo.com/ofertas-de-trabajo/oferta-de-trabajo-de-analista-de-seleccion-en-san-nicolas-C7A4ED2D10EE55AE61373E686DCF3405
2026-09-27 13:42:31,140 INFO ── https://ar.computrabajo.com/empleos-en-capital-federal | page 7 | job 1/20: https://ar.computrabajo.com/ofertas-de-trabajo/oferta-de-trabajo-de-kinesiologia-fono-to-internacion-domiciliaria-zona-norte-en-palermo-F940633F5E07485461373E686DCF3405
2026-09-27 13:42:31,199 DEBUG https://ar.computrabajo.com:443 "GET /ofertas-de-trabajo/oferta-de-trabajo-de-kinesiologia-fono-to-internacion-domiciliaria-zona-norte-en-palermo-F940633F5E07485461373E686DCF3405 HTTP/1.1" 200 None
2026-09-27 13:42:31,201 DEBUG     GET https://ar.computrabajo.com/ofertas-de-trabajo/oferta-de-trabajo-de-kinesiologia-fono-to-internacion-domiciliaria-zona-norte-en-palermo-F940633F5E07485461373E686DCF3405 → HTTP 200 (158,119 chars)
2026-09-27 13:42:31,233 INFO     ┌─ SCRAPED JOB ─────────────────────────────────────────
    │ URL          : https://ar.computrabajo.com/ofertas-de-trabajo/oferta-de-trabajo-de-kinesiologia-fono-to-internacion-domiciliaria-zona-norte-en-palermo-F940633F5E07485461373E686DCF3405
    │ Title        : Kinesiología / Fono / TO Internación Domiciliaria zona Norte
    │ Company      : MAS VIDA
    │ Location     : Palermo, Capital Federal
    │ Job type     : full-time
    │ Salary       : (not listed)
    │ Industry     : Salud / Medicina
    │ Date posted  : 2026-08-26
    │ Deadline     : 2026-10-25
    │ External ID  : 7A71CA8466FF63C2
    │ Description  : En MAS VIDA cuidados domiciliarios estamos incorporando personal de salud para atención en domicilio.
¡Te invitamos a ser parte de una unidad en pleno crecimiento que te acompañará de forma cercana! ·…
    └───────────────────────────────────────────────────────
2026-09-27 13:42:31,874 DEBUG https://argentina.mimusjobs.com:443 "GET /wp-json/wp/v2/companies?slug=mas-vida HTTP/1.1" 200 None
2026-09-27 13:42:31,874 INFO ⏭ Company exists: MAS VIDA
2026-09-27 13:42:32,532 DEBUG https://argentina.mimusjobs.com:443 "GET /wp-json/wp/v2/job-listings?slug=kinesiolog-a---fono---to-internaci-n-domiciliaria-zona-norte HTTP/1.1" 200 None
2026-09-27 13:42:32,631 DEBUG https://ii.ct-stc.com:443 "GET /5/logos/empresas/2023/04/20//masvida195622thumbnail.jpeg HTTP/1.1" 200 1985
2026-09-27 13:42:33,422 DEBUG https://argentina.mimusjobs.com:443 "POST /wp-json/wp/v2/media HTTP/1.1" 201 None
2026-09-27 13:42:34,804 DEBUG https://argentina.mimusjobs.com:443 "POST /wp-json/wp/v2/job-listings HTTP/1.1" 201 None
2026-09-27 13:42:34,804 INFO ✅ Job posted: 'Kinesiología / Fono / TO Internación Domiciliaria zona Norte' → WP ID 33695
2026-09-27 13:42:34,805 INFO ✅ SUCCESS — 'Kinesiología / Fono / TO Internación Domiciliaria zona Norte' → WP ID=33695 🔗 https://argentina.mimusjobs.com/job/kinesiologia-fono-to-internacion-domiciliaria-zona-norte-5/
2026-09-27 13:42:35,805 INFO ── https://ar.computrabajo.com/empleos-en-capital-federal | page 7 | job 2/20: https://ar.computrabajo.com/ofertas-de-trabajo/oferta-de-trabajo-de-pasteleroa-en-palermo-133D3BAFABB0E74161373E686DCF3405
2026-09-27 13:42:35,853 DEBUG https://ar.computrabajo.com:443 "GET /ofertas-de-trabajo/oferta-de-trabajo-de-pasteleroa-en-palermo-133D3BAFABB0E74161373E686DCF3405 HTTP/1.1" 200 None
2026-09-27 13:42:35,855 DEBUG     GET https://ar.computrabajo.com/ofertas-de-trabajo/oferta-de-trabajo-de-pasteleroa-en-palermo-133D3BAFABB0E74161373E686DCF3405 → HTTP 200 (159,302 chars)
2026-09-27 13:42:35,883 INFO     ┌─ SCRAPED JOB ─────────────────────────────────────────
    │ URL          : https://ar.computrabajo.com/ofertas-de-trabajo/oferta-de-trabajo-de-pasteleroa-en-palermo-133D3BAFABB0E74161373E686DCF3405
    │ Title        : Pastelero/a
    │ Company      : Garibaldi Restaurante
    │ Location     : Palermo, Capital Federal
    │ Job type     : full-time
    │ Salary       : (not listed)
    │ Industry     : Hostelería / Turismo
    │ Date posted  : 2026-09-03
    │ Deadline     : 2026-11-02
    │ External ID  : 0D5FE27863D3B9D5
    │ Description  : Oportunidad para incorporarse como Pastelero/a en Garibaldi Restaurante.
Funciones
Elaborar y presentar pasteles y postres de alta calidad.
Coordinar con el equipo de cocina para asegurar la consisten…
    └───────────────────────────────────────────────────────
2026-09-27 13:42:37,170 DEBUG https://argentina.mimusjobs.com:443 "GET /wp-json/wp/v2/companies?slug=garibaldi-restaurante HTTP/1.1" 200 None
2026-09-27 13:42:37,170 INFO ⏭ Company exists: Garibaldi Restaurante
2026-09-27 13:42:38,579 DEBUG https://argentina.mimusjobs.com:443 "GET /wp-json/wp/v2/job-listings?slug=pastelero-a HTTP/1.1" 200 None
2026-09-27 13:42:38,580 INFO ⏭ Job already on WP: Pastelero/a
2026-09-27 13:42:38,580 INFO ✅ SUCCESS — 'Pastelero/a' → WP ID=13398 🔗 https://argentina.mimusjobs.com/job/pastelero-a/
2026-09-27 13:42:39,580 INFO ── https://ar.computrabajo.com/empleos-en-capital-federal | page 7 | job 3/20: https://ar.computrabajo.com/ofertas-de-trabajo/oferta-de-trabajo-de-oportunidad-de-crecimiento-y-desarrollo-comercial-18-a-35-anos-formacion-desde-cero-en-san-nicolas-A40D84D423F8104361373E686DCF3405
2026-09-27 13:42:39,630 DEBUG https://ar.computrabajo.com:443 "GET /ofertas-de-trabajo/oferta-de-trabajo-de-oportunidad-de-crecimiento-y-desarrollo-comercial-18-a-35-anos-formacion-desde-cero-en-san-nicolas-A40D84D423F8104361373E686DCF3405 HTTP/1.1" 200 None
2026-09-27 13:42:39,633 DEBUG     GET https://ar.computrabajo.com/ofertas-de-trabajo/oferta-de-trabajo-de-oportunidad-de-crecimiento-y-desarrollo-comercial-18-a-35-anos-formacion-desde-cero-en-san-nicolas-A40D84D423F8104361373E686DCF3405 → HTTP 200 (161,931 chars)
2026-09-27 13:42:39,662 INFO     ┌─ SCRAPED JOB ─────────────────────────────────────────
    │ URL          : https://ar.computrabajo.com/ofertas-de-trabajo/oferta-de-trabajo-de-oportunidad-de-crecimiento-y-desarrollo-comercial-18-a-35-anos-formacion-desde-cero-en-san-nicolas-A40D84D423F8104361373E686DCF3405
    │ Title        : Oportunidad de Crecimiento y Desarrollo Comercial (18 a 35 años) - Formación Desde Cero
    │ Company      : EAGLES
    │ Location     : San Nicolás, Capital Federal
    │ Job type     : full-time
    │ Salary       : 900000 ARS
    │ Industry     : Venta al consumidor
    │ Date posted  : 2026-08-10
    │ Deadline     : 2026-10-09
    │ External ID  : 3FA18F68260709BF
    │ Description  : ¿Sentís que trabajás todo el día, te romprés la espalda en la calle o haciendo repartos, pero a fin de mes nunca te alcanza para dar el salto? ¿Querés dejar de depender de la voluntad de otros y empez…
    └───────────────────────────────────────────────────────
2026-09-27 13:42:40,575 DEBUG https://argentina.mimusjobs.com:443 "GET /wp-json/wp/v2/companies?slug=eagles HTTP/1.1" 200 None
2026-09-27 13:42:40,575 INFO ⏭ Company exists: EAGLES
2026-09-27 13:42:42,086 DEBUG https://argentina.mimusjobs.com:443 "GET /wp-json/wp/v2/job-listings?slug=oportunidad-de-crecimiento-y-desarrollo-comercial--18-a-35-a-os----formaci-n-des HTTP/1.1" 200 None
2026-09-27 13:42:42,092 DEBUG https://ii.ct-stc.com:443 "GET /5/logos/empresas/2025/12/09/c5c1d898f3ff4fe99b2b191832637thumbnail.png HTTP/1.1" 200 6627
2026-09-27 13:42:43,278 DEBUG https://argentina.mimusjobs.com:443 "POST /wp-json/wp/v2/media HTTP/1.1" 201 None
2026-09-27 13:42:44,610 DEBUG https://argentina.mimusjobs.com:443 "POST /wp-json/wp/v2/job-listings HTTP/1.1" 201 None
2026-09-27 13:42:44,611 INFO ✅ Job posted: 'Oportunidad de Crecimiento y Desarrollo Comercial (18 a 35 años) - Formación Desde Cero' → WP ID 33697
2026-09-27 13:42:44,611 INFO ✅ SUCCESS — 'Oportunidad de Crecimiento y Desarrollo Comercial (18 a 35 años) - Formación Desde Cero' → WP ID=33697 🔗 https://argentina.mimusjobs.com/job/oportunidad-de-crecimiento-y-desarrollo-comercial-18-a-35-anos-formacion-desde-cero-5/
2026-09-27 13:42:45,611 INFO ── https://ar.computrabajo.com/empleos-en-capital-federal | page 7 | job 4/20: https://ar.computrabajo.com/ofertas-de-trabajo/oferta-de-trabajo-de-vendedora-con-experiencia-en-palermo-A6B7C2387FFE7D8761373E686DCF3405
2026-09-27 13:42:45,663 DEBUG https://ar.computrabajo.com:443 "GET /ofertas-de-trabajo/oferta-de-trabajo-de-vendedora-con-experiencia-en-palermo-A6B7C2387FFE7D8761373E686DCF3405 HTTP/1.1" 200 None
2026-09-27 13:42:45,666 DEBUG     GET https://ar.computrabajo.com/ofertas-de-trabajo/oferta-de-trabajo-de-vendedora-con-experiencia-en-palermo-A6B7C2387FFE7D8761373E686DCF3405 → HTTP 200 (161,256 chars)
2026-09-27 13:42:45,695 INFO     ┌─ SCRAPED JOB ─────────────────────────────────────────
    │ URL          : https://ar.computrabajo.com/ofertas-de-trabajo/oferta-de-trabajo-de-vendedora-con-experiencia-en-palermo-A6B7C2387FFE7D8761373E686DCF3405
    │ Title        : Vendedora - con experiencia
    │ Company      : Mamuschka SRL
    │ Location     : Palermo, Capital Federal
    │ Job type     : full-time
    │ Salary       : (not listed)
    │ Industry     : Venta al consumidor
    │ Date posted  : 2026-08-26
    │ Deadline     : 2026-10-25
    │ External ID  : 502F0FE439F9E54B
    │ Description  : Mamuschka SRL se encuentra en la búsqueda de Cajeras/Vendedoras para su local en Palermo.
La búsqueda está orientada a personas con rapidez, facilidad numérica y gran actitud de servicio. · Sos la can…
    └───────────────────────────────────────────────────────
2026-09-27 13:42:46,221 DEBUG https://argentina.mimusjobs.com:443 "GET /wp-json/wp/v2/companies?slug=mamuschka-srl HTTP/1.1" 200 None
2026-09-27 13:42:46,221 INFO ⏭ Company exists: Mamuschka SRL
2026-09-27 13:42:47,222 DEBUG https://argentina.mimusjobs.com:443 "GET /wp-json/wp/v2/job-listings?slug=vendedora---con-experiencia HTTP/1.1" 200 None
2026-09-27 13:42:47,222 INFO ⏭ Job already on WP: Vendedora - con experiencia
2026-09-27 13:42:47,222 INFO ✅ SUCCESS — 'Vendedora - con experiencia' → WP ID=22351 🔗 https://argentina.mimusjobs.com/job/vendedora-con-experiencia/
2026-09-27 13:42:48,223 INFO ── https://ar.computrabajo.com/empleos-en-capital-federal | page 7 | job 5/20: https://ar.computrabajo.com/ofertas-de-trabajo/oferta-de-trabajo-de-tecnico-relevo-multidisciplinario-nocturnodiurno-en-saavedra-26C464BFF9FC4CB361373E686DCF3405
2026-09-27 13:42:48,274 DEBUG https://ar.computrabajo.com:443 "GET /ofertas-de-trabajo/oferta-de-trabajo-de-tecnico-relevo-multidisciplinario-nocturnodiurno-en-saavedra-26C464BFF9FC4CB361373E686DCF3405 HTTP/1.1" 200 None
2026-09-27 13:42:48,277 DEBUG     GET https://ar.computrabajo.com/ofertas-de-trabajo/oferta-de-trabajo-de-tecnico-relevo-multidisciplinario-nocturnodiurno-en-saavedra-26C464BFF9FC4CB361373E686DCF3405 → HTTP 200 (159,372 chars)
2026-09-27 13:42:48,304 INFO     ┌─ SCRAPED JOB ─────────────────────────────────────────
    │ URL          : https://ar.computrabajo.com/ofertas-de-trabajo/oferta-de-trabajo-de-tecnico-relevo-multidisciplinario-nocturnodiurno-en-saavedra-26C464BFF9FC4CB361373E686DCF3405
    │ Title        : Técnico Relevo Multidisciplinario - Nocturno+Diurno
    │ Company      : Diagnostico y Soluciones SA
    │ Location     : Saavedra, Capital Federal
    │ Job type     : full-time
    │ Salary       : (not listed)
    │ Industry     : Servicios Profesionales
    │ Date posted  : 2026-09-03
    │ Deadline     : 2026-11-02
    │ External ID  : 3DCA0F911BAFA228
    │ Description  : En Diagnóstico y Soluciones nos encontramos en la búsqueda de un Técnico Relevo Multidisciplinario (diurno+nocturno) para uno de nuestros clientes.
Función: Cobertura de ausencias en CUALQUIER cuadril…
    └───────────────────────────────────────────────────────
2026-09-27 13:42:48,976 DEBUG https://argentina.mimusjobs.com:443 "GET /wp-json/wp/v2/companies?slug=diagnostico-y-soluciones-sa HTTP/1.1" 200 None
2026-09-27 13:42:48,976 INFO ⏭ Company exists: Diagnostico y Soluciones SA
2026-09-27 13:42:49,857 DEBUG https://argentina.mimusjobs.com:443 "GET /wp-json/wp/v2/job-listings?slug=t-cnico-relevo-multidisciplinario---nocturno-diurno HTTP/1.1" 200 None
2026-09-27 13:42:51,117 DEBUG https://argentina.mimusjobs.com:443 "POST /wp-json/wp/v2/job-listings HTTP/1.1" 201 None
2026-09-27 13:42:51,201 INFO ✅ Job posted: 'Técnico Relevo Multidisciplinario - Nocturno+Diurno' → WP ID 33698
2026-09-27 13:42:51,201 INFO ✅ SUCCESS — 'Técnico Relevo Multidisciplinario - Nocturno+Diurno' → WP ID=33698 🔗 https://argentina.mimusjobs.com/job/tecnico-relevo-multidisciplinario-nocturnodiurno-4/
2026-09-27 13:42:52,201 INFO ── https://ar.computrabajo.com/empleos-en-capital-federal | page 7 | job 6/20: https://ar.computrabajo.com/ofertas-de-trabajo/oferta-de-trabajo-de-administrativo-contable-en-buenos-aires-directia-travel-argentina-en-san-nicolas-0EC113613952044761373E686DCF3405
2026-09-27 13:42:52,279 DEBUG https://ar.computrabajo.com:443 "GET /ofertas-de-trabajo/oferta-de-trabajo-de-administrativo-contable-en-buenos-aires-directia-travel-argentina-en-san-nicolas-0EC113613952044761373E686DCF3405 HTTP/1.1" 200 None
2026-09-27 13:42:52,282 DEBUG     GET https://ar.computrabajo.com/ofertas-de-trabajo/oferta-de-trabajo-de-administrativo-contable-en-buenos-aires-directia-travel-argentina-en-san-nicolas-0EC113613952044761373E686DCF3405 → HTTP 200 (169,989 chars)
2026-09-27 13:42:52,313 INFO     ┌─ SCRAPED JOB ─────────────────────────────────────────
    │ URL          : https://ar.computrabajo.com/ofertas-de-trabajo/oferta-de-trabajo-de-administrativo-contable-en-buenos-aires-directia-travel-argentina-en-san-nicolas-0EC113613952044761373E686DCF3405
    │ Title        : Administrativo Contable en Buenos Aires - Directia Travel Argentina
    │ Company      : Directia Travel
    │ Location     : San Nicolás, Capital Federal
    │ Job type     : full-time
    │ Salary       : 1295000 ARS
    │ Industry     : Hostelería / Turismo
    │ Date posted  : 2026-08-18
    │ Deadline     : 2026-10-17
    │ External ID  : CD2A02F1D9B13D1F
    │ Description  : En Directia Travel buscamos incorporar una nueva persona a nuestro equipo administrativo y contable en Buenos Aires para acompañar el crecimiento de la compañía. Somos una empresa especializada en via…
    └───────────────────────────────────────────────────────
2026-09-27 13:42:53,202 DEBUG https://argentina.mimusjobs.com:443 "GET /wp-json/wp/v2/companies?slug=directia-travel HTTP/1.1" 200 None
2026-09-27 13:42:53,202 INFO ⏭ Company exists: Directia Travel
2026-09-27 13:42:53,989 DEBUG https://argentina.mimusjobs.com:443 "GET /wp-json/wp/v2/job-listings?slug=administrativo-contable-en-buenos-aires---directia-travel-argentina HTTP/1.1" 200 None
2026-09-27 13:42:53,989 INFO ⏭ Job already on WP: Administrativo Contable en Buenos Aires - Directia Travel Argentina
2026-09-27 13:42:53,989 INFO ✅ SUCCESS — 'Administrativo Contable en Buenos Aires - Directia Travel Argentina' → WP ID=22358 🔗 https://argentina.mimusjobs.com/job/administrativo-contable-en-buenos-aires-directia-travel-argentina/
2026-09-27 13:42:54,990 INFO ── https://ar.computrabajo.com/empleos-en-capital-federal | page 7 | job 7/20: https://ar.computrabajo.com/ofertas-de-trabajo/oferta-de-trabajo-de-tecnico-de-tendido-y-empalme-de-fibra-optica-con-experiencia-en-constitucion-3E1115EC0A05DE5A61373E686DCF3405
2026-09-27 13:42:55,021 DEBUG https://ar.computrabajo.com:443 "GET /ofertas-de-trabajo/oferta-de-trabajo-de-tecnico-de-tendido-y-empalme-de-fibra-optica-con-experiencia-en-constitucion-3E1115EC0A05DE5A61373E686DCF3405 HTTP/1.1" 200 None
2026-09-27 13:42:55,024 DEBUG     GET https://ar.computrabajo.com/ofertas-de-trabajo/oferta-de-trabajo-de-tecnico-de-tendido-y-empalme-de-fibra-optica-con-experiencia-en-constitucion-3E1115EC0A05DE5A61373E686DCF3405 → HTTP 200 (163,222 chars)
2026-09-27 13:42:55,053 INFO     ┌─ SCRAPED JOB ─────────────────────────────────────────
    │ URL          : https://ar.computrabajo.com/ofertas-de-trabajo/oferta-de-trabajo-de-tecnico-de-tendido-y-empalme-de-fibra-optica-con-experiencia-en-constitucion-3E1115EC0A05DE5A61373E686DCF3405
    │ Title        : Técnico de Tendido y Empalme de Fibra Óptica - Con Experiencia
    │ Company      : Osiris Group SA
    │ Location     : Constitución, Capital Federal
    │ Job type     : full-time
    │ Salary       : 5555555 ARS
    │ Industry     : Telecomunicaciones
    │ Date posted  : 2026-08-26
    │ Deadline     : 2026-10-25
    │ External ID  : AC90642897215FFC
    │ Description  : Empresa de telecomunicaciones se encuentra en la búsqueda de personal con experiencia en tendido, posteo y empalme de fibra óptica, para incorporarse a nuestro equipo de trabajo. Buscamos personas com…
    └───────────────────────────────────────────────────────
2026-09-27 13:42:56,292 DEBUG https://argentina.mimusjobs.com:443 "GET /wp-json/wp/v2/companies?slug=osiris-group-sa HTTP/1.1" 200 None
2026-09-27 13:42:56,292 INFO ⏭ Company exists: Osiris Group SA
2026-09-27 13:42:57,893 DEBUG https://argentina.mimusjobs.com:443 "GET /wp-json/wp/v2/job-listings?slug=t-cnico-de-tendido-y-empalme-de-fibra--ptica---con-experiencia HTTP/1.1" 200 None
2026-09-27 13:42:58,914 DEBUG https://argentina.mimusjobs.com:443 "POST /wp-json/wp/v2/job-listings HTTP/1.1" 201 None
2026-09-27 13:42:58,914 INFO ✅ Job posted: 'Técnico de Tendido y Empalme de Fibra Óptica - Con Experiencia' → WP ID 33699
2026-09-27 13:42:58,914 INFO ✅ SUCCESS — 'Técnico de Tendido y Empalme de Fibra Óptica - Con Experiencia' → WP ID=33699 🔗 https://argentina.mimusjobs.com/job/tecnico-de-tendido-y-empalme-de-fibra-optica-con-experiencia-4/
2026-09-27 13:42:59,915 INFO ── https://ar.computrabajo.com/empleos-en-capital-federal | page 7 | job 8/20: https://ar.computrabajo.com/ofertas-de-trabajo/oferta-de-trabajo-de-tecnico-en-mantenimiento-en-san-nicolas-0777DAD644FAF8A061373E686DCF3405
2026-09-27 13:42:59,979 DEBUG https://ar.computrabajo.com:443 "GET /ofertas-de-trabajo/oferta-de-trabajo-de-tecnico-en-mantenimiento-en-san-nicolas-0777DAD644FAF8A061373E686DCF3405 HTTP/1.1" 200 None
2026-09-27 13:42:59,982 DEBUG     GET https://ar.computrabajo.com/ofertas-de-trabajo/oferta-de-trabajo-de-tecnico-en-mantenimiento-en-san-nicolas-0777DAD644FAF8A061373E686DCF3405 → HTTP 200 (166,010 chars)
2026-09-27 13:43:00,013 INFO     ┌─ SCRAPED JOB ─────────────────────────────────────────
    │ URL          : https://ar.computrabajo.com/ofertas-de-trabajo/oferta-de-trabajo-de-tecnico-en-mantenimiento-en-san-nicolas-0777DAD644FAF8A061373E686DCF3405
    │ Title        : Técnico en mantenimiento
    │ Company      : PLCONTROL
    │ Location     : San Nicolás, Capital Federal
    │ Job type     : full-time
    │ Salary       : 1500000 ARS
    │ Industry     : Construcción / obras
    │ Date posted  : 2026-09-03
    │ Deadline     : 2026-11-02
    │ External ID  : CDEA40BF84F087AD
    │ Description  : En TIDDO SRL, empresa que desarrolla sus servicios bajo la marca PLControl, buscamos incorporar un Técnico de Mantenimiento para formar parte de nuestro equipo y brindar soporte en un importante servi…
    └───────────────────────────────────────────────────────
2026-09-27 13:43:00,858 DEBUG https://argentina.mimusjobs.com:443 "GET /wp-json/wp/v2/companies?slug=plcontrol HTTP/1.1" 200 None
2026-09-27 13:43:00,859 INFO ⏭ Company exists: PLCONTROL
2026-09-27 13:43:01,852 DEBUG https://argentina.mimusjobs.com:443 "GET /wp-json/wp/v2/job-listings?slug=t-cnico-en-mantenimiento HTTP/1.1" 200 None
2026-09-27 13:43:03,872 DEBUG https://argentina.mimusjobs.com:443 "POST /wp-json/wp/v2/job-listings HTTP/1.1" 201 None
2026-09-27 13:43:03,872 INFO ✅ Job posted: 'Técnico en mantenimiento' → WP ID 33700
2026-09-27 13:43:03,872 INFO ✅ SUCCESS — 'Técnico en mantenimiento' → WP ID=33700 🔗 https://argentina.mimusjobs.com/job/tecnico-en-mantenimiento-5/
2026-09-27 13:43:04,873 INFO ── https://ar.computrabajo.com/empleos-en-capital-federal | page 7 | job 9/20: https://ar.computrabajo.com/ofertas-de-trabajo/oferta-de-trabajo-de-analista-administrativo-jr-en-agronomia-D5631D1B8954FAFF61373E686DCF3405
2026-09-27 13:43:04,882 DEBUG https://ar.computrabajo.com:443 "GET /ofertas-de-trabajo/oferta-de-trabajo-de-analista-administrativo-jr-en-agronomia-D5631D1B8954FAFF61373E686DCF3405 HTTP/1.1" 200 None
2026-09-27 13:43:04,884 DEBUG     GET https://ar.computrabajo.com/ofertas-de-trabajo/oferta-de-trabajo-de-analista-administrativo-jr-en-agronomia-D5631D1B8954FAFF61373E686DCF3405 → HTTP 200 (162,655 chars)
2026-09-27 13:43:04,944 INFO     ┌─ SCRAPED JOB ─────────────────────────────────────────
    │ URL          : https://ar.computrabajo.com/ofertas-de-trabajo/oferta-de-trabajo-de-analista-administrativo-jr-en-agronomia-D5631D1B8954FAFF61373E686DCF3405
    │ Title        : Analista Administrativo Jr.
    │ Company      : Susana Castello
    │ Location     : Agronomía, Capital Federal
    │ Job type     : full-time
    │ Salary       : 10000 ARS
    │ Industry     : RRHH / Personal
    │ Date posted  : 2026-08-10
    │ Deadline     : 2026-10-09
    │ External ID  : 609337521E22C2E9
    │ Description  : Importante empresa incorporará un analista administrativo para sumarse al equipo de trabajo. Nos orientamos a un/a jóvenes de entre 23 y 30 años, Estudiante avanzado o próximo a graduarse en Administr…
    └───────────────────────────────────────────────────────
2026-09-27 13:43:05,793 DEBUG https://argentina.mimusjobs.com:443 "GET /wp-json/wp/v2/companies?slug=susana-castello HTTP/1.1" 200 None
2026-09-27 13:43:05,794 INFO ⏭ Company exists: Susana Castello
2026-09-27 13:43:06,737 DEBUG https://argentina.mimusjobs.com:443 "GET /wp-json/wp/v2/job-listings?slug=analista-administrativo-jr- HTTP/1.1" 200 None
2026-09-27 13:43:06,737 INFO ⏭ Job already on WP: Analista Administrativo Jr.
2026-09-27 13:43:06,737 INFO ✅ SUCCESS — 'Analista Administrativo Jr.' → WP ID=22383 🔗 https://argentina.mimusjobs.com/job/analista-administrativo-jr/
2026-09-27 13:43:07,738 INFO ── https://ar.computrabajo.com/empleos-en-capital-federal | page 7 | job 10/20: https://ar.computrabajo.com/ofertas-de-trabajo/oferta-de-trabajo-de-vendedor-en-san-cristobal-97BA3B24ABA0C39961373E686DCF3405
2026-09-27 13:43:07,788 DEBUG https://ar.computrabajo.com:443 "GET /ofertas-de-trabajo/oferta-de-trabajo-de-vendedor-en-san-cristobal-97BA3B24ABA0C39961373E686DCF3405 HTTP/1.1" 200 None
2026-09-27 13:43:07,790 DEBUG     GET https://ar.computrabajo.com/ofertas-de-trabajo/oferta-de-trabajo-de-vendedor-en-san-cristobal-97BA3B24ABA0C39961373E686DCF3405 → HTTP 200 (170,185 chars)
2026-09-27 13:43:07,821 INFO     ┌─ SCRAPED JOB ─────────────────────────────────────────
    │ URL          : https://ar.computrabajo.com/ofertas-de-trabajo/oferta-de-trabajo-de-vendedor-en-san-cristobal-97BA3B24ABA0C39961373E686DCF3405
    │ Title        : Vendedor
    │ Company      : REMAX ENERGY
    │ Location     : San Cristóbal, Capital Federal
    │ Job type     : full-time
    │ Salary       : (not listed)
    │ Industry     : Servicios Profesionales
    │ Date posted  : 2026-08-26
    │ Deadline     : 2026-10-25
    │ External ID  : 25AE5B7AFB07A7F0
    │ Description  : ¡Dale un giro a tu carrera con REMAX Energy! 
¿Buscás una oportunidad que te permita independencia, flexibilidad y un crecimiento ilimitado?
Si te apasiona el mundo de las ventas y querés un cambio si…
    └───────────────────────────────────────────────────────
2026-09-27 13:43:08,793 DEBUG https://argentina.mimusjobs.com:443 "GET /wp-json/wp/v2/companies?slug=remax-energy HTTP/1.1" 200 None
2026-09-27 13:43:08,793 INFO ⏭ Company exists: REMAX ENERGY
2026-09-27 13:43:09,981 DEBUG https://argentina.mimusjobs.com:443 "GET /wp-json/wp/v2/job-listings?slug=vendedor HTTP/1.1" 200 None
2026-09-27 13:43:09,982 INFO ⏭ Job already on WP: Vendedor
2026-09-27 13:43:09,982 INFO ✅ SUCCESS — 'Vendedor' → WP ID=2434 🔗 https://argentina.mimusjobs.com/job/vendedor/
2026-09-27 13:43:10,982 INFO ── https://ar.computrabajo.com/empleos-en-capital-federal | page 7 | job 11/20: https://ar.computrabajo.com/ofertas-de-trabajo/oferta-de-trabajo-de-ejecutivo-de-ventas-en-villa-urquiza-4A0BF5471ACA04C361373E686DCF3405
2026-09-27 13:43:11,033 DEBUG https://ar.computrabajo.com:443 "GET /ofertas-de-trabajo/oferta-de-trabajo-de-ejecutivo-de-ventas-en-villa-urquiza-4A0BF5471ACA04C361373E686DCF3405 HTTP/1.1" 200 None
2026-09-27 13:43:11,035 DEBUG     GET https://ar.computrabajo.com/ofertas-de-trabajo/oferta-de-trabajo-de-ejecutivo-de-ventas-en-villa-urquiza-4A0BF5471ACA04C361373E686DCF3405 → HTTP 200 (162,128 chars)
2026-09-27 13:43:11,066 INFO     ┌─ SCRAPED JOB ─────────────────────────────────────────
    │ URL          : https://ar.computrabajo.com/ofertas-de-trabajo/oferta-de-trabajo-de-ejecutivo-de-ventas-en-villa-urquiza-4A0BF5471ACA04C361373E686DCF3405
    │ Title        : Ejecutivo de Ventas
    │ Company      : MOLINOS FÉNIX ALIMENTOS
    │ Location     : Villa Urquiza, Capital Federal
    │ Job type     : full-time
    │ Salary       : (not listed)
    │ Industry     : Fabricación
    │ Date posted  : 2026-08-26
    │ Deadline     : 2026-10-25
    │ External ID  : 97B0BB3DB3B1D0EF
    │ Description  : ¡Te estamos buscando Ejecutivo Comercial para Alimento Balanceado para Mascotas!
¿Te apasiona el mundo de las mascotas y tienes experiencia en ventas? ¡Esta es la oportunidad!
Perfil del candidato:
Ex…
    └───────────────────────────────────────────────────────
2026-09-27 13:43:12,242 DEBUG https://argentina.mimusjobs.com:443 "GET /wp-json/wp/v2/companies?slug=molinos-f-nix-alimentos HTTP/1.1" 200 None
2026-09-27 13:43:13,017 DEBUG https://argentina.mimusjobs.com:443 "POST /wp-json/wp/v2/companies HTTP/1.1" 201 None
2026-09-27 13:43:13,020 INFO ✅ Company posted: MOLINOS FÉNIX ALIMENTOS → ID 33701
2026-09-27 13:43:13,792 DEBUG https://argentina.mimusjobs.com:443 "GET /wp-json/wp/v2/job-listings?slug=ejecutivo-de-ventas HTTP/1.1" 200 None
2026-09-27 13:43:13,792 INFO ⏭ Job already on WP: Ejecutivo de Ventas
2026-09-27 13:43:13,793 INFO ✅ SUCCESS — 'Ejecutivo de Ventas' → WP ID=2978 🔗 https://argentina.mimusjobs.com/job/ejecutivo-de-ventas/
2026-09-27 13:43:14,793 INFO ── https://ar.computrabajo.com/empleos-en-capital-federal | page 7 | job 12/20: https://ar.computrabajo.com/ofertas-de-trabajo/oferta-de-trabajo-de-generacion-de-demanda-lead-generator-en-parque-patricios-D81A3382DA1BA41961373E686DCF3405
2026-09-27 13:43:14,845 DEBUG https://ar.computrabajo.com:443 "GET /ofertas-de-trabajo/oferta-de-trabajo-de-generacion-de-demanda-lead-generator-en-parque-patricios-D81A3382DA1BA41961373E686DCF3405 HTTP/1.1" 200 None
2026-09-27 13:43:14,848 DEBUG     GET https://ar.computrabajo.com/ofertas-de-trabajo/oferta-de-trabajo-de-generacion-de-demanda-lead-generator-en-parque-patricios-D81A3382DA1BA41961373E686DCF3405 → HTTP 200 (165,263 chars)
2026-09-27 13:43:14,876 INFO     ┌─ SCRAPED JOB ─────────────────────────────────────────
    │ URL          : https://ar.computrabajo.com/ofertas-de-trabajo/oferta-de-trabajo-de-generacion-de-demanda-lead-generator-en-parque-patricios-D81A3382DA1BA41961373E686DCF3405
    │ Title        : Generación de demanda / Lead Generator
    │ Company      : Área IT
    │ Location     : Parque Patricios, Capital Federal
    │ Job type     : full-time
    │ Salary       : (not listed)
    │ Industry     : Informática / Hardware
    │ Date posted  : 2026-08-28
    │ Deadline     : 2026-10-27
    │ External ID  : A93B321126A84B65
    │ Description  : Somos una empresa de origen nacional que desde hace 10 años brinda soluciones de IT y Field Services a clientes de gobierno, empresas y hogares. Nuestra Misión es contribuir para lograr un mundo más y…
    └───────────────────────────────────────────────────────
2026-09-27 13:43:15,761 DEBUG https://argentina.mimusjobs.com:443 "GET /wp-json/wp/v2/companies?slug=-rea-it HTTP/1.1" 200 None
2026-09-27 13:43:15,766 DEBUG https://ii.ct-stc.com:443 "GET /5/logos/empresas/2020/06/08/c88d321f015844eab424131550015thumbnail.png HTTP/1.1" 200 3971
2026-09-27 13:43:17,224 DEBUG https://argentina.mimusjobs.com:443 "POST /wp-json/wp/v2/media HTTP/1.1" 201 None
2026-09-27 13:43:18,079 DEBUG https://argentina.mimusjobs.com:443 "POST /wp-json/wp/v2/companies HTTP/1.1" 201 None
2026-09-27 13:43:18,092 INFO ✅ Company posted: Área IT → ID 33703
2026-09-27 13:43:19,889 DEBUG https://argentina.mimusjobs.com:443 "GET /wp-json/wp/v2/job-listings?slug=generaci-n-de-demanda---lead-generator HTTP/1.1" 200 None
2026-09-27 13:43:19,895 DEBUG https://ii.ct-stc.com:443 "GET /5/logos/empresas/2020/06/08/c88d321f015844eab424131550015thumbnail.png HTTP/1.1" 200 3971
2026-09-27 13:43:21,752 DEBUG https://argentina.mimusjobs.com:443 "POST /wp-json/wp/v2/media HTTP/1.1" 201 None
2026-09-27 13:43:24,009 DEBUG https://argentina.mimusjobs.com:443 "POST /wp-json/wp/v2/job-listings HTTP/1.1" 201 None
2026-09-27 13:43:24,009 INFO ✅ Job posted: 'Generación de demanda / Lead Generator' → WP ID 33705
2026-09-27 13:43:24,009 INFO ✅ SUCCESS — 'Generación de demanda / Lead Generator' → WP ID=33705 🔗 https://argentina.mimusjobs.com/job/generacion-de-demanda-lead-generator-4/
2026-09-27 13:43:25,010 INFO ── https://ar.computrabajo.com/empleos-en-capital-federal | page 7 | job 13/20: https://ar.computrabajo.com/ofertas-de-trabajo/oferta-de-trabajo-de-enfermerasos-profesionales-para-cuidados-paliativos-ingreso-inmediato-en-san-nicolas-E72E130BC689292561373E686DCF3405
2026-09-27 13:43:25,068 DEBUG https://ar.computrabajo.com:443 "GET /ofertas-de-trabajo/oferta-de-trabajo-de-enfermerasos-profesionales-para-cuidados-paliativos-ingreso-inmediato-en-san-nicolas-E72E130BC689292561373E686DCF3405 HTTP/1.1" 200 None
2026-09-27 13:43:25,070 DEBUG     GET https://ar.computrabajo.com/ofertas-de-trabajo/oferta-de-trabajo-de-enfermerasos-profesionales-para-cuidados-paliativos-ingreso-inmediato-en-san-nicolas-E72E130BC689292561373E686DCF3405 → HTTP 200 (160,412 chars)
2026-09-27 13:43:25,099 INFO     ┌─ SCRAPED JOB ─────────────────────────────────────────
    │ URL          : https://ar.computrabajo.com/ofertas-de-trabajo/oferta-de-trabajo-de-enfermerasos-profesionales-para-cuidados-paliativos-ingreso-inmediato-en-san-nicolas-E72E130BC689292561373E686DCF3405
    │ Title        : Enfermeras/os profesionales para cuidados paliativos. Ingreso inmediato
    │ Company      : Pulars S.A.
    │ Location     : San Nicolás, Capital Federal
    │ Job type     : full-time
    │ Salary       : (not listed)
    │ Industry     : Salud / Medicina
    │ Date posted  : 2026-09-03
    │ Deadline     : 2026-11-02
    │ External ID  : 6B983513470D8750
    │ Description  : Importante Empresa de Salud incorpora Enfermeros/as con matricula habilitante, para trabajar en horario a convenir, dentro de Internación domiciliaria con experiencia en PEDIATRÍA (excluyente). 
 
INC…
    └───────────────────────────────────────────────────────
2026-09-27 13:43:26,199 DEBUG https://argentina.mimusjobs.com:443 "GET /wp-json/wp/v2/companies?slug=pulars-s-a- HTTP/1.1" 200 None
2026-09-27 13:43:26,200 INFO ⏭ Company exists: Pulars S.A.
2026-09-27 13:43:26,805 DEBUG https://argentina.mimusjobs.com:443 "GET /wp-json/wp/v2/job-listings?slug=enfermeras-os-profesionales-para-cuidados-paliativos--ingreso-inmediato HTTP/1.1" 200 None
2026-09-27 13:43:26,806 INFO ⏭ Job already on WP: Enfermeras/os profesionales para cuidados paliativos. Ingreso inmediato
2026-09-27 13:43:26,806 INFO ✅ SUCCESS — 'Enfermeras/os profesionales para cuidados paliativos. Ingreso inmediato' → WP ID=22340 🔗 https://argentina.mimusjobs.com/job/enfermeras-os-profesionales-para-cuidados-paliativos-ingreso-inmediato/
2026-09-27 13:43:27,806 INFO ── https://ar.computrabajo.com/empleos-en-capital-federal | page 7 | job 14/20: https://ar.computrabajo.com/ofertas-de-trabajo/oferta-de-trabajo-de-personal-de-limpieza-en-puerto-madero-78375F5F92FE898761373E686DCF3405
2026-09-27 13:43:27,867 DEBUG https://ar.computrabajo.com:443 "GET /ofertas-de-trabajo/oferta-de-trabajo-de-personal-de-limpieza-en-puerto-madero-78375F5F92FE898761373E686DCF3405 HTTP/1.1" 200 None
2026-09-27 13:43:27,869 DEBUG     GET https://ar.computrabajo.com/ofertas-de-trabajo/oferta-de-trabajo-de-personal-de-limpieza-en-puerto-madero-78375F5F92FE898761373E686DCF3405 → HTTP 200 (159,229 chars)
2026-09-27 13:43:27,899 INFO     ┌─ SCRAPED JOB ─────────────────────────────────────────
    │ URL          : https://ar.computrabajo.com/ofertas-de-trabajo/oferta-de-trabajo-de-personal-de-limpieza-en-puerto-madero-78375F5F92FE898761373E686DCF3405
    │ Title        : Personal de limpieza
    │ Company      : Consultora gastronómica madero
    │ Location     : Puerto Madero, Capital Federal
    │ Job type     : full-time
    │ Salary       : (not listed)
    │ Industry     : Hostelería / Turismo
    │ Date posted  : 2026-09-11
    │ Deadline     : 2026-11-10
    │ External ID  : DAFBBABBDF4A064F
    │ Description  : ¡Estamos incorporando Personal de Limpieza!
Para importante restaurante ubicado en Puerto Madero, nos encontramos en la búsqueda de personal de limpieza para sumarse a nuestro equipo.
Requisitos:
Expe…
    └───────────────────────────────────────────────────────
2026-09-27 13:43:28,781 DEBUG https://argentina.mimusjobs.com:443 "GET /wp-json/wp/v2/companies?slug=consultora-gastron-mica-madero HTTP/1.1" 200 None
2026-09-27 13:43:28,785 DEBUG https://ii.ct-stc.com:443 "GET /5/logos/empresas/2023/09/19/03704ba6c2bd4c2188ef190838090thumbnail.jpeg HTTP/1.1" 200 4734
2026-09-27 13:43:30,195 DEBUG https://argentina.mimusjobs.com:443 "POST /wp-json/wp/v2/media HTTP/1.1" 201 None
2026-09-27 13:43:31,436 DEBUG https://argentina.mimusjobs.com:443 "POST /wp-json/wp/v2/companies HTTP/1.1" 201 None
2026-09-27 13:43:31,437 INFO ✅ Company posted: Consultora gastronómica madero → ID 33707
2026-09-27 13:43:32,279 DEBUG https://argentina.mimusjobs.com:443 "GET /wp-json/wp/v2/job-listings?slug=personal-de-limpieza HTTP/1.1" 200 None
2026-09-27 13:43:32,280 INFO ⏭ Job already on WP: Personal de limpieza
2026-09-27 13:43:32,280 INFO ✅ SUCCESS — 'Personal de limpieza' → WP ID=9612 🔗 https://argentina.mimusjobs.com/job/personal-de-limpieza/
2026-09-27 13:43:33,280 INFO ── https://ar.computrabajo.com/empleos-en-capital-federal | page 7 | job 15/20: https://ar.computrabajo.com/ofertas-de-trabajo/oferta-de-trabajo-de-responsable-de-deposito-con-experiencia-en-la-paternal-4E03E8EFDE822A7A61373E686DCF3405
2026-09-27 13:43:33,345 DEBUG https://ar.computrabajo.com:443 "GET /ofertas-de-trabajo/oferta-de-trabajo-de-responsable-de-deposito-con-experiencia-en-la-paternal-4E03E8EFDE822A7A61373E686DCF3405 HTTP/1.1" 200 None
2026-09-27 13:43:33,348 DEBUG     GET https://ar.computrabajo.com/ofertas-de-trabajo/oferta-de-trabajo-de-responsable-de-deposito-con-experiencia-en-la-paternal-4E03E8EFDE822A7A61373E686DCF3405 → HTTP 200 (150,818 chars)
2026-09-27 13:43:33,374 WARNING No JobPosting JSON-LD found, using HTML fallback: https://ar.computrabajo.com/ofertas-de-trabajo/oferta-de-trabajo-de-responsable-de-deposito-con-experiencia-en-la-paternal-4E03E8EFDE822A7A61373E686DCF3405
2026-09-27 13:43:33,375 INFO     ┌─ SCRAPED JOB ─────────────────────────────────────────
    │ URL          : https://ar.computrabajo.com/ofertas-de-trabajo/oferta-de-trabajo-de-responsable-de-deposito-con-experiencia-en-la-paternal-4E03E8EFDE822A7A61373E686DCF3405
    │ Title        : Responsable de Depósito - Con experiencia
    │ Company      : Importante empresa del sector
    │ Location     : La Paternal, Capital Federal
    │ Job type     : full-time
    │ Salary       : A convenir ARS
    │ Industry     : (none)
    │ Date posted  : (unknown)
    │ Deadline     : (estimated: )
    │ External ID  : (none)
    │ Description  : Nos encontramos a la búsqueda de un Responsable de Depósito con experiencia demostrable en gestión logística y procesos de almacenamiento. En este rol, serás responsable de supervisar y optimizar las …
    └───────────────────────────────────────────────────────
2026-09-27 13:43:34,214 DEBUG https://argentina.mimusjobs.com:443 "GET /wp-json/wp/v2/companies?slug=importante-empresa-del-sector HTTP/1.1" 200 None
2026-09-27 13:43:34,214 INFO ⏭ Company exists: Importante empresa del sector
2026-09-27 13:43:34,958 DEBUG https://argentina.mimusjobs.com:443 "GET /wp-json/wp/v2/job-listings?slug=responsable-de-dep-sito---con-experiencia HTTP/1.1" 200 None
2026-09-27 13:43:35,557 DEBUG https://argentina.mimusjobs.com:443 "GET /wp-json/wp/v2/job_listing_region?slug=la-paternal--capital-federal HTTP/1.1" 200 None
2026-09-27 13:43:37,000 DEBUG https://argentina.mimusjobs.com:443 "POST /wp-json/wp/v2/job-listings HTTP/1.1" 201 None
2026-09-27 13:43:37,000 INFO ✅ Job posted: 'Responsable de Depósito - Con experiencia' → WP ID 33708
2026-09-27 13:43:37,001 INFO ✅ SUCCESS — 'Responsable de Depósito - Con experiencia' → WP ID=33708 🔗 https://argentina.mimusjobs.com/job/responsable-de-deposito-con-experiencia-3/
2026-09-27 13:43:38,001 INFO ── https://ar.computrabajo.com/empleos-en-capital-federal | page 7 | job 16/20: https://ar.computrabajo.com/ofertas-de-trabajo/oferta-de-trabajo-de-ejecutivoa-comercial-b2b-envases-y-productos-sostenibles-caba-y-gran-buenos-aires-en-nueva-pompeya-6BF44C38E804F82F61373E686DCF3405
2026-09-27 13:43:38,060 DEBUG https://ar.computrabajo.com:443 "GET /ofertas-de-trabajo/oferta-de-trabajo-de-ejecutivoa-comercial-b2b-envases-y-productos-sostenibles-caba-y-gran-buenos-aires-en-nueva-pompeya-6BF44C38E804F82F61373E686DCF3405 HTTP/1.1" 200 None
2026-09-27 13:43:38,062 DEBUG     GET https://ar.computrabajo.com/ofertas-de-trabajo/oferta-de-trabajo-de-ejecutivoa-comercial-b2b-envases-y-productos-sostenibles-caba-y-gran-buenos-aires-en-nueva-pompeya-6BF44C38E804F82F61373E686DCF3405 → HTTP 200 (164,995 chars)
2026-09-27 13:43:38,093 INFO     ┌─ SCRAPED JOB ─────────────────────────────────────────
    │ URL          : https://ar.computrabajo.com/ofertas-de-trabajo/oferta-de-trabajo-de-ejecutivoa-comercial-b2b-envases-y-productos-sostenibles-caba-y-gran-buenos-aires-en-nueva-pompeya-6BF44C38E804F82F61373E686DCF3405
    │ Title        : Ejecutivo/a Comercial B2B Envases y Productos Sostenibles - CABA y Gran Buenos Aires
    │ Company      : Selectium
    │ Location     : Nueva Pompeya, Capital Federal
    │ Job type     : full-time
    │ Salary       : (not listed)
    │ Industry     : Servicios Profesionales
    │ Date posted  : 2026-09-11
    │ Deadline     : 2026-11-10
    │ External ID  : 461887C8C830E83C
    │ Description  : ¿Te apasionan las ventas consultivas y el desarrollo de nuevos negocios? Nos encontramos en la búsqueda de un/a Ejecutivo/a Comercial para incorporarse a una empresa con sólida trayectoria, dedicada a…
    └───────────────────────────────────────────────────────
2026-09-27 13:43:39,175 DEBUG https://argentina.mimusjobs.com:443 "GET /wp-json/wp/v2/companies?slug=selectium HTTP/1.1" 200 None
2026-09-27 13:43:39,176 INFO ⏭ Company exists: Selectium
2026-09-27 13:43:40,013 DEBUG https://argentina.mimusjobs.com:443 "GET /wp-json/wp/v2/job-listings?slug=ejecutivo-a-comercial-b2b-envases-y-productos-sostenibles---caba-y-gran-buenos-a HTTP/1.1" 200 None
2026-09-27 13:43:40,019 DEBUG https://ii.ct-stc.com:443 "GET /5/logos/empresas/2025/12/09//selectium194816thumbnail.png HTTP/1.1" 200 22951
2026-09-27 13:43:41,514 DEBUG https://argentina.mimusjobs.com:443 "POST /wp-json/wp/v2/media HTTP/1.1" 201 None
2026-09-27 13:43:42,290 DEBUG https://argentina.mimusjobs.com:443 "GET /wp-json/wp/v2/job_listing_region?slug=nueva-pompeya--capital-federal HTTP/1.1" 200 None
2026-09-27 13:43:43,345 DEBUG https://argentina.mimusjobs.com:443 "POST /wp-json/wp/v2/job-listings HTTP/1.1" 201 None
2026-09-27 13:43:43,346 INFO ✅ Job posted: 'Ejecutivo/a Comercial B2B Envases y Productos Sostenibles - CABA y Gran Buenos Aires' → WP ID 33710
2026-09-27 13:43:43,346 INFO ✅ SUCCESS — 'Ejecutivo/a Comercial B2B Envases y Productos Sostenibles - CABA y Gran Buenos Aires' → WP ID=33710 🔗 https://argentina.mimusjobs.com/job/ejecutivo-a-comercial-b2b-envases-y-productos-sostenibles-caba-y-gran-buenos-aires-4/
2026-09-27 13:43:44,346 INFO ── https://ar.computrabajo.com/empleos-en-capital-federal | page 7 | job 17/20: https://ar.computrabajo.com/ofertas-de-trabajo/oferta-de-trabajo-de-profesora-de-historia-trabajo-part-time-trabajo-remoto-con-horario-flexible-en-liniers-A88977A88482774A61373E686DCF3405
2026-09-27 13:43:44,412 DEBUG https://ar.computrabajo.com:443 "GET /ofertas-de-trabajo/oferta-de-trabajo-de-profesora-de-historia-trabajo-part-time-trabajo-remoto-con-horario-flexible-en-liniers-A88977A88482774A61373E686DCF3405 HTTP/1.1" 200 None
2026-09-27 13:43:44,415 DEBUG     GET https://ar.computrabajo.com/ofertas-de-trabajo/oferta-de-trabajo-de-profesora-de-historia-trabajo-part-time-trabajo-remoto-con-horario-flexible-en-liniers-A88977A88482774A61373E686DCF3405 → HTTP 200 (162,426 chars)
2026-09-27 13:43:44,445 INFO     ┌─ SCRAPED JOB ─────────────────────────────────────────
    │ URL          : https://ar.computrabajo.com/ofertas-de-trabajo/oferta-de-trabajo-de-profesora-de-historia-trabajo-part-time-trabajo-remoto-con-horario-flexible-en-liniers-A88977A88482774A61373E686DCF3405
    │ Title        : Profesor/a de Historia – Trabajo Part Time - Trabajo Remoto con Horario Flexible
    │ Company      : Tusclases
    │ Location     : Liniers, Capital Federal
    │ Job type     : temporary
    │ Salary       : 5000 ARS
    │ Industry     : Educación
    │ Date posted  : 2026-09-11
    │ Deadline     : 2026-11-10
    │ External ID  : 9C62ACBE2D16FBF2
    │ Description  : Tusclasesparticulares está en busca de profesores/as de Historia con ganas de enseñar y compartir su pasión por la materia.
Si te interesa la educación y querés generar ingresos extra dando clases, ¡e…
    └───────────────────────────────────────────────────────
2026-09-27 13:43:45,606 DEBUG https://argentina.mimusjobs.com:443 "GET /wp-json/wp/v2/companies?slug=tusclases HTTP/1.1" 200 None
2026-09-27 13:43:45,607 INFO ⏭ Company exists: Tusclases
2026-09-27 13:43:46,469 DEBUG https://argentina.mimusjobs.com:443 "GET /wp-json/wp/v2/job-listings?slug=profesor-a-de-historia---trabajo-part-time---trabajo-remoto-con-horario-flexible HTTP/1.1" 200 None
2026-09-27 13:43:46,469 INFO ⏭ Job already on WP: Profesor/a de Historia – Trabajo Part Time - Trabajo Remoto con Horario Flexible
2026-09-27 13:43:46,470 INFO ✅ SUCCESS — 'Profesor/a de Historia – Trabajo Part Time - Trabajo Remoto con Horario Flexible' → WP ID=22377 🔗 https://argentina.mimusjobs.com/job/profesor-a-de-historia-trabajo-part-time-trabajo-remoto-con-horario-flexible/
2026-09-27 13:43:47,470 INFO ── https://ar.computrabajo.com/empleos-en-capital-federal | page 7 | job 18/20: https://ar.computrabajo.com/ofertas-de-trabajo/oferta-de-trabajo-de-referente-de-turno-polivalente-gastronomico-en-saavedra-A9745EE59B7F284A61373E686DCF3405
2026-09-27 13:43:47,533 DEBUG https://ar.computrabajo.com:443 "GET /ofertas-de-trabajo/oferta-de-trabajo-de-referente-de-turno-polivalente-gastronomico-en-saavedra-A9745EE59B7F284A61373E686DCF3405 HTTP/1.1" 200 None
2026-09-27 13:43:47,536 DEBUG     GET https://ar.computrabajo.com/ofertas-de-trabajo/oferta-de-trabajo-de-referente-de-turno-polivalente-gastronomico-en-saavedra-A9745EE59B7F284A61373E686DCF3405 → HTTP 200 (159,099 chars)
2026-09-27 13:43:47,563 INFO     ┌─ SCRAPED JOB ─────────────────────────────────────────
    │ URL          : https://ar.computrabajo.com/ofertas-de-trabajo/oferta-de-trabajo-de-referente-de-turno-polivalente-gastronomico-en-saavedra-A9745EE59B7F284A61373E686DCF3405
    │ Title        : Referente de turno / Polivalente Gastronómico
    │ Company      : Avanti con la lanza SRL
    │ Location     : Saavedra, Capital Federal
    │ Job type     : full-time
    │ Salary       : 900000 ARS
    │ Industry     : Hostelería / Turismo
    │ Date posted  : 2026-09-11
    │ Deadline     : 2026-11-10
    │ External ID  : 6B90FF16B66EFDB9
    │ Description  : Estamos buscando un Referente de turno / Polivalente Gastronómico para trabajar en Reconocido grupo empresarial de Palermo/ Saavedra.
Funciones
Gestionar las actividades del turno asignado
Coordinar c…
    └───────────────────────────────────────────────────────
2026-09-27 13:43:48,675 DEBUG https://argentina.mimusjobs.com:443 "GET /wp-json/wp/v2/companies?slug=avanti-con-la-lanza-srl HTTP/1.1" 200 None
2026-09-27 13:43:48,675 INFO ⏭ Company exists: Avanti con la lanza SRL
2026-09-27 13:43:49,273 DEBUG https://argentina.mimusjobs.com:443 "GET /wp-json/wp/v2/job-listings?slug=referente-de-turno---polivalente-gastron-mico HTTP/1.1" 200 None
2026-09-27 13:43:49,281 DEBUG https://ii.ct-stc.com:443 "GET /5/logos/empresas/2020/11/16/4d25b425f93f4ad6a0be112451108thumbnail.png HTTP/1.1" 200 2871
2026-09-27 13:43:50,136 DEBUG https://argentina.mimusjobs.com:443 "POST /wp-json/wp/v2/media HTTP/1.1" 201 None
2026-09-27 13:43:51,463 DEBUG https://argentina.mimusjobs.com:443 "POST /wp-json/wp/v2/job-listings HTTP/1.1" 201 None
2026-09-27 13:43:51,464 INFO ✅ Job posted: 'Referente de turno / Polivalente Gastronómico' → WP ID 33712
2026-09-27 13:43:51,464 INFO ✅ SUCCESS — 'Referente de turno / Polivalente Gastronómico' → WP ID=33712 🔗 https://argentina.mimusjobs.com/job/referente-de-turno-polivalente-gastronomico-4/
2026-09-27 13:43:52,464 INFO ── https://ar.computrabajo.com/empleos-en-capital-federal | page 7 | job 19/20: https://ar.computrabajo.com/ofertas-de-trabajo/oferta-de-trabajo-de-camareroa-full-time-en-villa-crespo-11A5A476D400E6B561373E686DCF3405
2026-09-27 13:43:52,517 DEBUG https://ar.computrabajo.com:443 "GET /ofertas-de-trabajo/oferta-de-trabajo-de-camareroa-full-time-en-villa-crespo-11A5A476D400E6B561373E686DCF3405 HTTP/1.1" 200 None
2026-09-27 13:43:52,519 DEBUG     GET https://ar.computrabajo.com/ofertas-de-trabajo/oferta-de-trabajo-de-camareroa-full-time-en-villa-crespo-11A5A476D400E6B561373E686DCF3405 → HTTP 200 (159,815 chars)
2026-09-27 13:43:52,548 INFO     ┌─ SCRAPED JOB ─────────────────────────────────────────
    │ URL          : https://ar.computrabajo.com/ofertas-de-trabajo/oferta-de-trabajo-de-camareroa-full-time-en-villa-crespo-11A5A476D400E6B561373E686DCF3405
    │ Title        : Camarero/a - Full time
    │ Company      : Tienda de Cafe RRHH
    │ Location     : Villa Crespo, Capital Federal
    │ Job type     : full-time
    │ Salary       : (not listed)
    │ Industry     : Venta al consumidor
    │ Date posted  : 2026-09-11
    │ Deadline     : 2026-11-10
    │ External ID  : 67726E87A4996AE8
    │ Description  : ¡Importante cadena de cafeterías busca camareros! 
 Tareas:
Realizar una atención personalizada a nuestros clientes, asesorando sobre nuestras variedades de productos.
Tomar pedidos y servir bebidas y…
    └───────────────────────────────────────────────────────
2026-09-27 13:43:53,335 DEBUG https://argentina.mimusjobs.com:443 "GET /wp-json/wp/v2/companies?slug=tienda-de-cafe-rrhh HTTP/1.1" 200 None
2026-09-27 13:43:53,335 INFO ⏭ Company exists: Tienda de Cafe RRHH
2026-09-27 13:43:54,231 DEBUG https://argentina.mimusjobs.com:443 "GET /wp-json/wp/v2/job-listings?slug=camarero-a---full-time HTTP/1.1" 200 None
2026-09-27 13:43:54,232 INFO ⏭ Job already on WP: Camarero/a - Full time
2026-09-27 13:43:54,232 INFO ✅ SUCCESS — 'Camarero/a - Full time' → WP ID=16886 🔗 https://argentina.mimusjobs.com/job/camarero-a-full-time/
2026-09-27 13:43:55,232 INFO ── https://ar.computrabajo.com/empleos-en-capital-federal | page 7 | job 20/20: https://ar.computrabajo.com/ofertas-de-trabajo/oferta-de-trabajo-de-analista-de-seleccion-en-san-nicolas-C7A4ED2D10EE55AE61373E686DCF3405
2026-09-27 13:43:55,289 DEBUG https://ar.computrabajo.com:443 "GET /ofertas-de-trabajo/oferta-de-trabajo-de-analista-de-seleccion-en-san-nicolas-C7A4ED2D10EE55AE61373E686DCF3405 HTTP/1.1" 200 None
2026-09-27 13:43:55,292 DEBUG     GET https://ar.computrabajo.com/ofertas-de-trabajo/oferta-de-trabajo-de-analista-de-seleccion-en-san-nicolas-C7A4ED2D10EE55AE61373E686DCF3405 → HTTP 200 (160,022 chars)
2026-09-27 13:43:55,320 INFO     ┌─ SCRAPED JOB ─────────────────────────────────────────
    │ URL          : https://ar.computrabajo.com/ofertas-de-trabajo/oferta-de-trabajo-de-analista-de-seleccion-en-san-nicolas-C7A4ED2D10EE55AE61373E686DCF3405
    │ Title        : Analista de Selección
    │ Company      : Open 25
    │ Location     : San Nicolás, Capital Federal
    │ Job type     : full-time
    │ Salary       : (not listed)
    │ Industry     : Venta al consumidor
    │ Date posted  : 2026-08-10
    │ Deadline     : 2026-10-09
    │ External ID  : 4B50D69F0DAC45C7
    │ Description  : ¡Estamos buscando Analista de Selección! 
¿Te apasiona encontrar talento, conectar personas con oportunidades y formar parte de procesos de selección dinámicos?
 ¡Esta oportunidad puede ser para vos!
…
    └───────────────────────────────────────────────────────
2026-09-27 13:43:56,098 DEBUG https://argentina.mimusjobs.com:443 "GET /wp-json/wp/v2/companies?slug=open-25 HTTP/1.1" 200 None
2026-09-27 13:43:56,098 INFO ⏭ Company exists: Open 25
2026-09-27 13:43:56,738 DEBUG https://argentina.mimusjobs.com:443 "GET /wp-json/wp/v2/job-listings?slug=analista-de-selecci-n HTTP/1.1" 200 None
2026-09-27 13:43:57,930 DEBUG https://argentina.mimusjobs.com:443 "POST /wp-json/wp/v2/job-listings HTTP/1.1" 201 None
2026-09-27 13:43:57,931 INFO ✅ Job posted: 'Analista de Selección' → WP ID 33713
2026-09-27 13:43:57,931 INFO ✅ SUCCESS — 'Analista de Selección' → WP ID=33713 🔗 https://argentina.mimusjobs.com/job/analista-de-seleccion-5/
2026-09-27 13:43:58,932 INFO 📊 Running totals — posted: 140 | skipped: 0 | failed: 0
2026-09-27 13:43:58,932 INFO Fetching listing page 8: https://ar.computrabajo.com/empleos-en-capital-federal?p=8
2026-09-27 13:43:58,997 DEBUG https://ar.computrabajo.com:443 "GET /empleos-en-capital-federal?p=8 HTTP/1.1" 200 None
2026-09-27 13:43:59,002 DEBUG     GET https://ar.computrabajo.com/empleos-en-capital-federal?p=8 → HTTP 200 (331,377 chars)
2026-09-27 13:43:59,067 INFO Found 20 job URLs on page 8
2026-09-27 13:43:59,068 DEBUG     job 1: https://ar.computrabajo.com/ofertas-de-trabajo/oferta-de-trabajo-de-representante-comercial-mass-market-en-retiro-B062E8CC118569A661373E686DCF3405
2026-09-27 13:43:59,068 DEBUG     job 2: https://ar.computrabajo.com/ofertas-de-trabajo/oferta-de-trabajo-de-lider-comercial-en-belgrano-4839C4B38D2D533A61373E686DCF3405
2026-09-27 13:43:59,068 DEBUG     job 3: https://ar.computrabajo.com/ofertas-de-trabajo/oferta-de-trabajo-de-analista-de-precios-rubro-automotriz-en-agronomia-31D15F09F174593061373E686DCF3405
2026-09-27 13:43:59,068 DEBUG     job 4: https://ar.computrabajo.com/ofertas-de-trabajo/oferta-de-trabajo-de-administrativoa-secretaria-de-alumnos-en-belgrano-B664C4869A7CB00C61373E686DCF3405
2026-09-27 13:43:59,068 DEBUG     job 5: https://ar.computrabajo.com/ofertas-de-trabajo/oferta-de-trabajo-de-ingeniero-electricista-aeroportuario-en-retiro-B38BE0718380AA5761373E686DCF3405
2026-09-27 13:43:59,068 DEBUG     job 6: https://ar.computrabajo.com/ofertas-de-trabajo/oferta-de-trabajo-de-coordinadora-de-operaciones-comerciales--call-center-en-monserrat-958B90DF698DEB3F61373E686DCF3405
2026-09-27 13:43:59,068 DEBUG     job 7: https://ar.computrabajo.com/ofertas-de-trabajo/oferta-de-trabajo-de-command-center-it-ssroperador-de-monitoreo-sadefe-00-hs-a-12-hs-caba-en-san-cristobal-FF530970D1DC023261373E686DCF3405
2026-09-27 13:43:59,068 DEBUG     job 8: https://ar.computrabajo.com/ofertas-de-trabajo/oferta-de-trabajo-de-analista-de-administracion-de-personal-rubro-cosmetico-en-caballito-65019BB9D4C45ECD61373E686DCF3405
2026-09-27 13:43:59,068 DEBUG     job 9: https://ar.computrabajo.com/ofertas-de-trabajo/oferta-de-trabajo-de-auditor-medico-de-art-microcentro-en-san-nicolas-E7C889D73025FC6B61373E686DCF3405
2026-09-27 13:43:59,068 DEBUG     job 10: https://ar.computrabajo.com/ofertas-de-trabajo/oferta-de-trabajo-de-maestranza-y-personal-limpieza-pcentro-medico-cexperiencia-resida-prox-almagro-en-agronomia-863A1860E2319F8C61373E686DCF3405
2026-09-27 13:43:59,068 DEBUG     job 11: https://ar.computrabajo.com/ofertas-de-trabajo/oferta-de-trabajo-de-vendedora-retail-educando-jugueterias-jugueterias-educando-en-palermo-99606E88205CCF7261373E686DCF3405
2026-09-27 13:43:59,068 DEBUG     job 12: https://ar.computrabajo.com/ofertas-de-trabajo/oferta-de-trabajo-de-mucama-con-experiencia-en-geriatrico-en-recoleta-99739C0A66C93F4B61373E686DCF3405
2026-09-27 13:43:59,068 DEBUG     job 13: https://ar.computrabajo.com/ofertas-de-trabajo/oferta-de-trabajo-de-administrativoa-caba-y-gran-bs-as-en-monserrat-E4110812B94F46C861373E686DCF3405
2026-09-27 13:43:59,068 DEBUG     job 14: https://ar.computrabajo.com/ofertas-de-trabajo/oferta-de-trabajo-de-vendedor-de-creditos-zona-sur-en-almagro-5CFF0982AD972CEA61373E686DCF3405
2026-09-27 13:43:59,068 DEBUG     job 15: https://ar.computrabajo.com/ofertas-de-trabajo/oferta-de-trabajo-de-operario-de-servicio-tecnico-de-maquinaria-con-registro-presencial-mataderos-en-mataderos-319C347568E555B561373E686DCF3405
2026-09-27 13:43:59,068 DEBUG     job 16: https://ar.computrabajo.com/ofertas-de-trabajo/oferta-de-trabajo-de-jefe-de-control-de-gestion-de-rrhh-en-barracas-8B254DE4845244F561373E686DCF3405
2026-09-27 13:43:59,068 DEBUG     job 17: https://ar.computrabajo.com/ofertas-de-trabajo/oferta-de-trabajo-de-una administrativoa de recepcion  laboratorio de analisis clinicos-en-retiro-F99697B9C4705CC961373E686DCF3405
2026-09-27 13:43:59,068 DEBUG     job 18: https://ar.computrabajo.com/ofertas-de-trabajo/oferta-de-trabajo-de-acompanante-terapeuticoa-en-villa-del-parque-87F0FC1C7F28543061373E686DCF3405
2026-09-27 13:43:59,068 DEBUG     job 19: https://ar.computrabajo.com/ofertas-de-trabajo/oferta-de-trabajo-de-operadora-de-atencion-al-cliente-en-floresta-7F0E7CE3FBE71C7761373E686DCF3405
2026-09-27 13:43:59,068 DEBUG     job 20: https://ar.computrabajo.com/ofertas-de-trabajo/oferta-de-trabajo-de-supervisor-de-cobranzas-caba-en-colegiales-C598F068117306C061373E686DCF3405
2026-09-27 13:43:59,068 INFO ── https://ar.computrabajo.com/empleos-en-capital-federal | page 8 | job 1/20: https://ar.computrabajo.com/ofertas-de-trabajo/oferta-de-trabajo-de-representante-comercial-mass-market-en-retiro-B062E8CC118569A661373E686DCF3405
2026-09-27 13:43:59,119 DEBUG https://ar.computrabajo.com:443 "GET /ofertas-de-trabajo/oferta-de-trabajo-de-representante-comercial-mass-market-en-retiro-B062E8CC118569A661373E686DCF3405 HTTP/1.1" 200 None
2026-09-27 13:43:59,122 DEBUG     GET https://ar.computrabajo.com/ofertas-de-trabajo/oferta-de-trabajo-de-representante-comercial-mass-market-en-retiro-B062E8CC118569A661373E686DCF3405 → HTTP 200 (153,209 chars)
2026-09-27 13:43:59,150 WARNING No JobPosting JSON-LD found, using HTML fallback: https://ar.computrabajo.com/ofertas-de-trabajo/oferta-de-trabajo-de-representante-comercial-mass-market-en-retiro-B062E8CC118569A661373E686DCF3405
2026-09-27 13:43:59,152 INFO     ┌─ SCRAPED JOB ─────────────────────────────────────────
    │ URL          : https://ar.computrabajo.com/ofertas-de-trabajo/oferta-de-trabajo-de-representante-comercial-mass-market-en-retiro-B062E8CC118569A661373E686DCF3405
    │ Title        : Representante Comercial Mass Market
    │ Company      : Importante empresa del sector
    │ Location     : Retiro, Capital Federal
    │ Job type     : full-time
    │ Salary       : A convenir ARS
    │ Industry     : (none)
    │ Date posted  : (unknown)
    │ Deadline     : (estimated: )
    │ External ID  : (none)
    │ Description  : Nos encontramos en la búsqueda de un Representante Comercial Mass Market para desempeñar sus tareas en Retiro, Ciudad Autónoma de Buenos Aires.
 
Responsabilidades:
-Identificar y desarrollar oportuni…
    └───────────────────────────────────────────────────────
2026-09-27 13:43:59,877 DEBUG https://argentina.mimusjobs.com:443 "GET /wp-json/wp/v2/companies?slug=importante-empresa-del-sector HTTP/1.1" 200 None
2026-09-27 13:43:59,877 INFO ⏭ Company exists: Importante empresa del sector
2026-09-27 13:44:00,552 DEBUG https://argentina.mimusjobs.com:443 "GET /wp-json/wp/v2/job-listings?slug=representante-comercial-mass-market HTTP/1.1" 200 None
2026-09-27 13:44:00,552 INFO ⏭ Job already on WP: Representante Comercial Mass Market
2026-09-27 13:44:00,552 INFO ✅ SUCCESS — 'Representante Comercial Mass Market' → WP ID=22391 🔗 https://argentina.mimusjobs.com/job/representante-comercial-mass-market/
2026-09-27 13:44:01,553 INFO ── https://ar.computrabajo.com/empleos-en-capital-federal | page 8 | job 2/20: https://ar.computrabajo.com/ofertas-de-trabajo/oferta-de-trabajo-de-lider-comercial-en-belgrano-4839C4B38D2D533A61373E686DCF3405
2026-09-27 13:44:01,607 DEBUG https://ar.computrabajo.com:443 "GET /ofertas-de-trabajo/oferta-de-trabajo-de-lider-comercial-en-belgrano-4839C4B38D2D533A61373E686DCF3405 HTTP/1.1" 200 None
2026-09-27 13:44:01,609 DEBUG     GET https://ar.computrabajo.com/ofertas-de-trabajo/oferta-de-trabajo-de-lider-comercial-en-belgrano-4839C4B38D2D533A61373E686DCF3405 → HTTP 200 (150,705 chars)
2026-09-27 13:44:01,635 WARNING No JobPosting JSON-LD found, using HTML fallback: https://ar.computrabajo.com/ofertas-de-trabajo/oferta-de-trabajo-de-lider-comercial-en-belgrano-4839C4B38D2D533A61373E686DCF3405
2026-09-27 13:44:01,637 INFO     ┌─ SCRAPED JOB ─────────────────────────────────────────
    │ URL          : https://ar.computrabajo.com/ofertas-de-trabajo/oferta-de-trabajo-de-lider-comercial-en-belgrano-4839C4B38D2D533A61373E686DCF3405
    │ Title        : Líder Comercial
    │ Company      : Importante empresa del sector
    │ Location     : Belgrano, Capital Federal
    │ Job type     : full-time
    │ Salary       : A convenir ARS
    │ Industry     : (none)
    │ Date posted  : (unknown)
    │ Deadline     : (estimated: )
    │ External ID  : (none)
    │ Description  : Líder Comercial
Gestión Continua S.A se encuentra en la búsqueda de un/a Líder Comercial para asumir la conducción de un equipo de ventas consolidado y con amplia trayectoria.
Buscamos una persona cap…
    └───────────────────────────────────────────────────────
2026-09-27 13:44:02,589 DEBUG https://argentina.mimusjobs.com:443 "GET /wp-json/wp/v2/companies?slug=importante-empresa-del-sector HTTP/1.1" 200 None
2026-09-27 13:44:02,590 INFO ⏭ Company exists: Importante empresa del sector
2026-09-27 13:44:03,955 DEBUG https://argentina.mimusjobs.com:443 "GET /wp-json/wp/v2/job-listings?slug=l-der-comercial HTTP/1.1" 200 None
2026-09-27 13:44:05,255 DEBUG https://argentina.mimusjobs.com:443 "POST /wp-json/wp/v2/job-listings HTTP/1.1" 201 None
2026-09-27 13:44:05,255 INFO ✅ Job posted: 'Líder Comercial' → WP ID 33714
2026-09-27 13:44:05,256 INFO ✅ SUCCESS — 'Líder Comercial' → WP ID=33714 🔗 https://argentina.mimusjobs.com/job/lider-comercial-5/
2026-09-27 13:44:06,256 INFO ── https://ar.computrabajo.com/empleos-en-capital-federal | page 8 | job 3/20: https://ar.computrabajo.com/ofertas-de-trabajo/oferta-de-trabajo-de-analista-de-precios-rubro-automotriz-en-agronomia-31D15F09F174593061373E686DCF3405
2026-09-27 13:44:06,306 DEBUG https://ar.computrabajo.com:443 "GET /ofertas-de-trabajo/oferta-de-trabajo-de-analista-de-precios-rubro-automotriz-en-agronomia-31D15F09F174593061373E686DCF3405 HTTP/1.1" 200 None
2026-09-27 13:44:06,308 DEBUG     GET https://ar.computrabajo.com/ofertas-de-trabajo/oferta-de-trabajo-de-analista-de-precios-rubro-automotriz-en-agronomia-31D15F09F174593061373E686DCF3405 → HTTP 200 (151,285 chars)
2026-09-27 13:44:06,363 WARNING No JobPosting JSON-LD found, using HTML fallback: https://ar.computrabajo.com/ofertas-de-trabajo/oferta-de-trabajo-de-analista-de-precios-rubro-automotriz-en-agronomia-31D15F09F174593061373E686DCF3405
2026-09-27 13:44:06,364 INFO     ┌─ SCRAPED JOB ─────────────────────────────────────────
    │ URL          : https://ar.computrabajo.com/ofertas-de-trabajo/oferta-de-trabajo-de-analista-de-precios-rubro-automotriz-en-agronomia-31D15F09F174593061373E686DCF3405
    │ Title        : Analista de precios - Rubro automotriz
    │ Company      : Importante empresa del sector
    │ Location     : Agronomía, Capital Federal
    │ Job type     : full-time
    │ Salary       : A convenir ARS
    │ Industry     : (none)
    │ Date posted  : (unknown)
    │ Deadline     : (estimated: )
    │ External ID  : (none)
    │ Description  : Somos una empresa en crecimiento dentro del mercado automotor. Buscamos un analista con perfil data-driven para sumarse al equipo de pricing: alguien que entienda los datos, construya dashboards útile…
    └───────────────────────────────────────────────────────
2026-09-27 13:44:07,041 DEBUG https://argentina.mimusjobs.com:443 "GET /wp-json/wp/v2/companies?slug=importante-empresa-del-sector HTTP/1.1" 200 None
2026-09-27 13:44:07,042 INFO ⏭ Company exists: Importante empresa del sector
2026-09-27 13:44:07,850 DEBUG https://argentina.mimusjobs.com:443 "GET /wp-json/wp/v2/job-listings?slug=analista-de-precios---rubro-automotriz HTTP/1.1" 200 None
2026-09-27 13:44:07,850 INFO ⏭ Job already on WP: Analista de precios - Rubro automotriz
2026-09-27 13:44:07,851 INFO ✅ SUCCESS — 'Analista de precios - Rubro automotriz' → WP ID=22253 🔗 https://argentina.mimusjobs.com/job/analista-de-precios-rubro-automotriz/
2026-09-27 13:44:08,851 INFO ── https://ar.computrabajo.com/empleos-en-capital-federal | page 8 | job 4/20: https://ar.computrabajo.com/ofertas-de-trabajo/oferta-de-trabajo-de-administrativoa-secretaria-de-alumnos-en-belgrano-B664C4869A7CB00C61373E686DCF3405
2026-09-27 13:44:08,911 DEBUG https://ar.computrabajo.com:443 "GET /ofertas-de-trabajo/oferta-de-trabajo-de-administrativoa-secretaria-de-alumnos-en-belgrano-B664C4869A7CB00C61373E686DCF3405 HTTP/1.1" 200 None
2026-09-27 13:44:08,913 DEBUG     GET https://ar.computrabajo.com/ofertas-de-trabajo/oferta-de-trabajo-de-administrativoa-secretaria-de-alumnos-en-belgrano-B664C4869A7CB00C61373E686DCF3405 → HTTP 200 (168,454 chars)
2026-09-27 13:44:08,947 INFO     ┌─ SCRAPED JOB ─────────────────────────────────────────
    │ URL          : https://ar.computrabajo.com/ofertas-de-trabajo/oferta-de-trabajo-de-administrativoa-secretaria-de-alumnos-en-belgrano-B664C4869A7CB00C61373E686DCF3405
    │ Title        : Administrativo/a Secretaría de Alumnos
    │ Company      : ASOCIACION ORT ARGENTINA
    │ Location     : Belgrano, Capital Federal
    │ Job type     : full-time
    │ Salary       : (not listed)
    │ Industry     : Educación
    │ Date posted  : 2026-08-26
    │ Deadline     : 2026-10-25
    │ External ID  : C3672EDAAA4C68F2
    │ Description  : Te gustaría ser parte de ORT Argentina? ¡Esta es tu oportunidad!
Nos encontramos en la búsqueda de un/a Administrativo/a para sumarse a nuestra Secretaría de Alumnos.
 Principales responsabilidades:
A…
    └───────────────────────────────────────────────────────
2026-09-27 13:44:09,642 DEBUG https://argentina.mimusjobs.com:443 "GET /wp-json/wp/v2/companies?slug=asociacion-ort-argentina HTTP/1.1" 200 None
2026-09-27 13:44:09,643 INFO ⏭ Company exists: ASOCIACION ORT ARGENTINA
2026-09-27 13:44:10,326 DEBUG https://argentina.mimusjobs.com:443 "GET /wp-json/wp/v2/job-listings?slug=administrativo-a-secretar-a-de-alumnos HTTP/1.1" 200 None
2026-09-27 13:44:10,389 DEBUG https://ii.ct-stc.com:443 "GET /5/logos/empresas/2019/10/25/asociacion-ort-argentina-C3672EDAAA4C68F2113642thumbnail.png HTTP/1.1" 200 38777
2026-09-27 13:44:11,854 DEBUG https://argentina.mimusjobs.com:443 "POST /wp-json/wp/v2/media HTTP/1.1" 201 None
2026-09-27 13:44:14,161 DEBUG https://argentina.mimusjobs.com:443 "POST /wp-json/wp/v2/job-listings HTTP/1.1" 201 None
2026-09-27 13:44:14,161 INFO ✅ Job posted: 'Administrativo/a Secretaría de Alumnos' → WP ID 33716
2026-09-27 13:44:14,161 INFO ✅ SUCCESS — 'Administrativo/a Secretaría de Alumnos' → WP ID=33716 🔗 https://argentina.mimusjobs.com/job/administrativo-a-secretaria-de-alumnos-4/
2026-09-27 13:44:15,162 INFO ── https://ar.computrabajo.com/empleos-en-capital-federal | page 8 | job 5/20: https://ar.computrabajo.com/ofertas-de-trabajo/oferta-de-trabajo-de-ingeniero-electricista-aeroportuario-en-retiro-B38BE0718380AA5761373E686DCF3405
2026-09-27 13:44:15,229 DEBUG https://ar.computrabajo.com:443 "GET /ofertas-de-trabajo/oferta-de-trabajo-de-ingeniero-electricista-aeroportuario-en-retiro-B38BE0718380AA5761373E686DCF3405 HTTP/1.1" 200 None
2026-09-27 13:44:15,232 DEBUG     GET https://ar.computrabajo.com/ofertas-de-trabajo/oferta-de-trabajo-de-ingeniero-electricista-aeroportuario-en-retiro-B38BE0718380AA5761373E686DCF3405 → HTTP 200 (167,516 chars)
2026-09-27 13:44:15,266 INFO     ┌─ SCRAPED JOB ─────────────────────────────────────────
    │ URL          : https://ar.computrabajo.com/ofertas-de-trabajo/oferta-de-trabajo-de-ingeniero-electricista-aeroportuario-en-retiro-B38BE0718380AA5761373E686DCF3405
    │ Title        : Ingeniero Electricista Aeroportuario
    │ Company      : HYTSA estudios y proyectos
    │ Location     : Retiro, Capital Federal
    │ Job type     : temporary
    │ Salary       : (not listed)
    │ Industry     : Servicios Profesionales
    │ Date posted  : 2026-08-26
    │ Deadline     : 2026-10-25
    │ External ID  : 7AF0778E88D0560C
    │ Description  : Estamos seleccionando un Especialista en Electricidad Aeroportuaria para la supervisión de una relevante obra de infraestructura aeroportuaria en Haití.
Requisitos Clave:
Formación: Ingeniero Electric…
    └───────────────────────────────────────────────────────
2026-09-27 13:44:16,092 DEBUG https://argentina.mimusjobs.com:443 "GET /wp-json/wp/v2/companies?slug=hytsa-estudios-y-proyectos HTTP/1.1" 200 None
2026-09-27 13:44:16,093 INFO ⏭ Company exists: HYTSA estudios y proyectos
2026-09-27 13:44:16,933 DEBUG https://argentina.mimusjobs.com:443 "GET /wp-json/wp/v2/job-listings?slug=ingeniero-electricista-aeroportuario HTTP/1.1" 200 None
2026-09-27 13:44:16,933 INFO ⏭ Job already on WP: Ingeniero Electricista Aeroportuario
2026-09-27 13:44:16,934 INFO ✅ SUCCESS — 'Ingeniero Electricista Aeroportuario' → WP ID=22382 🔗 https://argentina.mimusjobs.com/job/ingeniero-electricista-aeroportuario/
2026-09-27 13:44:17,934 INFO ── https://ar.computrabajo.com/empleos-en-capital-federal | page 8 | job 6/20: https://ar.computrabajo.com/ofertas-de-trabajo/oferta-de-trabajo-de-coordinadora-de-operaciones-comerciales--call-center-en-monserrat-958B90DF698DEB3F61373E686DCF3405
2026-09-27 13:44:18,007 DEBUG https://ar.computrabajo.com:443 "GET /ofertas-de-trabajo/oferta-de-trabajo-de-coordinadora-de-operaciones-comerciales--call-center-en-monserrat-958B90DF698DEB3F61373E686DCF3405 HTTP/1.1" 200 None
2026-09-27 13:44:18,010 DEBUG     GET https://ar.computrabajo.com/ofertas-de-trabajo/oferta-de-trabajo-de-coordinadora-de-operaciones-comerciales--call-center-en-monserrat-958B90DF698DEB3F61373E686DCF3405 → HTTP 200 (183,529 chars)
2026-09-27 13:44:18,047 INFO     ┌─ SCRAPED JOB ─────────────────────────────────────────
    │ URL          : https://ar.computrabajo.com/ofertas-de-trabajo/oferta-de-trabajo-de-coordinadora-de-operaciones-comerciales--call-center-en-monserrat-958B90DF698DEB3F61373E686DCF3405
    │ Title        : Coordinador/a de Operaciones Comerciales / Call Center
    │ Company      : C Garantido
    │ Location     : Monserrat, Capital Federal
    │ Job type     : full-time
    │ Salary       : (not listed)
    │ Industry     : Telecomunicaciones
    │ Date posted  : 2026-09-11
    │ Deadline     : 2026-11-10
    │ External ID  : 69A3B494D81FB548
    │ Description  : En Grupo Contacto Garantido, líder en soluciones comerciales, cobranzas y customer experience en Argentina y LATAM (México, Chile, Colombia y Perú), buscamos incorporar un/a Coordinador/a de Operacion…
    └───────────────────────────────────────────────────────
2026-09-27 13:44:18,739 DEBUG https://argentina.mimusjobs.com:443 "GET /wp-json/wp/v2/companies?slug=c-garantido HTTP/1.1" 200 None
2026-09-27 13:44:18,739 INFO ⏭ Company exists: C Garantido
2026-09-27 13:44:19,689 DEBUG https://argentina.mimusjobs.com:443 "GET /wp-json/wp/v2/job-listings?slug=coordinador-a-de-operaciones-comerciales---call-center HTTP/1.1" 200 None
2026-09-27 13:44:19,689 INFO ⏭ Job already on WP: Coordinador/a de Operaciones Comerciales / Call Center
2026-09-27 13:44:19,690 INFO ✅ SUCCESS — 'Coordinador/a de Operaciones Comerciales / Call Center' → WP ID=21527 🔗 https://argentina.mimusjobs.com/job/coordinador-a-de-operaciones-comerciales-call-center/
2026-09-27 13:44:20,690 INFO ── https://ar.computrabajo.com/empleos-en-capital-federal | page 8 | job 7/20: https://ar.computrabajo.com/ofertas-de-trabajo/oferta-de-trabajo-de-command-center-it-ssroperador-de-monitoreo-sadefe-00-hs-a-12-hs-caba-en-san-cristobal-FF530970D1DC023261373E686DCF3405
2026-09-27 13:44:20,741 DEBUG https://ar.computrabajo.com:443 "GET /ofertas-de-trabajo/oferta-de-trabajo-de-command-center-it-ssroperador-de-monitoreo-sadefe-00-hs-a-12-hs-caba-en-san-cristobal-FF530970D1DC023261373E686DCF3405 HTTP/1.1" 200 None
2026-09-27 13:44:20,744 DEBUG     GET https://ar.computrabajo.com/ofertas-de-trabajo/oferta-de-trabajo-de-command-center-it-ssroperador-de-monitoreo-sadefe-00-hs-a-12-hs-caba-en-san-cristobal-FF530970D1DC023261373E686DCF3405 → HTTP 200 (177,624 chars)
2026-09-27 13:44:20,779 INFO     ┌─ SCRAPED JOB ─────────────────────────────────────────
    │ URL          : https://ar.computrabajo.com/ofertas-de-trabajo/oferta-de-trabajo-de-command-center-it-ssroperador-de-monitoreo-sadefe-00-hs-a-12-hs-caba-en-san-cristobal-FF530970D1DC023261373E686DCF3405
    │ Title        : Command Center IT SSR/Operador de monitoreo / SaDeFe 00 hs a 12 hs (CABA)
    │ Company      : Yel
    │ Location     : San Cristóbal, Capital Federal
    │ Job type     : full-time
    │ Salary       : (not listed)
    │ Industry     : Informática / Software
    │ Date posted  : 2026-08-10
    │ Deadline     : 2026-10-09
    │ External ID  : 59AC7037EEA764B5
    │ Description  : En Yel, empresa líder en IT Outsourcing Services con operaciones de alcance global, nos encontramos en la búsqueda de un Operador de monitoreo/Command Center IT SSR para sumarse a nuestro staff de col…
    └───────────────────────────────────────────────────────
2026-09-27 13:44:21,468 DEBUG https://argentina.mimusjobs.com:443 "GET /wp-json/wp/v2/companies?slug=yel HTTP/1.1" 200 None
2026-09-27 13:44:21,468 INFO ⏭ Company exists: Yel
2026-09-27 13:44:22,023 DEBUG https://argentina.mimusjobs.com:443 "GET /wp-json/wp/v2/job-listings?slug=command-center-it-ssr-operador-de-monitoreo---sadefe-00-hs-a-12-hs--caba- HTTP/1.1" 200 None
2026-09-27 13:44:22,023 INFO ⏭ Job already on WP: Command Center IT SSR/Operador de monitoreo / SaDeFe 00 hs a 12 hs (CABA)
2026-09-27 13:44:22,024 INFO ✅ SUCCESS — 'Command Center IT SSR/Operador de monitoreo / SaDeFe 00 hs a 12 hs (CABA)' → WP ID=22386 🔗 https://argentina.mimusjobs.com/job/command-center-it-ssr-operador-de-monitoreo-sadefe-00-hs-a-12-hs-caba/
2026-09-27 13:44:23,024 INFO ── https://ar.computrabajo.com/empleos-en-capital-federal | page 8 | job 8/20: https://ar.computrabajo.com/ofertas-de-trabajo/oferta-de-trabajo-de-analista-de-administracion-de-personal-rubro-cosmetico-en-caballito-65019BB9D4C45ECD61373E686DCF3405
2026-09-27 13:44:23,074 DEBUG https://ar.computrabajo.com:443 "GET /ofertas-de-trabajo/oferta-de-trabajo-de-analista-de-administracion-de-personal-rubro-cosmetico-en-caballito-65019BB9D4C45ECD61373E686DCF3405 HTTP/1.1" 200 None
2026-09-27 13:44:23,076 DEBUG     GET https://ar.computrabajo.com/ofertas-de-trabajo/oferta-de-trabajo-de-analista-de-administracion-de-personal-rubro-cosmetico-en-caballito-65019BB9D4C45ECD61373E686DCF3405 → HTTP 200 (154,453 chars)
2026-09-27 13:44:23,104 WARNING No JobPosting JSON-LD found, using HTML fallback: https://ar.computrabajo.com/ofertas-de-trabajo/oferta-de-trabajo-de-analista-de-administracion-de-personal-rubro-cosmetico-en-caballito-65019BB9D4C45ECD61373E686DCF3405
2026-09-27 13:44:23,106 INFO     ┌─ SCRAPED JOB ─────────────────────────────────────────
    │ URL          : https://ar.computrabajo.com/ofertas-de-trabajo/oferta-de-trabajo-de-analista-de-administracion-de-personal-rubro-cosmetico-en-caballito-65019BB9D4C45ECD61373E686DCF3405
    │ Title        : Analista de administración de personal - Rubro Cosmético
    │ Company      : Importante empresa del sector
    │ Location     : Caballito, Capital Federal
    │ Job type     : full-time
    │ Salary       : A convenir ARS
    │ Industry     : (none)
    │ Date posted  : (unknown)
    │ Deadline     : (estimated: )
    │ External ID  : (none)
    │ Description  : Importante laboratorio se encuentra en la búsqueda de un Analista de Administración de Personal para incorporarse al equipo de Recursos Humanos.
Principales responsabilidades
Armado, actualización y m…
    └───────────────────────────────────────────────────────
2026-09-27 13:44:23,875 DEBUG https://argentina.mimusjobs.com:443 "GET /wp-json/wp/v2/companies?slug=importante-empresa-del-sector HTTP/1.1" 200 None
2026-09-27 13:44:23,875 INFO ⏭ Company exists: Importante empresa del sector
2026-09-27 13:44:24,838 DEBUG https://argentina.mimusjobs.com:443 "GET /wp-json/wp/v2/job-listings?slug=analista-de-administraci-n-de-personal---rubro-cosm-tico HTTP/1.1" 200 None
2026-09-27 13:44:25,915 DEBUG https://argentina.mimusjobs.com:443 "POST /wp-json/wp/v2/job-listings HTTP/1.1" 201 None
2026-09-27 13:44:25,917 INFO ✅ Job posted: 'Analista de administración de personal - Rubro Cosmético' → WP ID 33717
2026-09-27 13:44:25,917 INFO ✅ SUCCESS — 'Analista de administración de personal - Rubro Cosmético' → WP ID=33717 🔗 https://argentina.mimusjobs.com/job/analista-de-administracion-de-personal-rubro-cosmetico-4/
2026-09-27 13:44:26,917 INFO ── https://ar.computrabajo.com/empleos-en-capital-federal | page 8 | job 9/20: https://ar.computrabajo.com/ofertas-de-trabajo/oferta-de-trabajo-de-auditor-medico-de-art-microcentro-en-san-nicolas-E7C889D73025FC6B61373E686DCF3405
2026-09-27 13:44:27,028 DEBUG https://ar.computrabajo.com:443 "GET /ofertas-de-trabajo/oferta-de-trabajo-de-auditor-medico-de-art-microcentro-en-san-nicolas-E7C889D73025FC6B61373E686DCF3405 HTTP/1.1" 200 None
2026-09-27 13:44:27,030 DEBUG     GET https://ar.computrabajo.com/ofertas-de-trabajo/oferta-de-trabajo-de-auditor-medico-de-art-microcentro-en-san-nicolas-E7C889D73025FC6B61373E686DCF3405 → HTTP 200 (149,273 chars)
2026-09-27 13:44:27,056 WARNING No JobPosting JSON-LD found, using HTML fallback: https://ar.computrabajo.com/ofertas-de-trabajo/oferta-de-trabajo-de-auditor-medico-de-art-microcentro-en-san-nicolas-E7C889D73025FC6B61373E686DCF3405
2026-09-27 13:44:27,058 INFO     ┌─ SCRAPED JOB ─────────────────────────────────────────
    │ URL          : https://ar.computrabajo.com/ofertas-de-trabajo/oferta-de-trabajo-de-auditor-medico-de-art-microcentro-en-san-nicolas-E7C889D73025FC6B61373E686DCF3405
    │ Title        : Auditor medico de ART Microcentro
    │ Company      : Importante empresa del sector
    │ Location     : San Nicolás, Capital Federal
    │ Job type     : full-time
    │ Salary       : A convenir ARS
    │ Industry     : (none)
    │ Date posted  : (unknown)
    │ Deadline     : (estimated: )
    │ External ID  : (none)
    │ Description  : Somos una empresa de Salud trabajando para brindar soluciones integrales de gestión en salud, asesoría en seguros y servicios de medicina laboral a empresas e instituciones en general.
Estamos en la b…
    └───────────────────────────────────────────────────────
2026-09-27 13:44:27,902 DEBUG https://argentina.mimusjobs.com:443 "GET /wp-json/wp/v2/companies?slug=importante-empresa-del-sector HTTP/1.1" 200 None
2026-09-27 13:44:27,903 INFO ⏭ Company exists: Importante empresa del sector
2026-09-27 13:44:28,543 DEBUG https://argentina.mimusjobs.com:443 "GET /wp-json/wp/v2/job-listings?slug=auditor-medico-de-art-microcentro HTTP/1.1" 200 None
2026-09-27 13:44:28,543 INFO ⏭ Job already on WP: Auditor medico de ART Microcentro
2026-09-27 13:44:28,544 INFO ✅ SUCCESS — 'Auditor medico de ART Microcentro' → WP ID=22401 🔗 https://argentina.mimusjobs.com/job/auditor-medico-de-art-microcentro/
2026-09-27 13:44:29,544 INFO ── https://ar.computrabajo.com/empleos-en-capital-federal | page 8 | job 10/20: https://ar.computrabajo.com/ofertas-de-trabajo/oferta-de-trabajo-de-maestranza-y-personal-limpieza-pcentro-medico-cexperiencia-resida-prox-almagro-en-agronomia-863A1860E2319F8C61373E686DCF3405
2026-09-27 13:44:29,610 DEBUG https://ar.computrabajo.com:443 "GET /ofertas-de-trabajo/oferta-de-trabajo-de-maestranza-y-personal-limpieza-pcentro-medico-cexperiencia-resida-prox-almagro-en-agronomia-863A1860E2319F8C61373E686DCF3405 HTTP/1.1" 200 None
2026-09-27 13:44:29,612 DEBUG     GET https://ar.computrabajo.com/ofertas-de-trabajo/oferta-de-trabajo-de-maestranza-y-personal-limpieza-pcentro-medico-cexperiencia-resida-prox-almagro-en-agronomia-863A1860E2319F8C61373E686DCF3405 → HTTP 200 (160,881 chars)
2026-09-27 13:44:29,641 INFO     ┌─ SCRAPED JOB ─────────────────────────────────────────
    │ URL          : https://ar.computrabajo.com/ofertas-de-trabajo/oferta-de-trabajo-de-maestranza-y-personal-limpieza-pcentro-medico-cexperiencia-resida-prox-almagro-en-agronomia-863A1860E2319F8C61373E686DCF3405
    │ Title        : Maestranza y Personal Limpieza - p/Centro Médico c/experiencia resida prox. Almagro
    │ Company      : CENTRO INTEGRAL DE MEDICINA OCULAR - CIMO
    │ Location     : Agronomía, Capital Federal
    │ Job type     : full-time
    │ Salary       : (not listed)
    │ Industry     : Salud / Medicina
    │ Date posted  : 2026-08-26
    │ Deadline     : 2026-10-25
    │ External ID  : 85C56593FB3474C7
    │ Description  : Somos un Centro Medico Oftalmológico y nos encontramos en la búsqueda de una persona de sexo femenino para realizar tareas de maestranza y limpieza general del establecimiento. Dentro de las funciones…
    └───────────────────────────────────────────────────────
2026-09-27 13:44:30,323 DEBUG https://argentina.mimusjobs.com:443 "GET /wp-json/wp/v2/companies?slug=centro-integral-de-medicina-ocular---cimo HTTP/1.1" 200 None
2026-09-27 13:44:30,324 INFO ⏭ Company exists: CENTRO INTEGRAL DE MEDICINA OCULAR - CIMO
2026-09-27 13:44:30,955 DEBUG https://argentina.mimusjobs.com:443 "GET /wp-json/wp/v2/job-listings?slug=maestranza-y-personal-limpieza---p-centro-m-dico-c-experiencia-resida-prox--alma HTTP/1.1" 200 None
2026-09-27 13:44:31,536 DEBUG https://argentina.mimusjobs.com:443 "GET /wp-json/wp/v2/job_listing_region?slug=agronom-a--capital-federal HTTP/1.1" 200 None
2026-09-27 13:44:32,728 DEBUG https://argentina.mimusjobs.com:443 "POST /wp-json/wp/v2/job-listings HTTP/1.1" 201 None
2026-09-27 13:44:32,728 INFO ✅ Job posted: 'Maestranza y Personal Limpieza - p/Centro Médico c/experiencia resida prox. Almagro' → WP ID 33718
2026-09-27 13:44:32,729 INFO ✅ SUCCESS — 'Maestranza y Personal Limpieza - p/Centro Médico c/experiencia resida prox. Almagro' → WP ID=33718 🔗 https://argentina.mimusjobs.com/job/maestranza-y-personal-limpieza-p-centro-medico-c-experiencia-resida-prox-almagro-4/
2026-09-27 13:44:33,729 INFO ── https://ar.computrabajo.com/empleos-en-capital-federal | page 8 | job 11/20: https://ar.computrabajo.com/ofertas-de-trabajo/oferta-de-trabajo-de-vendedora-retail-educando-jugueterias-jugueterias-educando-en-palermo-99606E88205CCF7261373E686DCF3405
2026-09-27 13:44:33,791 DEBUG https://ar.computrabajo.com:443 "GET /ofertas-de-trabajo/oferta-de-trabajo-de-vendedora-retail-educando-jugueterias-jugueterias-educando-en-palermo-99606E88205CCF7261373E686DCF3405 HTTP/1.1" 200 None
2026-09-27 13:44:33,794 DEBUG     GET https://ar.computrabajo.com/ofertas-de-trabajo/oferta-de-trabajo-de-vendedora-retail-educando-jugueterias-jugueterias-educando-en-palermo-99606E88205CCF7261373E686DCF3405 → HTTP 200 (175,484 chars)
2026-09-27 13:44:33,827 INFO     ┌─ SCRAPED JOB ─────────────────────────────────────────
    │ URL          : https://ar.computrabajo.com/ofertas-de-trabajo/oferta-de-trabajo-de-vendedora-retail-educando-jugueterias-jugueterias-educando-en-palermo-99606E88205CCF7261373E686DCF3405
    │ Title        : Vendedor/a retail Educando jugueterias - Jugueterías Educando
    │ Company      : Educando
    │ Location     : Palermo, Capital Federal
    │ Job type     : full-time
    │ Salary       : 111000 ARS
    │ Industry     : Venta al consumidor
    │ Date posted  : 2026-08-09
    │ Deadline     : 2026-10-08
    │ External ID  : D327C2C455C998A4
    │ Description  : ¡BUSCAMOS VENDEDORES/AS RETAIL PARA EL EQUIPO DE EDUCANDO! 
¿Sos una persona entusiasta, proactiva y te apasiona la atención al cliente? En Educando jugueterías estamos buscando talentos comerciales p…
    └───────────────────────────────────────────────────────
2026-09-27 13:44:34,711 DEBUG https://argentina.mimusjobs.com:443 "GET /wp-json/wp/v2/companies?slug=educando HTTP/1.1" 200 None
2026-09-27 13:44:34,711 INFO ⏭ Company exists: Educando
2026-09-27 13:44:35,991 DEBUG https://argentina.mimusjobs.com:443 "GET /wp-json/wp/v2/job-listings?slug=vendedor-a-retail-educando-jugueterias---jugueter-as-educando HTTP/1.1" 200 None
2026-09-27 13:44:36,000 DEBUG https://ii.ct-stc.com:443 "GET /5/logos/empresas/2019/10/02/c3d9eff202cd4d70bbb5154434987thumbnail.jpg HTTP/1.1" 200 4401
2026-09-27 13:44:37,253 DEBUG https://argentina.mimusjobs.com:443 "POST /wp-json/wp/v2/media HTTP/1.1" 201 None
2026-09-27 13:44:38,723 DEBUG https://argentina.mimusjobs.com:443 "POST /wp-json/wp/v2/job-listings HTTP/1.1" 201 None
2026-09-27 13:44:38,724 INFO ✅ Job posted: 'Vendedor/a retail Educando jugueterias - Jugueterías Educando' → WP ID 33720
2026-09-27 13:44:38,724 INFO ✅ SUCCESS — 'Vendedor/a retail Educando jugueterias - Jugueterías Educando' → WP ID=33720 🔗 https://argentina.mimusjobs.com/job/vendedor-a-retail-educando-jugueterias-jugueterias-educando-5/
2026-09-27 13:44:39,724 INFO ── https://ar.computrabajo.com/empleos-en-capital-federal | page 8 | job 12/20: https://ar.computrabajo.com/ofertas-de-trabajo/oferta-de-trabajo-de-mucama-con-experiencia-en-geriatrico-en-recoleta-99739C0A66C93F4B61373E686DCF3405
2026-09-27 13:44:39,795 DEBUG https://ar.computrabajo.com:443 "GET /ofertas-de-trabajo/oferta-de-trabajo-de-mucama-con-experiencia-en-geriatrico-en-recoleta-99739C0A66C93F4B61373E686DCF3405 HTTP/1.1" 200 None
2026-09-27 13:44:39,797 DEBUG     GET https://ar.computrabajo.com/ofertas-de-trabajo/oferta-de-trabajo-de-mucama-con-experiencia-en-geriatrico-en-recoleta-99739C0A66C93F4B61373E686DCF3405 → HTTP 200 (158,885 chars)
2026-09-27 13:44:39,826 INFO     ┌─ SCRAPED JOB ─────────────────────────────────────────
    │ URL          : https://ar.computrabajo.com/ofertas-de-trabajo/oferta-de-trabajo-de-mucama-con-experiencia-en-geriatrico-en-recoleta-99739C0A66C93F4B61373E686DCF3405
    │ Title        : Mucama con experiencia en geriatrico
    │ Company      : Aleph
    │ Location     : Recoleta, Capital Federal
    │ Job type     : full-time
    │ Salary       : 11111 ARS
    │ Industry     : Salud / Medicina
    │ Date posted  : 2026-08-10
    │ Deadline     : 2026-10-09
    │ External ID  : 5C3DFE0860DD4516
    │ Description  : Buscamos mucama con experiencia en geriatría para trabajar en un entorno de cuidado de ancianos. Necesitamos una persona responsable, compasiva y con habilidades para atender las necesidades específic…
    └───────────────────────────────────────────────────────
2026-09-27 13:44:40,767 DEBUG https://argentina.mimusjobs.com:443 "GET /wp-json/wp/v2/companies?slug=aleph HTTP/1.1" 200 None
2026-09-27 13:44:40,767 INFO ⏭ Company exists: Aleph
2026-09-27 13:44:41,567 DEBUG https://argentina.mimusjobs.com:443 "GET /wp-json/wp/v2/job-listings?slug=mucama-con-experiencia-en-geriatrico HTTP/1.1" 200 None
2026-09-27 13:44:41,568 INFO ⏭ Job already on WP: Mucama con experiencia en geriatrico
2026-09-27 13:44:41,568 INFO ✅ SUCCESS — 'Mucama con experiencia en geriatrico' → WP ID=22418 🔗 https://argentina.mimusjobs.com/job/mucama-con-experiencia-en-geriatrico/
2026-09-27 13:44:42,568 INFO ── https://ar.computrabajo.com/empleos-en-capital-federal | page 8 | job 13/20: https://ar.computrabajo.com/ofertas-de-trabajo/oferta-de-trabajo-de-administrativoa-caba-y-gran-bs-as-en-monserrat-E4110812B94F46C861373E686DCF3405
2026-09-27 13:44:42,626 DEBUG https://ar.computrabajo.com:443 "GET /ofertas-de-trabajo/oferta-de-trabajo-de-administrativoa-caba-y-gran-bs-as-en-monserrat-E4110812B94F46C861373E686DCF3405 HTTP/1.1" 200 None
2026-09-27 13:44:42,629 DEBUG     GET https://ar.computrabajo.com/ofertas-de-trabajo/oferta-de-trabajo-de-administrativoa-caba-y-gran-bs-as-en-monserrat-E4110812B94F46C861373E686DCF3405 → HTTP 200 (185,778 chars)
2026-09-27 13:44:42,668 INFO     ┌─ SCRAPED JOB ─────────────────────────────────────────
    │ URL          : https://ar.computrabajo.com/ofertas-de-trabajo/oferta-de-trabajo-de-administrativoa-caba-y-gran-bs-as-en-monserrat-E4110812B94F46C861373E686DCF3405
    │ Title        : Administrativo/a (CABA y Gran Bs As)
    │ Company      : Riiing Tecnología
    │ Location     : Monserrat, Capital Federal
    │ Job type     : full-time
    │ Salary       : (not listed)
    │ Industry     : Telecomunicaciones
    │ Date posted  : 2026-08-18
    │ Deadline     : 2026-10-17
    │ External ID  : 073917566537B308
    │ Description  : En Riiing nos encontramos en la búsqueda de un/a Administrativo/a para acompañar la gestión y el control administrativo de nuestros puntos de venta en CABA y Gran Buenos Aires.
Principales responsabil…
    └───────────────────────────────────────────────────────
2026-09-27 13:44:43,718 DEBUG https://argentina.mimusjobs.com:443 "GET /wp-json/wp/v2/companies?slug=riiing-tecnolog-a HTTP/1.1" 200 None
2026-09-27 13:44:43,727 DEBUG https://ii.ct-stc.com:443 "GET /5/logos/empresas/2023/05/10/grupo-meditel-073917566537B308155320614thumbnail.png HTTP/1.1" 200 22038
2026-09-27 13:44:45,655 DEBUG https://argentina.mimusjobs.com:443 "POST /wp-json/wp/v2/media HTTP/1.1" 201 None
2026-09-27 13:44:46,677 DEBUG https://argentina.mimusjobs.com:443 "POST /wp-json/wp/v2/companies HTTP/1.1" 201 None
2026-09-27 13:44:46,678 INFO ✅ Company posted: Riiing Tecnología → ID 33722
2026-09-27 13:44:47,280 DEBUG https://argentina.mimusjobs.com:443 "GET /wp-json/wp/v2/job-listings?slug=administrativo-a--caba-y-gran-bs-as- HTTP/1.1" 200 None
2026-09-27 13:44:47,280 INFO ⏭ Job already on WP: Administrativo/a (CABA y Gran Bs As)
2026-09-27 13:44:47,281 INFO ✅ SUCCESS — 'Administrativo/a (CABA y Gran Bs As)' → WP ID=22405 🔗 https://argentina.mimusjobs.com/job/administrativo-a-caba-y-gran-bs-as/
2026-09-27 13:44:48,281 INFO ── https://ar.computrabajo.com/empleos-en-capital-federal | page 8 | job 14/20: https://ar.computrabajo.com/ofertas-de-trabajo/oferta-de-trabajo-de-vendedor-de-creditos-zona-sur-en-almagro-5CFF0982AD972CEA61373E686DCF3405
2026-09-27 13:44:48,337 DEBUG https://ar.computrabajo.com:443 "GET /ofertas-de-trabajo/oferta-de-trabajo-de-vendedor-de-creditos-zona-sur-en-almagro-5CFF0982AD972CEA61373E686DCF3405 HTTP/1.1" 200 None
2026-09-27 13:44:48,339 DEBUG     GET https://ar.computrabajo.com/ofertas-de-trabajo/oferta-de-trabajo-de-vendedor-de-creditos-zona-sur-en-almagro-5CFF0982AD972CEA61373E686DCF3405 → HTTP 200 (152,826 chars)
2026-09-27 13:44:48,365 WARNING No JobPosting JSON-LD found, using HTML fallback: https://ar.computrabajo.com/ofertas-de-trabajo/oferta-de-trabajo-de-vendedor-de-creditos-zona-sur-en-almagro-5CFF0982AD972CEA61373E686DCF3405
2026-09-27 13:44:48,367 INFO     ┌─ SCRAPED JOB ─────────────────────────────────────────
    │ URL          : https://ar.computrabajo.com/ofertas-de-trabajo/oferta-de-trabajo-de-vendedor-de-creditos-zona-sur-en-almagro-5CFF0982AD972CEA61373E686DCF3405
    │ Title        : Vendedor de Creditos - Zona Sur
    │ Company      : Importante empresa del sector
    │ Location     : Almagro, Capital Federal
    │ Job type     : full-time
    │ Salary       : A convenir ARS
    │ Industry     : (none)
    │ Date posted  : (unknown)
    │ Deadline     : (estimated: )
    │ External ID  : (none)
    │ Description  : ¿Te apasionan las ventas y el trato con el cliente? ¿Queres crecer profesionalmente en el sector financiero? Esta es tu oportunidad para incorporar como vendedor de créditos y productos al consumo.
 S…
    └───────────────────────────────────────────────────────
2026-09-27 13:44:49,260 DEBUG https://argentina.mimusjobs.com:443 "GET /wp-json/wp/v2/companies?slug=importante-empresa-del-sector HTTP/1.1" 200 None
2026-09-27 13:44:49,260 INFO ⏭ Company exists: Importante empresa del sector
2026-09-27 13:44:49,841 DEBUG https://argentina.mimusjobs.com:443 "GET /wp-json/wp/v2/job-listings?slug=vendedor-de-creditos---zona-sur HTTP/1.1" 200 None
2026-09-27 13:44:49,841 INFO ⏭ Job already on WP: Vendedor de Creditos - Zona Sur
2026-09-27 13:44:49,842 INFO ✅ SUCCESS — 'Vendedor de Creditos - Zona Sur' → WP ID=22408 🔗 https://argentina.mimusjobs.com/job/vendedor-de-creditos-zona-sur/
2026-09-27 13:44:50,842 INFO ── https://ar.computrabajo.com/empleos-en-capital-federal | page 8 | job 15/20: https://ar.computrabajo.com/ofertas-de-trabajo/oferta-de-trabajo-de-operario-de-servicio-tecnico-de-maquinaria-con-registro-presencial-mataderos-en-mataderos-319C347568E555B561373E686DCF3405
2026-09-27 13:44:50,893 DEBUG https://ar.computrabajo.com:443 "GET /ofertas-de-trabajo/oferta-de-trabajo-de-operario-de-servicio-tecnico-de-maquinaria-con-registro-presencial-mataderos-en-mataderos-319C347568E555B561373E686DCF3405 HTTP/1.1" 200 None
2026-09-27 13:44:50,896 DEBUG     GET https://ar.computrabajo.com/ofertas-de-trabajo/oferta-de-trabajo-de-operario-de-servicio-tecnico-de-maquinaria-con-registro-presencial-mataderos-en-mataderos-319C347568E555B561373E686DCF3405 → HTTP 200 (168,830 chars)
2026-09-27 13:44:50,930 INFO     ┌─ SCRAPED JOB ─────────────────────────────────────────
    │ URL          : https://ar.computrabajo.com/ofertas-de-trabajo/oferta-de-trabajo-de-operario-de-servicio-tecnico-de-maquinaria-con-registro-presencial-mataderos-en-mataderos-319C347568E555B561373E686DCF3405
    │ Title        : Operario de Servicio Técnico de maquinaria con registro presencial (mataderos)
    │ Company      : Servicio Personal Eventual (Decide SRL)
    │ Location     : Mataderos, Capital Federal
    │ Job type     : full-time
    │ Salary       : (not listed)
    │ Industry     : RRHH / Personal
    │ Date posted  : 2026-08-26
    │ Deadline     : 2026-10-25
    │ External ID  : 76CA8AAFF8568FC6
    │ Description  : Empresa Pyme Argentina dedicada a la fabricación de toda la gama de maquinarias a nivel profesional para cocción, mantenimiento y exhibición de comidas, refrigeración y lavado de vajilla, busca incorp…
    └───────────────────────────────────────────────────────
2026-09-27 13:44:51,482 DEBUG https://argentina.mimusjobs.com:443 "GET /wp-json/wp/v2/companies?slug=servicio-personal-eventual--decide-srl- HTTP/1.1" 200 None
2026-09-27 13:44:51,482 INFO ⏭ Company exists: Servicio Personal Eventual (Decide SRL)
2026-09-27 13:44:52,568 DEBUG https://argentina.mimusjobs.com:443 "GET /wp-json/wp/v2/job-listings?slug=operario-de-servicio-t-cnico-de-maquinaria-con-registro-presencial--mataderos- HTTP/1.1" 200 None
2026-09-27 13:44:52,618 DEBUG https://ii.ct-stc.com:443 "GET /5/logos/empresas/2016/05/26/decide-srl-76CA8AAFF8568FC6thumbnail.png HTTP/1.1" 200 4286
2026-09-27 13:44:54,126 DEBUG https://argentina.mimusjobs.com:443 "POST /wp-json/wp/v2/media HTTP/1.1" 201 None
2026-09-27 13:44:54,876 DEBUG https://argentina.mimusjobs.com:443 "GET /wp-json/wp/v2/job_listing_region?slug=mataderos--capital-federal HTTP/1.1" 200 None
2026-09-27 13:44:56,068 DEBUG https://argentina.mimusjobs.com:443 "POST /wp-json/wp/v2/job-listings HTTP/1.1" 201 None
2026-09-27 13:44:56,069 INFO ✅ Job posted: 'Operario de Servicio Técnico de maquinaria con registro presencial (mataderos)' → WP ID 33724
2026-09-27 13:44:56,069 INFO ✅ SUCCESS — 'Operario de Servicio Técnico de maquinaria con registro presencial (mataderos)' → WP ID=33724 🔗 https://argentina.mimusjobs.com/job/operario-de-servicio-tecnico-de-maquinaria-con-registro-presencial-mataderos-4/
2026-09-27 13:44:57,069 INFO ── https://ar.computrabajo.com/empleos-en-capital-federal | page 8 | job 16/20: https://ar.computrabajo.com/ofertas-de-trabajo/oferta-de-trabajo-de-jefe-de-control-de-gestion-de-rrhh-en-barracas-8B254DE4845244F561373E686DCF3405
2026-09-27 13:44:57,129 DEBUG https://ar.computrabajo.com:443 "GET /ofertas-de-trabajo/oferta-de-trabajo-de-jefe-de-control-de-gestion-de-rrhh-en-barracas-8B254DE4845244F561373E686DCF3405 HTTP/1.1" 200 None
2026-09-27 13:44:57,132 DEBUG     GET https://ar.computrabajo.com/ofertas-de-trabajo/oferta-de-trabajo-de-jefe-de-control-de-gestion-de-rrhh-en-barracas-8B254DE4845244F561373E686DCF3405 → HTTP 200 (176,103 chars)
2026-09-27 13:44:57,165 INFO     ┌─ SCRAPED JOB ─────────────────────────────────────────
    │ URL          : https://ar.computrabajo.com/ofertas-de-trabajo/oferta-de-trabajo-de-jefe-de-control-de-gestion-de-rrhh-en-barracas-8B254DE4845244F561373E686DCF3405
    │ Title        : Jefe de Control de Gestión de RRHH
    │ Company      : Grupo Metropol
    │ Location     : Barracas, Capital Federal
    │ Job type     : full-time
    │ Salary       : (not listed)
    │ Industry     : Transporte
    │ Date posted  : 2026-09-03
    │ Deadline     : 2026-11-02
    │ External ID  : 75502D06F1732B53
    │ Description  : ¡Continuamos con la incorporación de Talentos! Para nuestra área de Transporte Público, estamos en búsqueda de un/a Jefe/a de Control de Gestión de RRHH.
Su misión, será la de liderar el control de ge…
    └───────────────────────────────────────────────────────
2026-09-27 13:44:58,101 DEBUG https://argentina.mimusjobs.com:443 "GET /wp-json/wp/v2/companies?slug=grupo-metropol HTTP/1.1" 200 None
2026-09-27 13:44:58,102 INFO ⏭ Company exists: Grupo Metropol
2026-09-27 13:44:58,798 DEBUG https://argentina.mimusjobs.com:443 "GET /wp-json/wp/v2/job-listings?slug=jefe-de-control-de-gesti-n-de-rrhh HTTP/1.1" 200 None
2026-09-27 13:44:58,890 DEBUG https://ii.ct-stc.com:443 "GET /5/logos/empresas/2023/08/15//grupo-metropol-s-a-201511thumbnail.png HTTP/1.1" 200 10907
2026-09-27 13:44:59,694 DEBUG https://argentina.mimusjobs.com:443 "POST /wp-json/wp/v2/media HTTP/1.1" 201 None
2026-09-27 13:45:01,449 DEBUG https://argentina.mimusjobs.com:443 "POST /wp-json/wp/v2/job-listings HTTP/1.1" 201 None
2026-09-27 13:45:01,449 INFO ✅ Job posted: 'Jefe de Control de Gestión de RRHH' → WP ID 33726
2026-09-27 13:45:01,450 INFO ✅ SUCCESS — 'Jefe de Control de Gestión de RRHH' → WP ID=33726 🔗 https://argentina.mimusjobs.com/job/jefe-de-control-de-gestion-de-rrhh-4/
2026-09-27 13:45:02,450 INFO ── https://ar.computrabajo.com/empleos-en-capital-federal | page 8 | job 17/20: https://ar.computrabajo.com/ofertas-de-trabajo/oferta-de-trabajo-de-una administrativoa de recepcion  laboratorio de analisis clinicos-en-retiro-F99697B9C4705CC961373E686DCF3405
2026-09-27 13:45:02,499 DEBUG https://ar.computrabajo.com:443 "GET /ofertas-de-trabajo/oferta-de-trabajo-de-una%C2%A0administrativoa%C2%A0de%C2%A0recepcion%C2%A0%C2%A0laboratorio%C2%A0de%C2%A0analisis%C2%A0clinicos-en-retiro-F99697B9C4705CC961373E686DCF3405 HTTP/1.1" 200 None
2026-09-27 13:45:02,503 DEBUG     GET https://ar.computrabajo.com/ofertas-de-trabajo/oferta-de-trabajo-de-una administrativoa de recepcion  laboratorio de analisis clinicos-en-retiro-F99697B9C4705CC961373E686DCF3405 → HTTP 200 (175,398 chars)
2026-09-27 13:45:02,565 INFO     ┌─ SCRAPED JOB ─────────────────────────────────────────
    │ URL          : https://ar.computrabajo.com/ofertas-de-trabajo/oferta-de-trabajo-de-una administrativoa de recepcion  laboratorio de analisis clinicos-en-retiro-F99697B9C4705CC961373E686DCF3405
    │ Title        : Un/a Administrativo/a de Recepción – Laboratorio de Análisis Clínicos
    │ Company      : Ecosistemas
    │ Location     : Retiro, Capital Federal
    │ Job type     : full-time
    │ Salary       : (not listed)
    │ Industry     : Informática / Software
    │ Date posted  : 2026-09-03
    │ Deadline     : 2026-11-02
    │ External ID  : 0E89F12838CBBF30
    │ Description  : Somos Ecosistemas Global, una compañía de tecnología que conecta a nuestros clientes con soluciones a medida, integrales e innovadoras. Operamos en más de 15 países, incluyendo Argentina, Chile, Brasi…
    └───────────────────────────────────────────────────────
2026-09-27 13:45:03,723 DEBUG https://argentina.mimusjobs.com:443 "GET /wp-json/wp/v2/companies?slug=ecosistemas HTTP/1.1" 200 None
2026-09-27 13:45:03,724 INFO ⏭ Company exists: Ecosistemas
2026-09-27 13:45:04,567 DEBUG https://argentina.mimusjobs.com:443 "GET /wp-json/wp/v2/job-listings?slug=un-a-administrativo-a-de-recepci-n---laboratorio-de-an-lisis-cl-nicos HTTP/1.1" 200 None
2026-09-27 13:45:04,578 DEBUG https://ii.ct-stc.com:443 "GET /5/logos/empresas/2025/08/21//ecosistemas144638thumbnail.jpeg HTTP/1.1" 200 22807
2026-09-27 13:45:05,567 DEBUG https://argentina.mimusjobs.com:443 "POST /wp-json/wp/v2/media HTTP/1.1" 201 None
2026-09-27 13:45:06,234 DEBUG https://argentina.mimusjobs.com:443 "GET /wp-json/wp/v2/job_listing_region?slug=retiro--capital-federal HTTP/1.1" 200 None
2026-09-27 13:45:08,011 DEBUG https://argentina.mimusjobs.com:443 "POST /wp-json/wp/v2/job-listings HTTP/1.1" 201 None
2026-09-27 13:45:08,012 INFO ✅ Job posted: 'Un/a Administrativo/a de Recepción – Laboratorio de Análisis Clínicos' → WP ID 33728
2026-09-27 13:45:08,012 INFO ✅ SUCCESS — 'Un/a Administrativo/a de Recepción – Laboratorio de Análisis Clínicos' → WP ID=33728 🔗 https://argentina.mimusjobs.com/job/un-a-administrativo-a-de-recepcion-laboratorio-de-analisis-clinicos-4/
2026-09-27 13:45:09,012 INFO ── https://ar.computrabajo.com/empleos-en-capital-federal | page 8 | job 18/20: https://ar.computrabajo.com/ofertas-de-trabajo/oferta-de-trabajo-de-acompanante-terapeuticoa-en-villa-del-parque-87F0FC1C7F28543061373E686DCF3405
2026-09-27 13:45:09,092 DEBUG https://ar.computrabajo.com:443 "GET /ofertas-de-trabajo/oferta-de-trabajo-de-acompanante-terapeuticoa-en-villa-del-parque-87F0FC1C7F28543061373E686DCF3405 HTTP/1.1" 200 None
2026-09-27 13:45:09,097 DEBUG     GET https://ar.computrabajo.com/ofertas-de-trabajo/oferta-de-trabajo-de-acompanante-terapeuticoa-en-villa-del-parque-87F0FC1C7F28543061373E686DCF3405 → HTTP 200 (167,901 chars)
2026-09-27 13:45:09,128 INFO     ┌─ SCRAPED JOB ─────────────────────────────────────────
    │ URL          : https://ar.computrabajo.com/ofertas-de-trabajo/oferta-de-trabajo-de-acompanante-terapeuticoa-en-villa-del-parque-87F0FC1C7F28543061373E686DCF3405
    │ Title        : Acompañante terapéutico/a
    │ Company      : Medincare Argentina S.A.
    │ Location     : Villa del Parque, Capital Federal
    │ Job type     : full-time
    │ Salary       : 2000 ARS
    │ Industry     : Salud / Medicina
    │ Date posted  : 2026-09-03
    │ Deadline     : 2026-11-02
    │ External ID  : A4CA3FBDC0EAFAE6
    │ Description  : ¡Medincare Argentina S.A. está en busca de un/a Acompañante Terapéutico/a dinámico y apasionado, para unirse a nuestro equipo. 
Responsabilidades:
- Proporcionar apoyo emocional y físico a los pacient…
    └───────────────────────────────────────────────────────
2026-09-27 13:45:10,270 DEBUG https://argentina.mimusjobs.com:443 "GET /wp-json/wp/v2/companies?slug=medincare-argentina-s-a- HTTP/1.1" 200 None
2026-09-27 13:45:10,270 INFO ⏭ Company exists: Medincare Argentina S.A.
2026-09-27 13:45:10,997 DEBUG https://argentina.mimusjobs.com:443 "GET /wp-json/wp/v2/job-listings?slug=acompa-ante-terap-utico-a HTTP/1.1" 200 None
2026-09-27 13:45:11,004 DEBUG https://ii.ct-stc.com:443 "GET /5/logos/empresas/2023/04/12//medincare154458thumbnail.png HTTP/1.1" 200 25179
2026-09-27 13:45:13,794 DEBUG https://argentina.mimusjobs.com:443 "POST /wp-json/wp/v2/media HTTP/1.1" 201 None
2026-09-27 13:45:15,823 DEBUG https://argentina.mimusjobs.com:443 "POST /wp-json/wp/v2/job-listings HTTP/1.1" 201 None
2026-09-27 13:45:15,823 INFO ✅ Job posted: 'Acompañante terapéutico/a' → WP ID 33730
2026-09-27 13:45:15,823 INFO ✅ SUCCESS — 'Acompañante terapéutico/a' → WP ID=33730 🔗 https://argentina.mimusjobs.com/job/acompanante-terapeutico-a-7/
2026-09-27 13:45:16,824 INFO ── https://ar.computrabajo.com/empleos-en-capital-federal | page 8 | job 19/20: https://ar.computrabajo.com/ofertas-de-trabajo/oferta-de-trabajo-de-operadora-de-atencion-al-cliente-en-floresta-7F0E7CE3FBE71C7761373E686DCF3405
2026-09-27 13:45:16,957 DEBUG https://ar.computrabajo.com:443 "GET /ofertas-de-trabajo/oferta-de-trabajo-de-operadora-de-atencion-al-cliente-en-floresta-7F0E7CE3FBE71C7761373E686DCF3405 HTTP/1.1" 200 None
2026-09-27 13:45:16,960 DEBUG     GET https://ar.computrabajo.com/ofertas-de-trabajo/oferta-de-trabajo-de-operadora-de-atencion-al-cliente-en-floresta-7F0E7CE3FBE71C7761373E686DCF3405 → HTTP 200 (159,195 chars)
2026-09-27 13:45:16,989 INFO     ┌─ SCRAPED JOB ─────────────────────────────────────────
    │ URL          : https://ar.computrabajo.com/ofertas-de-trabajo/oferta-de-trabajo-de-operadora-de-atencion-al-cliente-en-floresta-7F0E7CE3FBE71C7761373E686DCF3405
    │ Title        : Operador/a de atención al cliente
    │ Company      : Ayax
    │ Location     : Floresta, Capital Federal
    │ Job type     : full-time
    │ Salary       : (not listed)
    │ Industry     : Venta al consumidor
    │ Date posted  : 2026-09-03
    │ Deadline     : 2026-11-02
    │ External ID  : 493F28317442BC40
    │ Description  : ¡Súmate a una empresa líder en seguridad!
Estamos buscando nuevos talentos para incorporarse a nuestro equipo de Atención y Monitoreo.
Si te motiva brindar un servicio de calidad, resolver situaciones…
    └───────────────────────────────────────────────────────
2026-09-27 13:45:17,753 DEBUG https://argentina.mimusjobs.com:443 "GET /wp-json/wp/v2/companies?slug=ayax HTTP/1.1" 200 None
2026-09-27 13:45:17,753 INFO ⏭ Company exists: Ayax
2026-09-27 13:45:18,315 DEBUG https://argentina.mimusjobs.com:443 "GET /wp-json/wp/v2/job-listings?slug=operador-a-de-atenci-n-al-cliente HTTP/1.1" 200 None
2026-09-27 13:45:19,915 DEBUG https://argentina.mimusjobs.com:443 "POST /wp-json/wp/v2/job-listings HTTP/1.1" 201 None
2026-09-27 13:45:19,917 INFO ✅ Job posted: 'Operador/a de atención al cliente' → WP ID 33731
2026-09-27 13:45:19,917 INFO ✅ SUCCESS — 'Operador/a de atención al cliente' → WP ID=33731 🔗 https://argentina.mimusjobs.com/job/operador-a-de-atencion-al-cliente-4/
2026-09-27 13:45:20,917 INFO ── https://ar.computrabajo.com/empleos-en-capital-federal | page 8 | job 20/20: https://ar.computrabajo.com/ofertas-de-trabajo/oferta-de-trabajo-de-supervisor-de-cobranzas-caba-en-colegiales-C598F068117306C061373E686DCF3405
2026-09-27 13:45:20,970 DEBUG https://ar.computrabajo.com:443 "GET /ofertas-de-trabajo/oferta-de-trabajo-de-supervisor-de-cobranzas-caba-en-colegiales-C598F068117306C061373E686DCF3405 HTTP/1.1" 200 None
2026-09-27 13:45:20,973 DEBUG     GET https://ar.computrabajo.com/ofertas-de-trabajo/oferta-de-trabajo-de-supervisor-de-cobranzas-caba-en-colegiales-C598F068117306C061373E686DCF3405 → HTTP 200 (175,367 chars)
2026-09-27 13:45:21,010 INFO     ┌─ SCRAPED JOB ─────────────────────────────────────────
    │ URL          : https://ar.computrabajo.com/ofertas-de-trabajo/oferta-de-trabajo-de-supervisor-de-cobranzas-caba-en-colegiales-C598F068117306C061373E686DCF3405
    │ Title        : Supervisor de Cobranzas - Caba
    │ Company      : Ceta Capital Humano
    │ Location     : Colegiales, Capital Federal
    │ Job type     : full-time
    │ Salary       : 250000 ARS
    │ Industry     : RRHH / Personal
    │ Date posted  : 2026-09-11
    │ Deadline     : 2026-11-10
    │ External ID  : 6264F50F0A3B0A7D
    │ Description  : En Ceta Capital Humano, empresa de Grupo Ceta, nos encontramos en la búsqueda de un/a Supervisor/a de Cobranzas para incorporarse a una importante empresa ubicada en Capital Federal.
Buscamos un/a pro…
    └───────────────────────────────────────────────────────
2026-09-27 13:45:21,954 DEBUG https://argentina.mimusjobs.com:443 "GET /wp-json/wp/v2/companies?slug=ceta-capital-humano HTTP/1.1" 200 None
2026-09-27 13:45:21,955 INFO ⏭ Company exists: Ceta Capital Humano
2026-09-27 13:45:22,467 DEBUG https://argentina.mimusjobs.com:443 "GET /wp-json/wp/v2/job-listings?slug=supervisor-de-cobranzas---caba HTTP/1.1" 200 None
2026-09-27 13:45:22,467 INFO ⏭ Job already on WP: Supervisor de Cobranzas - Caba
2026-09-27 13:45:22,467 INFO ✅ SUCCESS — 'Supervisor de Cobranzas - Caba' → WP ID=22255 🔗 https://argentina.mimusjobs.com/job/supervisor-de-cobranzas-caba/
2026-09-27 13:45:23,468 INFO 📊 Running totals — posted: 160 | skipped: 0 | failed: 0
2026-09-27 13:45:23,468 INFO Fetching listing page 9: https://ar.computrabajo.com/empleos-en-capital-federal?p=9
2026-09-27 13:45:23,533 DEBUG https://ar.computrabajo.com:443 "GET /empleos-en-capital-federal?p=9 HTTP/1.1" 200 None
2026-09-27 13:45:23,539 DEBUG     GET https://ar.computrabajo.com/empleos-en-capital-federal?p=9 → HTTP 200 (331,908 chars)
2026-09-27 13:45:23,605 INFO Found 20 job URLs on page 9
2026-09-27 13:45:23,605 DEBUG     job 1: https://ar.computrabajo.com/ofertas-de-trabajo/oferta-de-trabajo-de-vigilador-zona-caba-en-villa-del-parque-46F927FC42DC695E61373E686DCF3405
2026-09-27 13:45:23,605 DEBUG     job 2: https://ar.computrabajo.com/ofertas-de-trabajo/oferta-de-trabajo-de-coordinadorra-de-housepeeking-para-importante-rental-req213435-eventual-en-retiro-D1D21014501E17D161373E686DCF3405
2026-09-27 13:45:23,605 DEBUG     job 3: https://ar.computrabajo.com/ofertas-de-trabajo/oferta-de-trabajo-de-porteria-y-control-en-barracas-6FBD199845D1235661373E686DCF3405
2026-09-27 13:45:23,605 DEBUG     job 4: https://ar.computrabajo.com/ofertas-de-trabajo/oferta-de-trabajo-de-asistentes-gerontologicas-con-cama-en-recoleta-BABBA84DDE9AB9BD61373E686DCF3405
2026-09-27 13:45:23,605 DEBUG     job 5: https://ar.computrabajo.com/ofertas-de-trabajo/oferta-de-trabajo-de-oficial-de-mantenimiento-edilicio-en-recoleta-54B6731C863D6E5961373E686DCF3405
2026-09-27 13:45:23,605 DEBUG     job 6: https://ar.computrabajo.com/ofertas-de-trabajo/oferta-de-trabajo-de-tecnico-instalacion-de-pantallas-led-en-monserrat-8849BF2675D011B061373E686DCF3405
2026-09-27 13:45:23,605 DEBUG     job 7: https://ar.computrabajo.com/ofertas-de-trabajo/oferta-de-trabajo-de-vigilador-armado-con-conocimientos-de-ingles-en-palermo-118ED987E07AD22F61373E686DCF3405
2026-09-27 13:45:23,605 DEBUG     job 8: https://ar.computrabajo.com/ofertas-de-trabajo/oferta-de-trabajo-de-ejecutivo-comercial-rubro-hoteleria-en-san-nicolas-9C006AC1B8B5FB9961373E686DCF3405
2026-09-27 13:45:23,605 DEBUG     job 9: https://ar.computrabajo.com/ofertas-de-trabajo/oferta-de-trabajo-de-panadero-cadena-de-confiterias-zona-parque-patricios-en-parque-patricios-FFBB807146B1CB5061373E686DCF3405
2026-09-27 13:45:23,605 DEBUG     job 10: https://ar.computrabajo.com/ofertas-de-trabajo/oferta-de-trabajo-de-operario-eventual-para-cabina-de-pintura-de-piezas-metalicas-con-experiencia-similar-excluyente-zona-caba-en-parque-avellaneda-1D53152EE5D760F761373E686DCF3405
2026-09-27 13:45:23,605 DEBUG     job 11: https://ar.computrabajo.com/ofertas-de-trabajo/oferta-de-trabajo-de-administracion-de-personal-junior-en-puerto-madero-F730EAE92E02137F61373E686DCF3405
2026-09-27 13:45:23,606 DEBUG     job 12: https://ar.computrabajo.com/ofertas-de-trabajo/oferta-de-trabajo-de-1360cc-ingeniero-electrico-junior-graduado-empresa-de-soluciones-electricas-zona-munro-en-belgrano-BB3B7AA7349DF06261373E686DCF3405
2026-09-27 13:45:23,606 DEBUG     job 13: https://ar.computrabajo.com/ofertas-de-trabajo/oferta-de-trabajo-de-camarero-camarera-tn-en-puerto-madero-10BC77361285DB4F61373E686DCF3405
2026-09-27 13:45:23,606 DEBUG     job 14: https://ar.computrabajo.com/ofertas-de-trabajo/oferta-de-trabajo-de-analista-sap-mm-sr-en-parque-patricios-ED2A2E52B3F3AC4D61373E686DCF3405
2026-09-27 13:45:23,606 DEBUG     job 15: https://ar.computrabajo.com/ofertas-de-trabajo/oferta-de-trabajo-de-personal-obras-caba-en-chacarita-103D9B5B219D513A61373E686DCF3405
2026-09-27 13:45:23,606 DEBUG     job 16: https://ar.computrabajo.com/ofertas-de-trabajo/oferta-de-trabajo-de-operario-metalurgico-en-villa-devoto-39B970387A0DEC4761373E686DCF3405
2026-09-27 13:45:23,606 DEBUG     job 17: https://ar.computrabajo.com/ofertas-de-trabajo/oferta-de-trabajo-de-vendedores-y-cajeros-en-san-nicolas-DB8FF8D410FE7CEB61373E686DCF3405
2026-09-27 13:45:23,606 DEBUG     job 18: https://ar.computrabajo.com/ofertas-de-trabajo/oferta-de-trabajo-de-analista-de-cuentas-corrientes-en-nunez-1656BC1E8C31D03461373E686DCF3405
2026-09-27 13:45:23,606 DEBUG     job 19: https://ar.computrabajo.com/ofertas-de-trabajo/oferta-de-trabajo-de-asesor-comercial-negocio-inmobiliario-en-caballito-10F42633EF93586561373E686DCF3405
2026-09-27 13:45:23,606 DEBUG     job 20: https://ar.computrabajo.com/ofertas-de-trabajo/oferta-de-trabajo-de-controller-en-palermo-7ABB36C5390DD1A461373E686DCF3405
2026-09-27 13:45:23,606 INFO ── https://ar.computrabajo.com/empleos-en-capital-federal | page 9 | job 1/20: https://ar.computrabajo.com/ofertas-de-trabajo/oferta-de-trabajo-de-vigilador-zona-caba-en-villa-del-parque-46F927FC42DC695E61373E686DCF3405
2026-09-27 13:45:23,666 DEBUG https://ar.computrabajo.com:443 "GET /ofertas-de-trabajo/oferta-de-trabajo-de-vigilador-zona-caba-en-villa-del-parque-46F927FC42DC695E61373E686DCF3405 HTTP/1.1" 200 None
2026-09-27 13:45:23,669 DEBUG     GET https://ar.computrabajo.com/ofertas-de-trabajo/oferta-de-trabajo-de-vigilador-zona-caba-en-villa-del-parque-46F927FC42DC695E61373E686DCF3405 → HTTP 200 (162,062 chars)
2026-09-27 13:45:23,698 INFO     ┌─ SCRAPED JOB ─────────────────────────────────────────
    │ URL          : https://ar.computrabajo.com/ofertas-de-trabajo/oferta-de-trabajo-de-vigilador-zona-caba-en-villa-del-parque-46F927FC42DC695E61373E686DCF3405
    │ Title        : Vigilador - Zona CABA
    │ Company      : Koner Seguridad S.A.
    │ Location     : Villa del Parque, Capital Federal
    │ Job type     : full-time
    │ Salary       : (not listed)
    │ Industry     : Servicios Profesionales
    │ Date posted  : 2026-09-11
    │ Deadline     : 2026-11-10
    │ External ID  : 6E014809EDA54E53
    │ Description  : En Koner Seguridad nos encontramos en la búsqueda de Vigiladores/as con experiencia, para desempeñarse en servicio ubicado en Abasto.
Nos orientamos a perfiles con experiencia comprobable en vigilanci…
    └───────────────────────────────────────────────────────
2026-09-27 13:45:24,613 DEBUG https://argentina.mimusjobs.com:443 "GET /wp-json/wp/v2/companies?slug=koner-seguridad-s-a- HTTP/1.1" 200 None
2026-09-27 13:45:24,614 INFO ⏭ Company exists: Koner Seguridad S.A.
2026-09-27 13:45:25,563 DEBUG https://argentina.mimusjobs.com:443 "GET /wp-json/wp/v2/job-listings?slug=vigilador---zona-caba HTTP/1.1" 200 None
2026-09-27 13:45:25,563 INFO ⏭ Job already on WP: Vigilador - Zona CABA
2026-09-27 13:45:25,564 INFO ✅ SUCCESS — 'Vigilador - Zona CABA' → WP ID=22397 🔗 https://argentina.mimusjobs.com/job/vigilador-zona-caba/
2026-09-27 13:45:26,564 INFO ── https://ar.computrabajo.com/empleos-en-capital-federal | page 9 | job 2/20: https://ar.computrabajo.com/ofertas-de-trabajo/oferta-de-trabajo-de-coordinadorra-de-housepeeking-para-importante-rental-req213435-eventual-en-retiro-D1D21014501E17D161373E686DCF3405
2026-09-27 13:45:26,613 DEBUG https://ar.computrabajo.com:443 "GET /ofertas-de-trabajo/oferta-de-trabajo-de-coordinadorra-de-housepeeking-para-importante-rental-req213435-eventual-en-retiro-D1D21014501E17D161373E686DCF3405 HTTP/1.1" 200 None
2026-09-27 13:45:26,616 DEBUG     GET https://ar.computrabajo.com/ofertas-de-trabajo/oferta-de-trabajo-de-coordinadorra-de-housepeeking-para-importante-rental-req213435-eventual-en-retiro-D1D21014501E17D161373E686DCF3405 → HTTP 200 (176,110 chars)
2026-09-27 13:45:26,653 INFO     ┌─ SCRAPED JOB ─────────────────────────────────────────
    │ URL          : https://ar.computrabajo.com/ofertas-de-trabajo/oferta-de-trabajo-de-coordinadorra-de-housepeeking-para-importante-rental-req213435-eventual-en-retiro-D1D21014501E17D161373E686DCF3405
    │ Title        : Coordinador/ra de housepeeking para importante rental. req213435 - Eventual
    │ Company      : ManpowerGroup
    │ Location     : Retiro, Capital Federal
    │ Job type     : temporary
    │ Salary       : (not listed)
    │ Industry     : RRHH / Personal
    │ Date posted  : 2026-09-19
    │ Deadline     : 2026-11-18
    │ External ID  : 952783DB644957D2
    │ Description  : ¡Únete a nuestro equipo como mucama/o eventual con experiencia en hotelería!
Importante Hotel 5 estrellas se encuentra en la búsqueda de COORDINADOR/RA DE HOUSEPEEKING para imporante rental en CABA  p…
    └───────────────────────────────────────────────────────
2026-09-27 13:45:27,418 DEBUG https://argentina.mimusjobs.com:443 "GET /wp-json/wp/v2/companies?slug=manpowergroup HTTP/1.1" 200 None
2026-09-27 13:45:27,419 INFO ⏭ Company exists: ManpowerGroup
2026-09-27 13:45:28,089 DEBUG https://argentina.mimusjobs.com:443 "GET /wp-json/wp/v2/job-listings?slug=coordinador-ra-de-housepeeking-para-importante-rental--req213435---eventual HTTP/1.1" 200 None
2026-09-27 13:45:28,090 INFO ⏭ Job already on WP: Coordinador/ra de housepeeking para importante rental. req213435 - Eventual
2026-09-27 13:45:28,090 INFO ✅ SUCCESS — 'Coordinador/ra de housepeeking para importante rental. req213435 - Eventual' → WP ID=21391 🔗 https://argentina.mimusjobs.com/job/coordinador-ra-de-housepeeking-para-importante-rental-req213435-eventual/
2026-09-27 13:45:29,090 INFO ── https://ar.computrabajo.com/empleos-en-capital-federal | page 9 | job 3/20: https://ar.computrabajo.com/ofertas-de-trabajo/oferta-de-trabajo-de-porteria-y-control-en-barracas-6FBD199845D1235661373E686DCF3405
2026-09-27 13:45:29,145 DEBUG https://ar.computrabajo.com:443 "GET /ofertas-de-trabajo/oferta-de-trabajo-de-porteria-y-control-en-barracas-6FBD199845D1235661373E686DCF3405 HTTP/1.1" 200 None
2026-09-27 13:45:29,148 DEBUG     GET https://ar.computrabajo.com/ofertas-de-trabajo/oferta-de-trabajo-de-porteria-y-control-en-barracas-6FBD199845D1235661373E686DCF3405 → HTTP 200 (174,299 chars)
2026-09-27 13:45:29,182 INFO     ┌─ SCRAPED JOB ─────────────────────────────────────────
    │ URL          : https://ar.computrabajo.com/ofertas-de-trabajo/oferta-de-trabajo-de-porteria-y-control-en-barracas-6FBD199845D1235661373E686DCF3405
    │ Title        : Portería y Control
    │ Company      : Flecha Bus
    │ Location     : Barracas, Capital Federal
    │ Job type     : full-time
    │ Salary       : (not listed)
    │ Industry     : Transporte
    │ Date posted  : 2026-09-03
    │ Deadline     : 2026-11-02
    │ External ID  : FD3E7A2D76D722B3
    │ Description  : En Grupo Flecha nos encontramos en la búsqueda de un/a colaborador/a para sumarse al equipo de Portería y Control para trabajar en nuestros predios ubicados en CABA.
Principales responsabilidades:
Ver…
    └───────────────────────────────────────────────────────
2026-09-27 13:45:29,817 DEBUG https://argentina.mimusjobs.com:443 "GET /wp-json/wp/v2/companies?slug=flecha-bus HTTP/1.1" 200 None
2026-09-27 13:45:29,818 INFO ⏭ Company exists: Flecha Bus
2026-09-27 13:45:30,444 DEBUG https://argentina.mimusjobs.com:443 "GET /wp-json/wp/v2/job-listings?slug=porter-a-y-control HTTP/1.1" 200 None
2026-09-27 13:45:30,452 DEBUG https://ii.ct-stc.com:443 "GET /5/logos/empresas/2016/06/23/flecha-bus-FD3E7A2D76D722B3thumbnail.jpeg HTTP/1.1" 200 2884
2026-09-27 13:45:31,377 DEBUG https://argentina.mimusjobs.com:443 "POST /wp-json/wp/v2/media HTTP/1.1" 201 None
2026-09-27 13:45:32,644 DEBUG https://argentina.mimusjobs.com:443 "POST /wp-json/wp/v2/job-listings HTTP/1.1" 201 None
2026-09-27 13:45:32,644 INFO ✅ Job posted: 'Portería y Control' → WP ID 33733
2026-09-27 13:45:32,645 INFO ✅ SUCCESS — 'Portería y Control' → WP ID=33733 🔗 https://argentina.mimusjobs.com/job/porteria-y-control-4/
2026-09-27 13:45:33,645 INFO ── https://ar.computrabajo.com/empleos-en-capital-federal | page 9 | job 4/20: https://ar.computrabajo.com/ofertas-de-trabajo/oferta-de-trabajo-de-asistentes-gerontologicas-con-cama-en-recoleta-BABBA84DDE9AB9BD61373E686DCF3405
2026-09-27 13:45:33,701 DEBUG https://ar.computrabajo.com:443 "GET /ofertas-de-trabajo/oferta-de-trabajo-de-asistentes-gerontologicas-con-cama-en-recoleta-BABBA84DDE9AB9BD61373E686DCF3405 HTTP/1.1" 200 None
2026-09-27 13:45:33,704 DEBUG     GET https://ar.computrabajo.com/ofertas-de-trabajo/oferta-de-trabajo-de-asistentes-gerontologicas-con-cama-en-recoleta-BABBA84DDE9AB9BD61373E686DCF3405 → HTTP 200 (148,383 chars)
2026-09-27 13:45:33,729 WARNING No JobPosting JSON-LD found, using HTML fallback: https://ar.computrabajo.com/ofertas-de-trabajo/oferta-de-trabajo-de-asistentes-gerontologicas-con-cama-en-recoleta-BABBA84DDE9AB9BD61373E686DCF3405
2026-09-27 13:45:33,730 INFO     ┌─ SCRAPED JOB ─────────────────────────────────────────
    │ URL          : https://ar.computrabajo.com/ofertas-de-trabajo/oferta-de-trabajo-de-asistentes-gerontologicas-con-cama-en-recoleta-BABBA84DDE9AB9BD61373E686DCF3405
    │ Title        : Asistentes Gerontológicas con cama
    │ Company      : Importante empresa del sector
    │ Location     : Recoleta, Capital Federal
    │ Job type     : full-time
    │ Salary       : A convenir ARS
    │ Industry     : (none)
    │ Date posted  : (unknown)
    │ Deadline     : (estimated: )
    │ External ID  : (none)
    │ Description  : Importante empresa líder del sector de salud, busca personal Con cama (Sin retiro) para el cuidado de pacientes con distintas patologías en DOMICILIO. 

Turnos Con cama (Sin retiro): 
Viernes a Doming…
    └───────────────────────────────────────────────────────
2026-09-27 13:45:34,783 DEBUG https://argentina.mimusjobs.com:443 "GET /wp-json/wp/v2/companies?slug=importante-empresa-del-sector HTTP/1.1" 200 None
2026-09-27 13:45:34,783 INFO ⏭ Company exists: Importante empresa del sector
2026-09-27 13:45:35,609 DEBUG https://argentina.mimusjobs.com:443 "GET /wp-json/wp/v2/job-listings?slug=asistentes-gerontol-gicas-con-cama HTTP/1.1" 200 None
2026-09-27 13:45:37,440 DEBUG https://argentina.mimusjobs.com:443 "POST /wp-json/wp/v2/job-listings HTTP/1.1" 201 None
2026-09-27 13:45:37,440 INFO ✅ Job posted: 'Asistentes Gerontológicas con cama' → WP ID 33734
2026-09-27 13:45:37,441 INFO ✅ SUCCESS — 'Asistentes Gerontológicas con cama' → WP ID=33734 🔗 https://argentina.mimusjobs.com/job/asistentes-gerontologicas-con-cama-4/
2026-09-27 13:45:38,441 INFO ── https://ar.computrabajo.com/empleos-en-capital-federal | page 9 | job 5/20: https://ar.computrabajo.com/ofertas-de-trabajo/oferta-de-trabajo-de-oficial-de-mantenimiento-edilicio-en-recoleta-54B6731C863D6E5961373E686DCF3405
2026-09-27 13:45:38,526 DEBUG https://ar.computrabajo.com:443 "GET /ofertas-de-trabajo/oferta-de-trabajo-de-oficial-de-mantenimiento-edilicio-en-recoleta-54B6731C863D6E5961373E686DCF3405 HTTP/1.1" 200 None
2026-09-27 13:45:38,529 DEBUG     GET https://ar.computrabajo.com/ofertas-de-trabajo/oferta-de-trabajo-de-oficial-de-mantenimiento-edilicio-en-recoleta-54B6731C863D6E5961373E686DCF3405 → HTTP 200 (167,609 chars)
2026-09-27 13:45:38,562 INFO     ┌─ SCRAPED JOB ─────────────────────────────────────────
    │ URL          : https://ar.computrabajo.com/ofertas-de-trabajo/oferta-de-trabajo-de-oficial-de-mantenimiento-edilicio-en-recoleta-54B6731C863D6E5961373E686DCF3405
    │ Title        : Oficial de mantenimiento edilicio
    │ Company      : Medicus S.A.
    │ Location     : Recoleta, Capital Federal
    │ Job type     : full-time
    │ Salary       : (not listed)
    │ Industry     : Salud / Medicina
    │ Date posted  : 2026-09-11
    │ Deadline     : 2026-11-10
    │ External ID  : C10D474E32D85863
    │ Description  : Nos encontramos en la búsqueda de Oficial de Mantenimiento para nuestros Centros Medicus ubicados en CABA
Sus principales responsabilidades serán el mantenimiento preventivo y correctivo de la estruct…
    └───────────────────────────────────────────────────────
2026-09-27 13:45:39,552 DEBUG https://argentina.mimusjobs.com:443 "GET /wp-json/wp/v2/companies?slug=medicus-s-a- HTTP/1.1" 200 None
2026-09-27 13:45:39,553 INFO ⏭ Company exists: Medicus S.A.
2026-09-27 13:45:40,422 DEBUG https://argentina.mimusjobs.com:443 "GET /wp-json/wp/v2/job-listings?slug=oficial-de-mantenimiento-edilicio HTTP/1.1" 200 None
2026-09-27 13:45:40,422 INFO ⏭ Job already on WP: Oficial de mantenimiento edilicio
2026-09-27 13:45:40,422 INFO ✅ SUCCESS — 'Oficial de mantenimiento edilicio' → WP ID=22420 🔗 https://argentina.mimusjobs.com/job/oficial-de-mantenimiento-edilicio/
2026-09-27 13:45:41,423 INFO ── https://ar.computrabajo.com/empleos-en-capital-federal | page 9 | job 6/20: https://ar.computrabajo.com/ofertas-de-trabajo/oferta-de-trabajo-de-tecnico-instalacion-de-pantallas-led-en-monserrat-8849BF2675D011B061373E686DCF3405
2026-09-27 13:45:41,485 DEBUG https://ar.computrabajo.com:443 "GET /ofertas-de-trabajo/oferta-de-trabajo-de-tecnico-instalacion-de-pantallas-led-en-monserrat-8849BF2675D011B061373E686DCF3405 HTTP/1.1" 200 None
2026-09-27 13:45:41,488 DEBUG     GET https://ar.computrabajo.com/ofertas-de-trabajo/oferta-de-trabajo-de-tecnico-instalacion-de-pantallas-led-en-monserrat-8849BF2675D011B061373E686DCF3405 → HTTP 200 (170,036 chars)
2026-09-27 13:45:41,523 INFO     ┌─ SCRAPED JOB ─────────────────────────────────────────
    │ URL          : https://ar.computrabajo.com/ofertas-de-trabajo/oferta-de-trabajo-de-tecnico-instalacion-de-pantallas-led-en-monserrat-8849BF2675D011B061373E686DCF3405
    │ Title        : Técnico - Instalación de pantallas LED
    │ Company      : Multiled
    │ Location     : Monserrat, Capital Federal
    │ Job type     : full-time
    │ Salary       : 9999 ARS
    │ Industry     : Fabricación
    │ Date posted  : 2026-09-11
    │ Deadline     : 2026-11-10
    │ External ID  : 144E9CB1327BA884
    │ Description  : En MULTILED, líderes en soluciones visuales de alta tecnología, seguimos creciendo. Buscamos perfiles proactivos y apasionados por la tecnología para integrarse a nuestro equipo de Instalación en la c…
    └───────────────────────────────────────────────────────
2026-09-27 13:45:42,544 DEBUG https://argentina.mimusjobs.com:443 "GET /wp-json/wp/v2/companies?slug=multiled HTTP/1.1" 200 None
2026-09-27 13:45:42,544 INFO ⏭ Company exists: Multiled
2026-09-27 13:45:43,200 DEBUG https://argentina.mimusjobs.com:443 "GET /wp-json/wp/v2/job-listings?slug=t-cnico---instalaci-n-de-pantallas-led HTTP/1.1" 200 None
2026-09-27 13:45:43,279 DEBUG https://ii.ct-stc.com:443 "GET /5/logos/empresas/2017/12/13/multiled-144E9CB1327BA884151727thumbnail.png HTTP/1.1" 200 11377
2026-09-27 13:45:44,046 DEBUG https://argentina.mimusjobs.com:443 "POST /wp-json/wp/v2/media HTTP/1.1" 201 None
2026-09-27 13:45:45,671 DEBUG https://argentina.mimusjobs.com:443 "POST /wp-json/wp/v2/job-listings HTTP/1.1" 201 None
2026-09-27 13:45:45,671 INFO ✅ Job posted: 'Técnico - Instalación de pantallas LED' → WP ID 33736
2026-09-27 13:45:45,672 INFO ✅ SUCCESS — 'Técnico - Instalación de pantallas LED' → WP ID=33736 🔗 https://argentina.mimusjobs.com/job/tecnico-instalacion-de-pantallas-led-5/
2026-09-27 13:45:46,672 INFO ── https://ar.computrabajo.com/empleos-en-capital-federal | page 9 | job 7/20: https://ar.computrabajo.com/ofertas-de-trabajo/oferta-de-trabajo-de-vigilador-armado-con-conocimientos-de-ingles-en-palermo-118ED987E07AD22F61373E686DCF3405
2026-09-27 13:45:46,736 DEBUG https://ar.computrabajo.com:443 "GET /ofertas-de-trabajo/oferta-de-trabajo-de-vigilador-armado-con-conocimientos-de-ingles-en-palermo-118ED987E07AD22F61373E686DCF3405 HTTP/1.1" 200 None
2026-09-27 13:45:46,738 DEBUG     GET https://ar.computrabajo.com/ofertas-de-trabajo/oferta-de-trabajo-de-vigilador-armado-con-conocimientos-de-ingles-en-palermo-118ED987E07AD22F61373E686DCF3405 → HTTP 200 (166,297 chars)
2026-09-27 13:45:46,770 INFO     ┌─ SCRAPED JOB ─────────────────────────────────────────
    │ URL          : https://ar.computrabajo.com/ofertas-de-trabajo/oferta-de-trabajo-de-vigilador-armado-con-conocimientos-de-ingles-en-palermo-118ED987E07AD22F61373E686DCF3405
    │ Title        : Vigilador Armado con Conocimientos de Ingles
    │ Company      : G4S Argentina
    │ Location     : Palermo, Capital Federal
    │ Job type     : full-time
    │ Salary       : (not listed)
    │ Industry     : Servicios Profesionales
    │ Date posted  : 2026-08-26
    │ Deadline     : 2026-10-25
    │ External ID  : 2600CB54888CECAC
    │ Description  : G4S An Allied Universal Company líder mundial en el diseño y operación de soluciones integradas de seguridad, con presencia mundial y más de 50 años de trayectoria local y operaciones en todo el país …
    └───────────────────────────────────────────────────────
2026-09-27 13:45:47,462 DEBUG https://argentina.mimusjobs.com:443 "GET /wp-json/wp/v2/companies?slug=g4s-argentina HTTP/1.1" 200 None
2026-09-27 13:45:47,463 INFO ⏭ Company exists: G4S Argentina
2026-09-27 13:45:48,172 DEBUG https://argentina.mimusjobs.com:443 "GET /wp-json/wp/v2/job-listings?slug=vigilador-armado-con-conocimientos-de-ingles HTTP/1.1" 200 None
2026-09-27 13:45:48,172 INFO ⏭ Job already on WP: Vigilador Armado con Conocimientos de Ingles
2026-09-27 13:45:48,173 INFO ✅ SUCCESS — 'Vigilador Armado con Conocimientos de Ingles' → WP ID=22432 🔗 https://argentina.mimusjobs.com/job/vigilador-armado-con-conocimientos-de-ingles/
2026-09-27 13:45:49,173 INFO ── https://ar.computrabajo.com/empleos-en-capital-federal | page 9 | job 8/20: https://ar.computrabajo.com/ofertas-de-trabajo/oferta-de-trabajo-de-ejecutivo-comercial-rubro-hoteleria-en-san-nicolas-9C006AC1B8B5FB9961373E686DCF3405
2026-09-27 13:45:49,182 DEBUG https://ar.computrabajo.com:443 "GET /ofertas-de-trabajo/oferta-de-trabajo-de-ejecutivo-comercial-rubro-hoteleria-en-san-nicolas-9C006AC1B8B5FB9961373E686DCF3405 HTTP/1.1" 200 None
2026-09-27 13:45:49,184 DEBUG     GET https://ar.computrabajo.com/ofertas-de-trabajo/oferta-de-trabajo-de-ejecutivo-comercial-rubro-hoteleria-en-san-nicolas-9C006AC1B8B5FB9961373E686DCF3405 → HTTP 200 (167,527 chars)
2026-09-27 13:45:49,216 INFO     ┌─ SCRAPED JOB ─────────────────────────────────────────
    │ URL          : https://ar.computrabajo.com/ofertas-de-trabajo/oferta-de-trabajo-de-ejecutivo-comercial-rubro-hoteleria-en-san-nicolas-9C006AC1B8B5FB9961373E686DCF3405
    │ Title        : Ejecutivo Comercial Rubro Hotelería
    │ Company      : Pedraza Viajes y Turismo SA
    │ Location     : San Nicolás, Capital Federal
    │ Job type     : full-time
    │ Salary       : 2000 ARS
    │ Industry     : Hostelería / Turismo
    │ Date posted  : 2026-08-11
    │ Deadline     : 2026-10-10
    │ External ID  : 179F47CE3B96DD19
    │ Description  : Buscamos un/a profesional orientado/a a resultados, con fuerte perfil comercial y experiencia en la venta de espacios para eventos corporativos, congresos, conferencias y exposiciones dentro del rubro…
    └───────────────────────────────────────────────────────
2026-09-27 13:45:49,996 DEBUG https://argentina.mimusjobs.com:443 "GET /wp-json/wp/v2/companies?slug=pedraza-viajes-y-turismo-sa HTTP/1.1" 200 None
2026-09-27 13:45:49,997 INFO ⏭ Company exists: Pedraza Viajes y Turismo SA
2026-09-27 13:45:51,057 DEBUG https://argentina.mimusjobs.com:443 "GET /wp-json/wp/v2/job-listings?slug=ejecutivo-comercial-rubro-hoteler-a HTTP/1.1" 200 None
2026-09-27 13:45:52,486 DEBUG https://argentina.mimusjobs.com:443 "POST /wp-json/wp/v2/job-listings HTTP/1.1" 201 None
2026-09-27 13:45:52,486 INFO ✅ Job posted: 'Ejecutivo Comercial Rubro Hotelería' → WP ID 33737
2026-09-27 13:45:52,487 INFO ✅ SUCCESS — 'Ejecutivo Comercial Rubro Hotelería' → WP ID=33737 🔗 https://argentina.mimusjobs.com/job/ejecutivo-comercial-rubro-hoteleria-5/
2026-09-27 13:45:53,487 INFO ── https://ar.computrabajo.com/empleos-en-capital-federal | page 9 | job 9/20: https://ar.computrabajo.com/ofertas-de-trabajo/oferta-de-trabajo-de-panadero-cadena-de-confiterias-zona-parque-patricios-en-parque-patricios-FFBB807146B1CB5061373E686DCF3405
2026-09-27 13:45:53,540 DEBUG https://ar.computrabajo.com:443 "GET /ofertas-de-trabajo/oferta-de-trabajo-de-panadero-cadena-de-confiterias-zona-parque-patricios-en-parque-patricios-FFBB807146B1CB5061373E686DCF3405 HTTP/1.1" 200 None
2026-09-27 13:45:53,543 DEBUG     GET https://ar.computrabajo.com/ofertas-de-trabajo/oferta-de-trabajo-de-panadero-cadena-de-confiterias-zona-parque-patricios-en-parque-patricios-FFBB807146B1CB5061373E686DCF3405 → HTTP 200 (160,481 chars)
2026-09-27 13:45:53,572 INFO     ┌─ SCRAPED JOB ─────────────────────────────────────────
    │ URL          : https://ar.computrabajo.com/ofertas-de-trabajo/oferta-de-trabajo-de-panadero-cadena-de-confiterias-zona-parque-patricios-en-parque-patricios-FFBB807146B1CB5061373E686DCF3405
    │ Title        : Panadero - Cadena de Confiterías Zona Parque Patricios
    │ Company      : Rodriguez Casey Consultores
    │ Location     : Parque Patricios, Capital Federal
    │ Job type     : full-time
    │ Salary       : 1200000 ARS
    │ Industry     : RRHH / Personal
    │ Date posted  : 2026-09-03
    │ Deadline     : 2026-11-02
    │ External ID  : E6F89763CBE2ABBC
    │ Description  : Estamos en búsqueda de un Panadero para desempeñarse en la fábrica de una reconocida cadena de panadería y pastelería. Es requisito contar con estudios secundarios completos, formación específica en p…
    └───────────────────────────────────────────────────────
2026-09-27 13:45:54,328 DEBUG https://argentina.mimusjobs.com:443 "GET /wp-json/wp/v2/companies?slug=rodriguez-casey-consultores HTTP/1.1" 200 None
2026-09-27 13:45:54,329 INFO ⏭ Company exists: Rodriguez Casey Consultores
2026-09-27 13:45:55,126 DEBUG https://argentina.mimusjobs.com:443 "GET /wp-json/wp/v2/job-listings?slug=panadero---cadena-de-confiter-as-zona-parque-patricios HTTP/1.1" 200 None
2026-09-27 13:45:56,474 DEBUG https://argentina.mimusjobs.com:443 "POST /wp-json/wp/v2/job-listings HTTP/1.1" 201 None
2026-09-27 13:45:56,475 INFO ✅ Job posted: 'Panadero - Cadena de Confiterías Zona Parque Patricios' → WP ID 33738
2026-09-27 13:45:56,475 INFO ✅ SUCCESS — 'Panadero - Cadena de Confiterías Zona Parque Patricios' → WP ID=33738 🔗 https://argentina.mimusjobs.com/job/panadero-cadena-de-confiterias-zona-parque-patricios-4/
2026-09-27 13:45:57,475 INFO ── https://ar.computrabajo.com/empleos-en-capital-federal | page 9 | job 10/20: https://ar.computrabajo.com/ofertas-de-trabajo/oferta-de-trabajo-de-operario-eventual-para-cabina-de-pintura-de-piezas-metalicas-con-experiencia-similar-excluyente-zona-caba-en-parque-avellaneda-1D53152EE5D760F761373E686DCF3405
2026-09-27 13:45:57,525 DEBUG https://ar.computrabajo.com:443 "GET /ofertas-de-trabajo/oferta-de-trabajo-de-operario-eventual-para-cabina-de-pintura-de-piezas-metalicas-con-experiencia-similar-excluyente-zona-caba-en-parque-avellaneda-1D53152EE5D760F761373E686DCF3405 HTTP/1.1" 200 None
2026-09-27 13:45:57,528 DEBUG     GET https://ar.computrabajo.com/ofertas-de-trabajo/oferta-de-trabajo-de-operario-eventual-para-cabina-de-pintura-de-piezas-metalicas-con-experiencia-similar-excluyente-zona-caba-en-parque-avellaneda-1D53152EE5D760F761373E686DCF3405 → HTTP 200 (167,884 chars)
2026-09-27 13:45:57,590 INFO     ┌─ SCRAPED JOB ─────────────────────────────────────────
    │ URL          : https://ar.computrabajo.com/ofertas-de-trabajo/oferta-de-trabajo-de-operario-eventual-para-cabina-de-pintura-de-piezas-metalicas-con-experiencia-similar-excluyente-zona-caba-en-parque-avellaneda-1D53152EE5D760F761373E686DCF3405
    │ Title        : Operario eventual para cabina de pintura de piezas metálicas, con experiencia similar (excluyente) - zona CABA
    │ Company      : Con Mor SRL
    │ Location     : Parque Avellaneda, Capital Federal
    │ Job type     : full-time
    │ Salary       : (not listed)
    │ Industry     : Servicios Profesionales
    │ Date posted  : 2026-08-26
    │ Deadline     : 2026-10-25
    │ External ID  : 42E1A19544C1E6E1
    │ Description  : Importante empresa metalúrgica en CABA incorpora OPERARIO PARA CABINA DE PINTURA. 
***Solo postular si tiene experiencia en pintura en cabina en metalúrgica (si no no será tenido en cuenta)***
Requisi…
    └───────────────────────────────────────────────────────
2026-09-27 13:45:58,301 DEBUG https://argentina.mimusjobs.com:443 "GET /wp-json/wp/v2/companies?slug=con-mor-srl HTTP/1.1" 200 None
2026-09-27 13:45:58,302 INFO ⏭ Company exists: Con Mor SRL
2026-09-27 13:45:59,196 DEBUG https://argentina.mimusjobs.com:443 "GET /wp-json/wp/v2/job-listings?slug=operario-eventual-para-cabina-de-pintura-de-piezas-met-licas--con-experiencia-si HTTP/1.1" 200 None
2026-09-27 13:45:59,202 DEBUG https://ii.ct-stc.com:443 "GET /5/logos/empresas/2016/05/25/con-mor-srl-42E1A19544C1E6E1thumbnail.png HTTP/1.1" 200 3073
2026-09-27 13:46:00,359 DEBUG https://argentina.mimusjobs.com:443 "POST /wp-json/wp/v2/media HTTP/1.1" 201 None
2026-09-27 13:46:01,153 DEBUG https://argentina.mimusjobs.com:443 "GET /wp-json/wp/v2/job_listing_region?slug=parque-avellaneda--capital-federal HTTP/1.1" 200 None
2026-09-27 13:46:02,832 DEBUG https://argentina.mimusjobs.com:443 "POST /wp-json/wp/v2/job-listings HTTP/1.1" 201 None
2026-09-27 13:46:02,833 INFO ✅ Job posted: 'Operario eventual para cabina de pintura de piezas metálicas, con experiencia similar (excluyente) - zona CABA' → WP ID 33740
2026-09-27 13:46:02,833 INFO ✅ SUCCESS — 'Operario eventual para cabina de pintura de piezas metálicas, con experiencia similar (excluyente) - zona CABA' → WP ID=33740 🔗 https://argentina.mimusjobs.com/job/operario-eventual-para-cabina-de-pintura-de-piezas-metalicas-con-experiencia-similar-excluyente-zona-caba-4/
2026-09-27 13:46:03,833 INFO ── https://ar.computrabajo.com/empleos-en-capital-federal | page 9 | job 11/20: https://ar.computrabajo.com/ofertas-de-trabajo/oferta-de-trabajo-de-administracion-de-personal-junior-en-puerto-madero-F730EAE92E02137F61373E686DCF3405
2026-09-27 13:46:03,884 DEBUG https://ar.computrabajo.com:443 "GET /ofertas-de-trabajo/oferta-de-trabajo-de-administracion-de-personal-junior-en-puerto-madero-F730EAE92E02137F61373E686DCF3405 HTTP/1.1" 200 None
2026-09-27 13:46:03,887 DEBUG     GET https://ar.computrabajo.com/ofertas-de-trabajo/oferta-de-trabajo-de-administracion-de-personal-junior-en-puerto-madero-F730EAE92E02137F61373E686DCF3405 → HTTP 200 (167,998 chars)
2026-09-27 13:46:03,918 INFO     ┌─ SCRAPED JOB ─────────────────────────────────────────
    │ URL          : https://ar.computrabajo.com/ofertas-de-trabajo/oferta-de-trabajo-de-administracion-de-personal-junior-en-puerto-madero-F730EAE92E02137F61373E686DCF3405
    │ Title        : Administración de Personal - Junior
    │ Company      : Zielteck S.A.
    │ Location     : Puerto Madero, Capital Federal
    │ Job type     : full-time
    │ Salary       : (not listed)
    │ Industry     : Servicios Profesionales
    │ Date posted  : 2026-08-20
    │ Deadline     : 2026-10-19
    │ External ID  : C6E03F76C9832767
    │ Description  : Administrativo/a Junior - Administración de Personal (ADP)
En Zielteck, nos encontramos en la búsqueda de un/a Administrativo/a de Administración de Personal para sumarse a nuestro equipo en Puerto Ma…
    └───────────────────────────────────────────────────────
2026-09-27 13:46:04,918 DEBUG https://argentina.mimusjobs.com:443 "GET /wp-json/wp/v2/companies?slug=zielteck-s-a- HTTP/1.1" 200 None
2026-09-27 13:46:04,919 INFO ⏭ Company exists: Zielteck S.A.
2026-09-27 13:46:06,520 DEBUG https://argentina.mimusjobs.com:443 "GET /wp-json/wp/v2/job-listings?slug=administraci-n-de-personal---junior HTTP/1.1" 200 None
2026-09-27 13:46:06,616 DEBUG https://ii.ct-stc.com:443 "GET /5/logos/empresas/2022/07/22/01c0d4404a44419abf0f150336584thumbnail.JPG HTTP/1.1" 200 8510
2026-09-27 13:46:07,700 DEBUG https://argentina.mimusjobs.com:443 "POST /wp-json/wp/v2/media HTTP/1.1" 201 None
2026-09-27 13:46:09,350 DEBUG https://argentina.mimusjobs.com:443 "POST /wp-json/wp/v2/job-listings HTTP/1.1" 201 None
2026-09-27 13:46:09,350 INFO ✅ Job posted: 'Administración de Personal - Junior' → WP ID 33742
2026-09-27 13:46:09,350 INFO ✅ SUCCESS — 'Administración de Personal - Junior' → WP ID=33742 🔗 https://argentina.mimusjobs.com/job/administracion-de-personal-junior-4/
2026-09-27 13:46:10,351 INFO ── https://ar.computrabajo.com/empleos-en-capital-federal | page 9 | job 12/20: https://ar.computrabajo.com/ofertas-de-trabajo/oferta-de-trabajo-de-1360cc-ingeniero-electrico-junior-graduado-empresa-de-soluciones-electricas-zona-munro-en-belgrano-BB3B7AA7349DF06261373E686DCF3405
2026-09-27 13:46:10,402 DEBUG https://ar.computrabajo.com:443 "GET /ofertas-de-trabajo/oferta-de-trabajo-de-1360cc-ingeniero-electrico-junior-graduado-empresa-de-soluciones-electricas-zona-munro-en-belgrano-BB3B7AA7349DF06261373E686DCF3405 HTTP/1.1" 200 None
2026-09-27 13:46:10,405 DEBUG     GET https://ar.computrabajo.com/ofertas-de-trabajo/oferta-de-trabajo-de-1360cc-ingeniero-electrico-junior-graduado-empresa-de-soluciones-electricas-zona-munro-en-belgrano-BB3B7AA7349DF06261373E686DCF3405 → HTTP 200 (172,715 chars)
2026-09-27 13:46:10,450 INFO     ┌─ SCRAPED JOB ─────────────────────────────────────────
    │ URL          : https://ar.computrabajo.com/ofertas-de-trabajo/oferta-de-trabajo-de-1360cc-ingeniero-electrico-junior-graduado-empresa-de-soluciones-electricas-zona-munro-en-belgrano-BB3B7AA7349DF06261373E686DCF3405
    │ Title        : 1360CC / Ingeniero Electrico Junior Graduado / Empresa de Soluciones Electricas / Zona Munro
    │ Company      : Cona Consultores SRL
    │ Location     : Belgrano, Capital Federal
    │ Job type     : full-time
    │ Salary       : (not listed)
    │ Industry     : RRHH / Personal
    │ Date posted  : 2026-09-19
    │ Deadline     : 2026-11-18
    │ External ID  : 04BED3BD3879C61E
    │ Description  : En CONA CONSULTORES nos encontramos en la búsqueda de un/a Ingeniero/a Electrico/Electromecanico Junior para incorporarse a una importante empresa del rubro electromecánico en constante crecimiento.
N…
    └───────────────────────────────────────────────────────
2026-09-27 13:46:11,181 DEBUG https://argentina.mimusjobs.com:443 "GET /wp-json/wp/v2/companies?slug=cona-consultores-srl HTTP/1.1" 200 None
2026-09-27 13:46:11,182 INFO ⏭ Company exists: Cona Consultores SRL
2026-09-27 13:46:11,885 DEBUG https://argentina.mimusjobs.com:443 "GET /wp-json/wp/v2/job-listings?slug=1360cc---ingeniero-electrico-junior-graduado---empresa-de-soluciones-electricas- HTTP/1.1" 200 None
2026-09-27 13:46:11,894 DEBUG https://ii.ct-stc.com:443 "GET /5/logos/empresas/2023/11/08//conaconsultores151625thumbnail.png HTTP/1.1" 200 5795
2026-09-27 13:46:13,793 DEBUG https://argentina.mimusjobs.com:443 "POST /wp-json/wp/v2/media HTTP/1.1" 201 None
2026-09-27 13:46:15,208 DEBUG https://argentina.mimusjobs.com:443 "POST /wp-json/wp/v2/job-listings HTTP/1.1" 201 None
2026-09-27 13:46:15,459 INFO ✅ Job posted: '1360CC / Ingeniero Electrico Junior Graduado / Empresa de Soluciones Electricas / Zona Munro' → WP ID 33744
2026-09-27 13:46:15,459 INFO ✅ SUCCESS — '1360CC / Ingeniero Electrico Junior Graduado / Empresa de Soluciones Electricas / Zona Munro' → WP ID=33744 🔗 https://argentina.mimusjobs.com/job/1360cc-ingeniero-electrico-junior-graduado-empresa-de-soluciones-electricas-zona-munro-4/
2026-09-27 13:46:16,459 INFO ── https://ar.computrabajo.com/empleos-en-capital-federal | page 9 | job 13/20: https://ar.computrabajo.com/ofertas-de-trabajo/oferta-de-trabajo-de-camarero-camarera-tn-en-puerto-madero-10BC77361285DB4F61373E686DCF3405
2026-09-27 13:46:16,532 DEBUG https://ar.computrabajo.com:443 "GET /ofertas-de-trabajo/oferta-de-trabajo-de-camarero-camarera-tn-en-puerto-madero-10BC77361285DB4F61373E686DCF3405 HTTP/1.1" 200 None
2026-09-27 13:46:16,535 DEBUG     GET https://ar.computrabajo.com/ofertas-de-trabajo/oferta-de-trabajo-de-camarero-camarera-tn-en-puerto-madero-10BC77361285DB4F61373E686DCF3405 → HTTP 200 (159,052 chars)
2026-09-27 13:46:16,563 INFO     ┌─ SCRAPED JOB ─────────────────────────────────────────
    │ URL          : https://ar.computrabajo.com/ofertas-de-trabajo/oferta-de-trabajo-de-camarero-camarera-tn-en-puerto-madero-10BC77361285DB4F61373E686DCF3405
    │ Title        : Camarero / Camarera - tn
    │ Company      : Oriol S.A.
    │ Location     : Puerto Madero, Capital Federal
    │ Job type     : full-time
    │ Salary       : (not listed)
    │ Industry     : Hostelería / Turismo
    │ Date posted  : 2026-08-10
    │ Deadline     : 2026-10-09
    │ External ID  : 67328A7AD13D9600
    │ Description  : Camareros y Camareras
Local gastronómico ubicado en Puerto Madero, se encuentra en la búsqueda de camareros y camareras turno noche.
Se valoraráexperiencia en el rubro gastronómico con conocimientos d…
    └───────────────────────────────────────────────────────
2026-09-27 13:46:17,293 DEBUG https://argentina.mimusjobs.com:443 "GET /wp-json/wp/v2/companies?slug=oriol-s-a- HTTP/1.1" 200 None
2026-09-27 13:46:17,294 INFO ⏭ Company exists: Oriol S.A.
2026-09-27 13:46:17,917 DEBUG https://argentina.mimusjobs.com:443 "GET /wp-json/wp/v2/job-listings?slug=camarero---camarera---tn HTTP/1.1" 200 None
2026-09-27 13:46:17,917 INFO ⏭ Job already on WP: Camarero / Camarera - tn
2026-09-27 13:46:17,918 INFO ✅ SUCCESS — 'Camarero / Camarera - tn' → WP ID=22450 🔗 https://argentina.mimusjobs.com/job/camarero-camarera-tn/
2026-09-27 13:46:18,918 INFO ── https://ar.computrabajo.com/empleos-en-capital-federal | page 9 | job 14/20: https://ar.computrabajo.com/ofertas-de-trabajo/oferta-de-trabajo-de-analista-sap-mm-sr-en-parque-patricios-ED2A2E52B3F3AC4D61373E686DCF3405
2026-09-27 13:46:18,989 DEBUG https://ar.computrabajo.com:443 "GET /ofertas-de-trabajo/oferta-de-trabajo-de-analista-sap-mm-sr-en-parque-patricios-ED2A2E52B3F3AC4D61373E686DCF3405 HTTP/1.1" 200 None
2026-09-27 13:46:18,992 DEBUG     GET https://ar.computrabajo.com/ofertas-de-trabajo/oferta-de-trabajo-de-analista-sap-mm-sr-en-parque-patricios-ED2A2E52B3F3AC4D61373E686DCF3405 → HTTP 200 (171,097 chars)
2026-09-27 13:46:19,025 INFO     ┌─ SCRAPED JOB ─────────────────────────────────────────
    │ URL          : https://ar.computrabajo.com/ofertas-de-trabajo/oferta-de-trabajo-de-analista-sap-mm-sr-en-parque-patricios-ED2A2E52B3F3AC4D61373E686DCF3405
    │ Title        : Analista SAP MM Sr.
    │ Company      : Synchro Technologies S.A
    │ Location     : Parque Patricios, Capital Federal
    │ Job type     : part-time
    │ Salary       : (not listed)
    │ Industry     : Informática / Software
    │ Date posted  : 2026-08-10
    │ Deadline     : 2026-10-09
    │ External ID  : 5FC6DEC3CDFCA3A2
    │ Description  : Buscamos un Analista SAP MM Sr Freelance para unirse a nuestro equipo remoto.
Estamos en la búsqueda de un Analista SAP MM Sr. para unirse a nuestro equipo remoto y participar en proyectos, soporte y …
    └───────────────────────────────────────────────────────
2026-09-27 13:46:19,979 DEBUG https://argentina.mimusjobs.com:443 "GET /wp-json/wp/v2/companies?slug=synchro-technologies-s-a HTTP/1.1" 200 None
2026-09-27 13:46:19,979 INFO ⏭ Company exists: Synchro Technologies S.A
2026-09-27 13:46:20,727 DEBUG https://argentina.mimusjobs.com:443 "GET /wp-json/wp/v2/job-listings?slug=analista-sap-mm-sr- HTTP/1.1" 200 None
2026-09-27 13:46:20,727 INFO ⏭ Job already on WP: Analista SAP MM Sr.
2026-09-27 13:46:20,728 INFO ✅ SUCCESS — 'Analista SAP MM Sr.' → WP ID=22438 🔗 https://argentina.mimusjobs.com/job/analista-sap-mm-sr/
2026-09-27 13:46:21,728 INFO ── https://ar.computrabajo.com/empleos-en-capital-federal | page 9 | job 15/20: https://ar.computrabajo.com/ofertas-de-trabajo/oferta-de-trabajo-de-personal-obras-caba-en-chacarita-103D9B5B219D513A61373E686DCF3405
2026-09-27 13:46:21,813 DEBUG https://ar.computrabajo.com:443 "GET /ofertas-de-trabajo/oferta-de-trabajo-de-personal-obras-caba-en-chacarita-103D9B5B219D513A61373E686DCF3405 HTTP/1.1" 200 None
2026-09-27 13:46:21,816 DEBUG     GET https://ar.computrabajo.com/ofertas-de-trabajo/oferta-de-trabajo-de-personal-obras-caba-en-chacarita-103D9B5B219D513A61373E686DCF3405 → HTTP 200 (165,132 chars)
2026-09-27 13:46:21,848 INFO     ┌─ SCRAPED JOB ─────────────────────────────────────────
    │ URL          : https://ar.computrabajo.com/ofertas-de-trabajo/oferta-de-trabajo-de-personal-obras-caba-en-chacarita-103D9B5B219D513A61373E686DCF3405
    │ Title        : Personal Obras - Caba
    │ Company      : Grupo L
    │ Location     : Chacarita, Capital Federal
    │ Job type     : full-time
    │ Salary       : (not listed)
    │ Industry     : Hostelería / Turismo
    │ Date posted  : 2026-08-10
    │ Deadline     : 2026-10-09
    │ External ID  : FF1F005FDB3ABC51
    │ Description  : Somos GRUPO L, un grupo de empresas en continuo crecimiento, líderes a nivel nacional en la provisión de alimentos, servicios de catering, comedores institucionales y en servicios de higiene urbana, c…
    └───────────────────────────────────────────────────────
2026-09-27 13:46:22,479 DEBUG https://argentina.mimusjobs.com:443 "GET /wp-json/wp/v2/companies?slug=grupo-l HTTP/1.1" 200 None
2026-09-27 13:46:22,479 INFO ⏭ Company exists: Grupo L
2026-09-27 13:46:23,047 DEBUG https://argentina.mimusjobs.com:443 "GET /wp-json/wp/v2/job-listings?slug=personal-obras---caba HTTP/1.1" 200 None
2026-09-27 13:46:23,047 INFO ⏭ Job already on WP: Personal Obras - Caba
2026-09-27 13:46:23,047 INFO ✅ SUCCESS — 'Personal Obras - Caba' → WP ID=22436 🔗 https://argentina.mimusjobs.com/job/personal-obras-caba/
2026-09-27 13:46:24,048 INFO ── https://ar.computrabajo.com/empleos-en-capital-federal | page 9 | job 16/20: https://ar.computrabajo.com/ofertas-de-trabajo/oferta-de-trabajo-de-operario-metalurgico-en-villa-devoto-39B970387A0DEC4761373E686DCF3405
2026-09-27 13:46:24,111 DEBUG https://ar.computrabajo.com:443 "GET /ofertas-de-trabajo/oferta-de-trabajo-de-operario-metalurgico-en-villa-devoto-39B970387A0DEC4761373E686DCF3405 HTTP/1.1" 200 None
2026-09-27 13:46:24,114 DEBUG     GET https://ar.computrabajo.com/ofertas-de-trabajo/oferta-de-trabajo-de-operario-metalurgico-en-villa-devoto-39B970387A0DEC4761373E686DCF3405 → HTTP 200 (160,326 chars)
2026-09-27 13:46:24,142 INFO     ┌─ SCRAPED JOB ─────────────────────────────────────────
    │ URL          : https://ar.computrabajo.com/ofertas-de-trabajo/oferta-de-trabajo-de-operario-metalurgico-en-villa-devoto-39B970387A0DEC4761373E686DCF3405
    │ Title        : Operario Metalurgico
    │ Company      : SYNERGIA GROUP
    │ Location     : Villa Devoto, Capital Federal
    │ Job type     : full-time
    │ Salary       : (not listed)
    │ Industry     : Servicios Profesionales
    │ Date posted  : 2026-08-10
    │ Deadline     : 2026-10-09
    │ External ID  : 2E07CAE9ADAF58C4
    │ Description  : BÚSQUEDA LABORAL | OPERARIO METALÚRGICO
Importante empresa del rubro metalúrgico se encuentra en la búsqueda de Operario Metalúrgico para incorporarse al equipo de Producción Mecanizado.
 Lugar de tra…
    └───────────────────────────────────────────────────────
2026-09-27 13:46:25,812 DEBUG https://argentina.mimusjobs.com:443 "GET /wp-json/wp/v2/companies?slug=synergia-group HTTP/1.1" 200 None
2026-09-27 13:46:25,812 INFO ⏭ Company exists: SYNERGIA GROUP
2026-09-27 13:46:26,502 DEBUG https://argentina.mimusjobs.com:443 "GET /wp-json/wp/v2/job-listings?slug=operario-metalurgico HTTP/1.1" 200 None
2026-09-27 13:46:26,503 INFO ⏭ Job already on WP: Operario Metalurgico
2026-09-27 13:46:26,503 INFO ✅ SUCCESS — 'Operario Metalurgico' → WP ID=22442 🔗 https://argentina.mimusjobs.com/job/operario-metalurgico/
2026-09-27 13:46:27,503 INFO ── https://ar.computrabajo.com/empleos-en-capital-federal | page 9 | job 17/20: https://ar.computrabajo.com/ofertas-de-trabajo/oferta-de-trabajo-de-vendedores-y-cajeros-en-san-nicolas-DB8FF8D410FE7CEB61373E686DCF3405
2026-09-27 13:46:27,555 DEBUG https://ar.computrabajo.com:443 "GET /ofertas-de-trabajo/oferta-de-trabajo-de-vendedores-y-cajeros-en-san-nicolas-DB8FF8D410FE7CEB61373E686DCF3405 HTTP/1.1" 200 None
2026-09-27 13:46:27,558 DEBUG     GET https://ar.computrabajo.com/ofertas-de-trabajo/oferta-de-trabajo-de-vendedores-y-cajeros-en-san-nicolas-DB8FF8D410FE7CEB61373E686DCF3405 → HTTP 200 (162,392 chars)
2026-09-27 13:46:27,587 INFO     ┌─ SCRAPED JOB ─────────────────────────────────────────
    │ URL          : https://ar.computrabajo.com/ofertas-de-trabajo/oferta-de-trabajo-de-vendedores-y-cajeros-en-san-nicolas-DB8FF8D410FE7CEB61373E686DCF3405
    │ Title        : Vendedores y Cajeros
    │ Company      : Fibro S.R.L.
    │ Location     : San Nicolás, Capital Federal
    │ Job type     : full-time
    │ Salary       : (not listed)
    │ Industry     : Venta al consumidor
    │ Date posted  : 2026-08-18
    │ Deadline     : 2026-10-17
    │ External ID  : D24CC420CAFA95AF
    │ Description  : ¡Nos encontramos en la búsqueda de Vendedores/as y Cajeros/as para incorporación inmediata!
¿Contás con experiencia en atención al cliente y te interesan los desafíos?
Esta puede ser una excelente opo…
    └───────────────────────────────────────────────────────
2026-09-27 13:46:28,717 DEBUG https://argentina.mimusjobs.com:443 "GET /wp-json/wp/v2/companies?slug=fibro-s-r-l- HTTP/1.1" 200 None
2026-09-27 13:46:28,717 INFO ⏭ Company exists: Fibro S.R.L.
2026-09-27 13:46:29,865 DEBUG https://argentina.mimusjobs.com:443 "GET /wp-json/wp/v2/job-listings?slug=vendedores-y-cajeros HTTP/1.1" 200 None
2026-09-27 13:46:29,865 INFO ⏭ Job already on WP: Vendedores y Cajeros
2026-09-27 13:46:29,865 INFO ✅ SUCCESS — 'Vendedores y Cajeros' → WP ID=16358 🔗 https://argentina.mimusjobs.com/job/vendedores-y-cajeros/
2026-09-27 13:46:30,865 INFO ── https://ar.computrabajo.com/empleos-en-capital-federal | page 9 | job 18/20: https://ar.computrabajo.com/ofertas-de-trabajo/oferta-de-trabajo-de-analista-de-cuentas-corrientes-en-nunez-1656BC1E8C31D03461373E686DCF3405
2026-09-27 13:46:30,921 DEBUG https://ar.computrabajo.com:443 "GET /ofertas-de-trabajo/oferta-de-trabajo-de-analista-de-cuentas-corrientes-en-nunez-1656BC1E8C31D03461373E686DCF3405 HTTP/1.1" 200 None
2026-09-27 13:46:30,924 DEBUG     GET https://ar.computrabajo.com/ofertas-de-trabajo/oferta-de-trabajo-de-analista-de-cuentas-corrientes-en-nunez-1656BC1E8C31D03461373E686DCF3405 → HTTP 200 (184,873 chars)
2026-09-27 13:46:30,962 INFO     ┌─ SCRAPED JOB ─────────────────────────────────────────
    │ URL          : https://ar.computrabajo.com/ofertas-de-trabajo/oferta-de-trabajo-de-analista-de-cuentas-corrientes-en-nunez-1656BC1E8C31D03461373E686DCF3405
    │ Title        : Analista de Cuentas Corrientes
    │ Company      : Suizo Argentina S.A.
    │ Location     : Núñez, Capital Federal
    │ Job type     : full-time
    │ Salary       : (not listed)
    │ Industry     : Salud / Medicina
    │ Date posted  : 2026-08-18
    │ Deadline     : 2026-10-17
    │ External ID  : 7A5B4B72CF04CFC5
    │ Description  : En Suizo Argentina facilitamos el acceso a productos y servicios relacionados con la salud y el bienestar,  brindando acompañamiento y soluciones que se ajustan a los más altos estándares de calidad y…
    └───────────────────────────────────────────────────────
2026-09-27 13:46:31,675 DEBUG https://argentina.mimusjobs.com:443 "GET /wp-json/wp/v2/companies?slug=suizo-argentina-s-a- HTTP/1.1" 200 None
2026-09-27 13:46:31,675 INFO ⏭ Company exists: Suizo Argentina S.A.
2026-09-27 13:46:32,413 DEBUG https://argentina.mimusjobs.com:443 "GET /wp-json/wp/v2/job-listings?slug=analista-de-cuentas-corrientes HTTP/1.1" 200 None
2026-09-27 13:46:32,414 INFO ⏭ Job already on WP: Analista de Cuentas Corrientes
2026-09-27 13:46:32,414 INFO ✅ SUCCESS — 'Analista de Cuentas Corrientes' → WP ID=22430 🔗 https://argentina.mimusjobs.com/job/analista-de-cuentas-corrientes/
2026-09-27 13:46:33,414 INFO ── https://ar.computrabajo.com/empleos-en-capital-federal | page 9 | job 19/20: https://ar.computrabajo.com/ofertas-de-trabajo/oferta-de-trabajo-de-asesor-comercial-negocio-inmobiliario-en-caballito-10F42633EF93586561373E686DCF3405
2026-09-27 13:46:33,465 DEBUG https://ar.computrabajo.com:443 "GET /ofertas-de-trabajo/oferta-de-trabajo-de-asesor-comercial-negocio-inmobiliario-en-caballito-10F42633EF93586561373E686DCF3405 HTTP/1.1" 200 None
2026-09-27 13:46:33,468 DEBUG     GET https://ar.computrabajo.com/ofertas-de-trabajo/oferta-de-trabajo-de-asesor-comercial-negocio-inmobiliario-en-caballito-10F42633EF93586561373E686DCF3405 → HTTP 200 (173,700 chars)
2026-09-27 13:46:33,502 INFO     ┌─ SCRAPED JOB ─────────────────────────────────────────
    │ URL          : https://ar.computrabajo.com/ofertas-de-trabajo/oferta-de-trabajo-de-asesor-comercial-negocio-inmobiliario-en-caballito-10F42633EF93586561373E686DCF3405
    │ Title        : Asesor Comercial Negocio Inmobiliario
    │ Company      : Remax Parque
    │ Location     : Caballito, Capital Federal
    │ Job type     : full-time
    │ Salary       : (not listed)
    │ Industry     : Servicios Profesionales
    │ Date posted  : 2026-08-19
    │ Deadline     : 2026-10-18
    │ External ID  : FFFBF5F4FEBC6313
    │ Description  : Si tenes perfil comercial, espíritu emprendedor y buscas desarrollarte en el negocio inmobiliario junto a RE/MAX, esta propuesta es para vos.
Es una oportunidad para construir tu propio negocio con el…
    └───────────────────────────────────────────────────────
2026-09-27 13:46:34,620 DEBUG https://argentina.mimusjobs.com:443 "GET /wp-json/wp/v2/companies?slug=remax-parque HTTP/1.1" 200 None
2026-09-27 13:46:34,621 INFO ⏭ Company exists: Remax Parque
2026-09-27 13:46:35,162 DEBUG https://argentina.mimusjobs.com:443 "GET /wp-json/wp/v2/job-listings?slug=asesor-comercial-negocio-inmobiliario HTTP/1.1" 200 None
2026-09-27 13:46:35,163 INFO ⏭ Job already on WP: Asesor Comercial Negocio Inmobiliario
2026-09-27 13:46:35,163 INFO ✅ SUCCESS — 'Asesor Comercial Negocio Inmobiliario' → WP ID=22428 🔗 https://argentina.mimusjobs.com/job/asesor-comercial-negocio-inmobiliario/
2026-09-27 13:46:36,163 INFO ── https://ar.computrabajo.com/empleos-en-capital-federal | page 9 | job 20/20: https://ar.computrabajo.com/ofertas-de-trabajo/oferta-de-trabajo-de-controller-en-palermo-7ABB36C5390DD1A461373E686DCF3405
2026-09-27 13:46:36,214 DEBUG https://ar.computrabajo.com:443 "GET /ofertas-de-trabajo/oferta-de-trabajo-de-controller-en-palermo-7ABB36C5390DD1A461373E686DCF3405 HTTP/1.1" 200 None
2026-09-27 13:46:36,217 DEBUG     GET https://ar.computrabajo.com/ofertas-de-trabajo/oferta-de-trabajo-de-controller-en-palermo-7ABB36C5390DD1A461373E686DCF3405 → HTTP 200 (148,910 chars)
2026-09-27 13:46:36,242 WARNING No JobPosting JSON-LD found, using HTML fallback: https://ar.computrabajo.com/ofertas-de-trabajo/oferta-de-trabajo-de-controller-en-palermo-7ABB36C5390DD1A461373E686DCF3405
2026-09-27 13:46:36,244 INFO     ┌─ SCRAPED JOB ─────────────────────────────────────────
    │ URL          : https://ar.computrabajo.com/ofertas-de-trabajo/oferta-de-trabajo-de-controller-en-palermo-7ABB36C5390DD1A461373E686DCF3405
    │ Title        : Controller
    │ Company      : Importante empresa del sector
    │ Location     : Palermo, Capital Federal
    │ Job type     : full-time
    │ Salary       : A convenir ARS
    │ Industry     : (none)
    │ Date posted  : (unknown)
    │ Deadline     : (estimated: )
    │ External ID  : (none)
    │ Description  : Nos encontramos en la búsqueda de un/a Controller para sumarse a la Medicina Prepaga.

Buscamos un perfil con fuerte capacidad analítica, orientación al control y mirada transversal del negocio, que t…
    └───────────────────────────────────────────────────────
2026-09-27 13:46:37,120 DEBUG https://argentina.mimusjobs.com:443 "GET /wp-json/wp/v2/companies?slug=importante-empresa-del-sector HTTP/1.1" 200 None
2026-09-27 13:46:37,120 INFO ⏭ Company exists: Importante empresa del sector
2026-09-27 13:46:37,881 DEBUG https://argentina.mimusjobs.com:443 "GET /wp-json/wp/v2/job-listings?slug=controller HTTP/1.1" 200 None
2026-09-27 13:46:37,881 INFO ⏭ Job already on WP: Controller
2026-09-27 13:46:37,881 INFO ✅ SUCCESS — 'Controller' → WP ID=5012 🔗 https://argentina.mimusjobs.com/job/controller/
2026-09-27 13:46:38,882 INFO 📊 Running totals — posted: 180 | skipped: 0 | failed: 0
2026-09-27 13:46:38,882 INFO Fetching listing page 10: https://ar.computrabajo.com/empleos-en-capital-federal?p=10
2026-09-27 13:46:38,955 DEBUG https://ar.computrabajo.com:443 "GET /empleos-en-capital-federal?p=10 HTTP/1.1" 200 None
2026-09-27 13:46:38,961 DEBUG     GET https://ar.computrabajo.com/empleos-en-capital-federal?p=10 → HTTP 200 (332,506 chars)
2026-09-27 13:46:39,029 INFO Found 20 job URLs on page 10
2026-09-27 13:46:39,029 DEBUG     job 1: https://ar.computrabajo.com/ofertas-de-trabajo/oferta-de-trabajo-de-oficial-de-mantenimento-en-san-telmo-45C9E5975752A17B61373E686DCF3405
2026-09-27 13:46:39,029 DEBUG     job 2: https://ar.computrabajo.com/ofertas-de-trabajo/oferta-de-trabajo-de-operarios-para-rubro-textil-colegiales-caba-en-colegiales-3406A2F1FD45E41561373E686DCF3405
2026-09-27 13:46:39,029 DEBUG     job 3: https://ar.computrabajo.com/ofertas-de-trabajo/oferta-de-trabajo-de-farmaceuticoa-en-belgrano-5B8CB530C6C11BAF61373E686DCF3405
2026-09-27 13:46:39,029 DEBUG     job 4: https://ar.computrabajo.com/ofertas-de-trabajo/oferta-de-trabajo-de-repositor-en-almagro-127696C7230784F261373E686DCF3405
2026-09-27 13:46:39,029 DEBUG     job 5: https://ar.computrabajo.com/ofertas-de-trabajo/oferta-de-trabajo-de-analista-ssr-de-compras-experiencia-en-salud-en-san-cristobal-484A46B1BC1D0BA961373E686DCF3405
2026-09-27 13:46:39,029 DEBUG     job 6: https://ar.computrabajo.com/ofertas-de-trabajo/oferta-de-trabajo-de-maquinista-con-experiencia-en-flores-A1492DA0AD0B179261373E686DCF3405
2026-09-27 13:46:39,029 DEBUG     job 7: https://ar.computrabajo.com/ofertas-de-trabajo/oferta-de-trabajo-de-analista-de-arquitectura-de-seguridad-en-san-telmo-E76C98EAB572BC1B61373E686DCF3405
2026-09-27 13:46:39,029 DEBUG     job 8: https://ar.computrabajo.com/ofertas-de-trabajo/oferta-de-trabajo-de-asistente-comercial-ingles-avanzado-en-san-nicolas-9214A17AEC3F77BA61373E686DCF3405
2026-09-27 13:46:39,029 DEBUG     job 9: https://ar.computrabajo.com/ofertas-de-trabajo/oferta-de-trabajo-de-sereno-en-chacarita-755E874ECEC464A761373E686DCF3405
2026-09-27 13:46:39,029 DEBUG     job 10: https://ar.computrabajo.com/ofertas-de-trabajo/oferta-de-trabajo-de-farmaceuticoa-hospitalario-en-barracas-3CCD760B215BB3B261373E686DCF3405
2026-09-27 13:46:39,029 DEBUG     job 11: https://ar.computrabajo.com/ofertas-de-trabajo/oferta-de-trabajo-de-personal-de-deposito-la-boca-en-boca-6D510F79675FF7E361373E686DCF3405
2026-09-27 13:46:39,029 DEBUG     job 12: https://ar.computrabajo.com/ofertas-de-trabajo/oferta-de-trabajo-de-personal-para-carga-y-descarga-zona-retiro-en-retiro-6AFACBBF8B9EC3CA61373E686DCF3405
2026-09-27 13:46:39,029 DEBUG     job 13: https://ar.computrabajo.com/ofertas-de-trabajo/oferta-de-trabajo-de-ref-21194-lider-de-desarrollo-net-hibrido-caba-centro-en-recoleta-D5CAE48931BA799A61373E686DCF3405
2026-09-27 13:46:39,029 DEBUG     job 14: https://ar.computrabajo.com/ofertas-de-trabajo/oferta-de-trabajo-de-operarios-de-inventarios-en-almagro-111B97F1490EE92861373E686DCF3405
2026-09-27 13:46:39,029 DEBUG     job 15: https://ar.computrabajo.com/ofertas-de-trabajo/oferta-de-trabajo-de-supervisor-de-operadores-de-monitoreo-rubro-seguridad-turno-noche-saavedra-en-saavedra-40662AFA66559B8A61373E686DCF3405
2026-09-27 13:46:39,029 DEBUG     job 16: https://ar.computrabajo.com/ofertas-de-trabajo/oferta-de-trabajo-de-ref21343administrativoa-de-atencion-al-cliente-con-base-contable-adn-recursos-humanos-en-monserrat-3D3006409D697F5A61373E686DCF3405
2026-09-27 13:46:39,029 DEBUG     job 17: https://ar.computrabajo.com/ofertas-de-trabajo/oferta-de-trabajo-de-vendedora-de-jugueteria-caba-en-villa-lugano-9B88C89C091C200761373E686DCF3405
2026-09-27 13:46:39,029 DEBUG     job 18: https://ar.computrabajo.com/ofertas-de-trabajo/oferta-de-trabajo-de-areas-publicas-maestranza-en-hoteleria-en-retiro-45B736B6F12022A761373E686DCF3405
2026-09-27 13:46:39,030 DEBUG     job 19: https://ar.computrabajo.com/ofertas-de-trabajo/oferta-de-trabajo-de-vendedoresas-de-playa-y-tienda-para-importante-empresa-de-energia-zona-caba-zona-caba-en-palermo-ABB7C9DBD28A1BBF61373E686DCF3405
2026-09-27 13:46:39,030 DEBUG     job 20: https://ar.computrabajo.com/ofertas-de-trabajo/oferta-de-trabajo-de-disenadora-grafico-caba-en-retiro-778C45E71A20649D61373E686DCF3405
2026-09-27 13:46:39,030 INFO ── https://ar.computrabajo.com/empleos-en-capital-federal | page 10 | job 1/20: https://ar.computrabajo.com/ofertas-de-trabajo/oferta-de-trabajo-de-oficial-de-mantenimento-en-san-telmo-45C9E5975752A17B61373E686DCF3405
2026-09-27 13:46:39,082 DEBUG https://ar.computrabajo.com:443 "GET /ofertas-de-trabajo/oferta-de-trabajo-de-oficial-de-mantenimento-en-san-telmo-45C9E5975752A17B61373E686DCF3405 HTTP/1.1" 200 None
2026-09-27 13:46:39,084 DEBUG     GET https://ar.computrabajo.com/ofertas-de-trabajo/oferta-de-trabajo-de-oficial-de-mantenimento-en-san-telmo-45C9E5975752A17B61373E686DCF3405 → HTTP 200 (148,750 chars)
2026-09-27 13:46:39,110 WARNING No JobPosting JSON-LD found, using HTML fallback: https://ar.computrabajo.com/ofertas-de-trabajo/oferta-de-trabajo-de-oficial-de-mantenimento-en-san-telmo-45C9E5975752A17B61373E686DCF3405
2026-09-27 13:46:39,112 INFO     ┌─ SCRAPED JOB ─────────────────────────────────────────
    │ URL          : https://ar.computrabajo.com/ofertas-de-trabajo/oferta-de-trabajo-de-oficial-de-mantenimento-en-san-telmo-45C9E5975752A17B61373E686DCF3405
    │ Title        : Oficial de Mantenimento
    │ Company      : Importante empresa del sector
    │ Location     : San Telmo, Capital Federal
    │ Job type     : full-time
    │ Salary       : A convenir ARS
    │ Industry     : (none)
    │ Date posted  : (unknown)
    │ Deadline     : (estimated: )
    │ External ID  : (none)
    │ Description  : Importante Clínica de Rehabilitación se encuentra en la búsqueda para incorporar a su equipo de trabajo un empleado para mantenimiento general que realice:
Tareas Generales de mantenimiento, pintura, …
    └───────────────────────────────────────────────────────
2026-09-27 13:46:40,644 DEBUG https://argentina.mimusjobs.com:443 "GET /wp-json/wp/v2/companies?slug=importante-empresa-del-sector HTTP/1.1" 200 None
2026-09-27 13:46:40,644 INFO ⏭ Company exists: Importante empresa del sector
2026-09-27 13:46:41,352 DEBUG https://argentina.mimusjobs.com:443 "GET /wp-json/wp/v2/job-listings?slug=oficial-de-mantenimento HTTP/1.1" 200 None
2026-09-27 13:46:41,352 INFO ⏭ Job already on WP: Oficial de Mantenimento
2026-09-27 13:46:41,353 INFO ✅ SUCCESS — 'Oficial de Mantenimento' → WP ID=22412 🔗 https://argentina.mimusjobs.com/job/oficial-de-mantenimento/
2026-09-27 13:46:42,353 INFO ── https://ar.computrabajo.com/empleos-en-capital-federal | page 10 | job 2/20: https://ar.computrabajo.com/ofertas-de-trabajo/oferta-de-trabajo-de-operarios-para-rubro-textil-colegiales-caba-en-colegiales-3406A2F1FD45E41561373E686DCF3405
2026-09-27 13:46:42,411 DEBUG https://ar.computrabajo.com:443 "GET /ofertas-de-trabajo/oferta-de-trabajo-de-operarios-para-rubro-textil-colegiales-caba-en-colegiales-3406A2F1FD45E41561373E686DCF3405 HTTP/1.1" 200 None
2026-09-27 13:46:42,414 DEBUG     GET https://ar.computrabajo.com/ofertas-de-trabajo/oferta-de-trabajo-de-operarios-para-rubro-textil-colegiales-caba-en-colegiales-3406A2F1FD45E41561373E686DCF3405 → HTTP 200 (169,716 chars)
2026-09-27 13:46:42,479 INFO     ┌─ SCRAPED JOB ─────────────────────────────────────────
    │ URL          : https://ar.computrabajo.com/ofertas-de-trabajo/oferta-de-trabajo-de-operarios-para-rubro-textil-colegiales-caba-en-colegiales-3406A2F1FD45E41561373E686DCF3405
    │ Title        : Operarios para rubro textil - Colegiales (CABA)
    │ Company      : Reposervice Argentina S.A
    │ Location     : Colegiales, Capital Federal
    │ Job type     : full-time
    │ Salary       : 999999 ARS
    │ Industry     : Venta al consumidor
    │ Date posted  : 2026-09-03
    │ Deadline     : 2026-11-02
    │ External ID  : 609769897248DB2F
    │ Description  : Buscamos incorporar un operario de depósito para una fábrica textil, con foco en tareas del sector de corte. Tareas principales: - Tareas textiles. - Manipulación de telas. - Carga y descarga de merca…
    └───────────────────────────────────────────────────────
2026-09-27 13:46:43,063 DEBUG https://argentina.mimusjobs.com:443 "GET /wp-json/wp/v2/companies?slug=reposervice-argentina-s-a HTTP/1.1" 200 None
2026-09-27 13:46:43,063 INFO ⏭ Company exists: Reposervice Argentina S.A
2026-09-27 13:46:43,777 DEBUG https://argentina.mimusjobs.com:443 "GET /wp-json/wp/v2/job-listings?slug=operarios-para-rubro-textil---colegiales--caba- HTTP/1.1" 200 None
2026-09-27 13:46:43,778 INFO ⏭ Job already on WP: Operarios para rubro textil - Colegiales (CABA)
2026-09-27 13:46:43,778 INFO ✅ SUCCESS — 'Operarios para rubro textil - Colegiales (CABA)' → WP ID=22426 🔗 https://argentina.mimusjobs.com/job/operarios-para-rubro-textil-colegiales-caba/
2026-09-27 13:46:44,778 INFO ── https://ar.computrabajo.com/empleos-en-capital-federal | page 10 | job 3/20: https://ar.computrabajo.com/ofertas-de-trabajo/oferta-de-trabajo-de-farmaceuticoa-en-belgrano-5B8CB530C6C11BAF61373E686DCF3405
2026-09-27 13:46:44,843 DEBUG https://ar.computrabajo.com:443 "GET /ofertas-de-trabajo/oferta-de-trabajo-de-farmaceuticoa-en-belgrano-5B8CB530C6C11BAF61373E686DCF3405 HTTP/1.1" 200 None
2026-09-27 13:46:44,846 DEBUG     GET https://ar.computrabajo.com/ofertas-de-trabajo/oferta-de-trabajo-de-farmaceuticoa-en-belgrano-5B8CB530C6C11BAF61373E686DCF3405 → HTTP 200 (171,126 chars)
2026-09-27 13:46:44,878 INFO     ┌─ SCRAPED JOB ─────────────────────────────────────────
    │ URL          : https://ar.computrabajo.com/ofertas-de-trabajo/oferta-de-trabajo-de-farmaceuticoa-en-belgrano-5B8CB530C6C11BAF61373E686DCF3405
    │ Title        : Farmacéutico/a
    │ Company      : Swiss Medical
    │ Location     : Belgrano, Capital Federal
    │ Job type     : temporary
    │ Salary       : (not listed)
    │ Industry     : Salud / Medicina
    │ Date posted  : 2026-09-11
    │ Deadline     : 2026-11-10
    │ External ID  : 7B980957F36E5A6C
    │ Description  : En Swiss Medical trabajamos cada día para que las personas vivan más y mejor. Más de 4 millones de personas confían en nosotros y, detrás de cada historia, hay un equipo de más de 16.500 colaboradores…
    └───────────────────────────────────────────────────────
2026-09-27 13:46:45,849 DEBUG https://argentina.mimusjobs.com:443 "GET /wp-json/wp/v2/companies?slug=swiss-medical HTTP/1.1" 200 None
2026-09-27 13:46:45,850 INFO ⏭ Company exists: Swiss Medical
2026-09-27 13:46:46,994 DEBUG https://argentina.mimusjobs.com:443 "GET /wp-json/wp/v2/job-listings?slug=farmac-utico-a HTTP/1.1" 200 None
2026-09-27 13:46:47,064 DEBUG https://ii.ct-stc.com:443 "GET /5/logos/empresas/2026/04/22//swissmedical190734thumbnail.jpeg HTTP/1.1" 200 3132
2026-09-27 13:46:48,199 DEBUG https://argentina.mimusjobs.com:443 "POST /wp-json/wp/v2/media HTTP/1.1" 201 None
2026-09-27 13:46:49,523 DEBUG https://argentina.mimusjobs.com:443 "POST /wp-json/wp/v2/job-listings HTTP/1.1" 201 None
2026-09-27 13:46:49,524 INFO ✅ Job posted: 'Farmacéutico/a' → WP ID 33746
2026-09-27 13:46:49,524 INFO ✅ SUCCESS — 'Farmacéutico/a' → WP ID=33746 🔗 https://argentina.mimusjobs.com/job/farmaceutico-a-9/
2026-09-27 13:46:50,524 INFO ── https://ar.computrabajo.com/empleos-en-capital-federal | page 10 | job 4/20: https://ar.computrabajo.com/ofertas-de-trabajo/oferta-de-trabajo-de-repositor-en-almagro-127696C7230784F261373E686DCF3405
2026-09-27 13:46:50,576 DEBUG https://ar.computrabajo.com:443 "GET /ofertas-de-trabajo/oferta-de-trabajo-de-repositor-en-almagro-127696C7230784F261373E686DCF3405 HTTP/1.1" 200 None
2026-09-27 13:46:50,579 DEBUG     GET https://ar.computrabajo.com/ofertas-de-trabajo/oferta-de-trabajo-de-repositor-en-almagro-127696C7230784F261373E686DCF3405 → HTTP 200 (148,273 chars)
2026-09-27 13:46:50,605 WARNING No JobPosting JSON-LD found, using HTML fallback: https://ar.computrabajo.com/ofertas-de-trabajo/oferta-de-trabajo-de-repositor-en-almagro-127696C7230784F261373E686DCF3405
2026-09-27 13:46:50,607 INFO     ┌─ SCRAPED JOB ─────────────────────────────────────────
    │ URL          : https://ar.computrabajo.com/ofertas-de-trabajo/oferta-de-trabajo-de-repositor-en-almagro-127696C7230784F261373E686DCF3405
    │ Title        : Repositor
    │ Company      : Importante empresa del sector
    │ Location     : Almagro, Capital Federal
    │ Job type     : full-time
    │ Salary       : A convenir ARS
    │ Industry     : (none)
    │ Date posted  : (unknown)
    │ Deadline     : (estimated: )
    │ External ID  : (none)
    │ Description  : Nos encontramos en la búsqueda de un Repositor para incorporarse al equipo de sucursal de una importante empresa del rubro retail
Principales responsabilidades:
Recepción y reposición de mercadería.
C…
    └───────────────────────────────────────────────────────
2026-09-27 13:46:51,188 DEBUG https://argentina.mimusjobs.com:443 "GET /wp-json/wp/v2/companies?slug=importante-empresa-del-sector HTTP/1.1" 200 None
2026-09-27 13:46:51,189 INFO ⏭ Company exists: Importante empresa del sector
2026-09-27 13:46:51,959 DEBUG https://argentina.mimusjobs.com:443 "GET /wp-json/wp/v2/job-listings?slug=repositor HTTP/1.1" 200 None
2026-09-27 13:46:51,960 INFO ⏭ Job already on WP: Repositor
2026-09-27 13:46:51,960 INFO ✅ SUCCESS — 'Repositor' → WP ID=1034 🔗 https://argentina.mimusjobs.com/job/repositor/
2026-09-27 13:46:52,960 INFO ── https://ar.computrabajo.com/empleos-en-capital-federal | page 10 | job 5/20: https://ar.computrabajo.com/ofertas-de-trabajo/oferta-de-trabajo-de-analista-ssr-de-compras-experiencia-en-salud-en-san-cristobal-484A46B1BC1D0BA961373E686DCF3405
2026-09-27 13:46:53,011 DEBUG https://ar.computrabajo.com:443 "GET /ofertas-de-trabajo/oferta-de-trabajo-de-analista-ssr-de-compras-experiencia-en-salud-en-san-cristobal-484A46B1BC1D0BA961373E686DCF3405 HTTP/1.1" 200 None
2026-09-27 13:46:53,014 DEBUG     GET https://ar.computrabajo.com/ofertas-de-trabajo/oferta-de-trabajo-de-analista-ssr-de-compras-experiencia-en-salud-en-san-cristobal-484A46B1BC1D0BA961373E686DCF3405 → HTTP 200 (162,651 chars)
2026-09-27 13:46:53,043 INFO     ┌─ SCRAPED JOB ─────────────────────────────────────────
    │ URL          : https://ar.computrabajo.com/ofertas-de-trabajo/oferta-de-trabajo-de-analista-ssr-de-compras-experiencia-en-salud-en-san-cristobal-484A46B1BC1D0BA961373E686DCF3405
    │ Title        : Analista Ssr. de compras - Experiencia en salud
    │ Company      : MARPAMA S.A
    │ Location     : San Cristóbal, Capital Federal
    │ Job type     : full-time
    │ Salary       : (not listed)
    │ Industry     : Salud / Medicina
    │ Date posted  : 2026-09-03
    │ Deadline     : 2026-11-02
    │ External ID  : BDFCDA38EC9B8583
    │ Description  : ¡Sumate a nuestro equipo! En CLIMEDICA nos encontramos en la búsqueda de un/a Analista de Compras Semi Senior con experiencia en el rubro salud y conocimientos en la compra de medicación, descartables…
    └───────────────────────────────────────────────────────
2026-09-27 13:46:53,742 DEBUG https://argentina.mimusjobs.com:443 "GET /wp-json/wp/v2/companies?slug=marpama-s-a HTTP/1.1" 200 None
2026-09-27 13:46:53,743 INFO ⏭ Company exists: MARPAMA S.A
2026-09-27 13:46:54,522 DEBUG https://argentina.mimusjobs.com:443 "GET /wp-json/wp/v2/job-listings?slug=analista-ssr--de-compras---experiencia-en-salud HTTP/1.1" 200 None
2026-09-27 13:46:54,523 INFO ⏭ Job already on WP: Analista Ssr. de compras - Experiencia en salud
2026-09-27 13:46:54,523 INFO ✅ SUCCESS — 'Analista Ssr. de compras - Experiencia en salud' → WP ID=22445 🔗 https://argentina.mimusjobs.com/job/analista-ssr-de-compras-experiencia-en-salud/
2026-09-27 13:46:55,523 INFO ── https://ar.computrabajo.com/empleos-en-capital-federal | page 10 | job 6/20: https://ar.computrabajo.com/ofertas-de-trabajo/oferta-de-trabajo-de-maquinista-con-experiencia-en-flores-A1492DA0AD0B179261373E686DCF3405
2026-09-27 13:46:55,581 DEBUG https://ar.computrabajo.com:443 "GET /ofertas-de-trabajo/oferta-de-trabajo-de-maquinista-con-experiencia-en-flores-A1492DA0AD0B179261373E686DCF3405 HTTP/1.1" 200 None
2026-09-27 13:46:55,583 DEBUG     GET https://ar.computrabajo.com/ofertas-de-trabajo/oferta-de-trabajo-de-maquinista-con-experiencia-en-flores-A1492DA0AD0B179261373E686DCF3405 → HTTP 200 (150,402 chars)
2026-09-27 13:46:55,608 WARNING No JobPosting JSON-LD found, using HTML fallback: https://ar.computrabajo.com/ofertas-de-trabajo/oferta-de-trabajo-de-maquinista-con-experiencia-en-flores-A1492DA0AD0B179261373E686DCF3405
2026-09-27 13:46:55,610 INFO     ┌─ SCRAPED JOB ─────────────────────────────────────────
    │ URL          : https://ar.computrabajo.com/ofertas-de-trabajo/oferta-de-trabajo-de-maquinista-con-experiencia-en-flores-A1492DA0AD0B179261373E686DCF3405
    │ Title        : Maquinista - Con Experiencia
    │ Company      : Importante empresa del sector
    │ Location     : Flores, Capital Federal
    │ Job type     : full-time
    │ Salary       : A convenir ARS
    │ Industry     : (none)
    │ Date posted  : (unknown)
    │ Deadline     : (estimated: )
    │ External ID  : (none)
    │ Description  : Reconocida Empresa Textil de la zona de Flores, líder en su rubro, busca incorporar un Maquinista con experiencia, para operar línea de producción de telas no tejidas. Algunas de sus principales respo…
    └───────────────────────────────────────────────────────
2026-09-27 13:46:56,672 DEBUG https://argentina.mimusjobs.com:443 "GET /wp-json/wp/v2/companies?slug=importante-empresa-del-sector HTTP/1.1" 200 None
2026-09-27 13:46:56,673 INFO ⏭ Company exists: Importante empresa del sector
2026-09-27 13:46:57,733 DEBUG https://argentina.mimusjobs.com:443 "GET /wp-json/wp/v2/job-listings?slug=maquinista---con-experiencia HTTP/1.1" 200 None
2026-09-27 13:46:57,733 INFO ⏭ Job already on WP: Maquinista - Con Experiencia
2026-09-27 13:46:57,734 INFO ✅ SUCCESS — 'Maquinista - Con Experiencia' → WP ID=22446 🔗 https://argentina.mimusjobs.com/job/maquinista-con-experiencia/
2026-09-27 13:46:58,734 INFO ── https://ar.computrabajo.com/empleos-en-capital-federal | page 10 | job 7/20: https://ar.computrabajo.com/ofertas-de-trabajo/oferta-de-trabajo-de-analista-de-arquitectura-de-seguridad-en-san-telmo-E76C98EAB572BC1B61373E686DCF3405
2026-09-27 13:46:58,788 DEBUG https://ar.computrabajo.com:443 "GET /ofertas-de-trabajo/oferta-de-trabajo-de-analista-de-arquitectura-de-seguridad-en-san-telmo-E76C98EAB572BC1B61373E686DCF3405 HTTP/1.1" 200 None
2026-09-27 13:46:58,791 DEBUG     GET https://ar.computrabajo.com/ofertas-de-trabajo/oferta-de-trabajo-de-analista-de-arquitectura-de-seguridad-en-san-telmo-E76C98EAB572BC1B61373E686DCF3405 → HTTP 200 (170,350 chars)
2026-09-27 13:46:58,821 INFO     ┌─ SCRAPED JOB ─────────────────────────────────────────
    │ URL          : https://ar.computrabajo.com/ofertas-de-trabajo/oferta-de-trabajo-de-analista-de-arquitectura-de-seguridad-en-san-telmo-E76C98EAB572BC1B61373E686DCF3405
    │ Title        : Analista De Arquitectura De Seguridad
    │ Company      : Novacor SRL
    │ Location     : San Telmo, Capital Federal
    │ Job type     : full-time
    │ Salary       : (not listed)
    │ Industry     : RRHH / Personal
    │ Date posted  : 2026-09-11
    │ Deadline     : 2026-11-10
    │ External ID  : FB4DFB241CFDA41B
    │ Description  : Analista de Seguridad de Arquitectura · Área: Seguridad de Aplicaciones  Arquitectura de Seguridad
Alcance: Argentina, Uruguay y Paraguay
Tu rol
Asegurar el código y la arquitectura lógica de las apli…
    └───────────────────────────────────────────────────────
2026-09-27 13:46:59,609 DEBUG https://argentina.mimusjobs.com:443 "GET /wp-json/wp/v2/companies?slug=novacor-srl HTTP/1.1" 200 None
2026-09-27 13:46:59,609 INFO ⏭ Company exists: Novacor SRL
2026-09-27 13:47:00,366 DEBUG https://argentina.mimusjobs.com:443 "GET /wp-json/wp/v2/job-listings?slug=analista-de-arquitectura-de-seguridad HTTP/1.1" 200 None
2026-09-27 13:47:00,367 INFO ⏭ Job already on WP: Analista De Arquitectura De Seguridad
2026-09-27 13:47:00,367 INFO ✅ SUCCESS — 'Analista De Arquitectura De Seguridad' → WP ID=22448 🔗 https://argentina.mimusjobs.com/job/analista-de-arquitectura-de-seguridad/
2026-09-27 13:47:01,367 INFO ── https://ar.computrabajo.com/empleos-en-capital-federal | page 10 | job 8/20: https://ar.computrabajo.com/ofertas-de-trabajo/oferta-de-trabajo-de-asistente-comercial-ingles-avanzado-en-san-nicolas-9214A17AEC3F77BA61373E686DCF3405
2026-09-27 13:47:01,422 DEBUG https://ar.computrabajo.com:443 "GET /ofertas-de-trabajo/oferta-de-trabajo-de-asistente-comercial-ingles-avanzado-en-san-nicolas-9214A17AEC3F77BA61373E686DCF3405 HTTP/1.1" 200 None
2026-09-27 13:47:01,425 DEBUG     GET https://ar.computrabajo.com/ofertas-de-trabajo/oferta-de-trabajo-de-asistente-comercial-ingles-avanzado-en-san-nicolas-9214A17AEC3F77BA61373E686DCF3405 → HTTP 200 (172,929 chars)
2026-09-27 13:47:01,461 INFO     ┌─ SCRAPED JOB ─────────────────────────────────────────
    │ URL          : https://ar.computrabajo.com/ofertas-de-trabajo/oferta-de-trabajo-de-asistente-comercial-ingles-avanzado-en-san-nicolas-9214A17AEC3F77BA61373E686DCF3405
    │ Title        : Asistente Comercial, ingles avanzado
    │ Company      : Dos Argentina
    │ Location     : San Nicolás, Capital Federal
    │ Job type     : full-time
    │ Salary       : 2000 ARS
    │ Industry     : RRHH / Personal
    │ Date posted  : 2026-09-03
    │ Deadline     : 2026-11-02
    │ External ID  : CA2A1413DFD6D809
    │ Description  : Importante empresa importadora, incorporara un Asistente Administrativo/Comercial
Jornada: lunes a viernes, de 8 a 17 hs aprox. Modalidad remota, con reuniones de equipo presenciales en CABA con frecu…
    └───────────────────────────────────────────────────────
2026-09-27 13:47:02,650 DEBUG https://argentina.mimusjobs.com:443 "GET /wp-json/wp/v2/companies?slug=dos-argentina HTTP/1.1" 200 None
2026-09-27 13:47:02,651 INFO ⏭ Company exists: Dos Argentina
2026-09-27 13:47:03,223 DEBUG https://argentina.mimusjobs.com:443 "GET /wp-json/wp/v2/job-listings?slug=asistente-comercial--ingles-avanzado HTTP/1.1" 200 None
2026-09-27 13:47:03,224 INFO ⏭ Job already on WP: Asistente Comercial, ingles avanzado
2026-09-27 13:47:03,224 INFO ✅ SUCCESS — 'Asistente Comercial, ingles avanzado' → WP ID=6190 🔗 https://argentina.mimusjobs.com/job/asistente-comercial-ingles-avanzado/
2026-09-27 13:47:04,224 INFO ── https://ar.computrabajo.com/empleos-en-capital-federal | page 10 | job 9/20: https://ar.computrabajo.com/ofertas-de-trabajo/oferta-de-trabajo-de-sereno-en-chacarita-755E874ECEC464A761373E686DCF3405
2026-09-27 13:47:04,274 DEBUG https://ar.computrabajo.com:443 "GET /ofertas-de-trabajo/oferta-de-trabajo-de-sereno-en-chacarita-755E874ECEC464A761373E686DCF3405 HTTP/1.1" 200 None
2026-09-27 13:47:04,277 DEBUG     GET https://ar.computrabajo.com/ofertas-de-trabajo/oferta-de-trabajo-de-sereno-en-chacarita-755E874ECEC464A761373E686DCF3405 → HTTP 200 (149,461 chars)
2026-09-27 13:47:04,301 WARNING No JobPosting JSON-LD found, using HTML fallback: https://ar.computrabajo.com/ofertas-de-trabajo/oferta-de-trabajo-de-sereno-en-chacarita-755E874ECEC464A761373E686DCF3405
2026-09-27 13:47:04,303 INFO     ┌─ SCRAPED JOB ─────────────────────────────────────────
    │ URL          : https://ar.computrabajo.com/ofertas-de-trabajo/oferta-de-trabajo-de-sereno-en-chacarita-755E874ECEC464A761373E686DCF3405
    │ Title        : Sereno
    │ Company      : Importante empresa del sector
    │ Location     : Chacarita, Capital Federal
    │ Job type     : full-time
    │ Salary       : $ 800.000,00 (Mensual) ARS
    │ Industry     : (none)
    │ Date posted  : (unknown)
    │ Deadline     : (estimated: )
    │ External ID  : (none)
    │ Description  : Importante en empresa del rubro de la construcción y mantenimiento edilicio se encuentra en la búsqueda de un SERENO para unirse a nuestro equipo.
Debera desempeñarse en el control, cuidado y detecció…
    └───────────────────────────────────────────────────────
2026-09-27 13:47:05,214 DEBUG https://argentina.mimusjobs.com:443 "GET /wp-json/wp/v2/companies?slug=importante-empresa-del-sector HTTP/1.1" 200 None
2026-09-27 13:47:05,215 INFO ⏭ Company exists: Importante empresa del sector
2026-09-27 13:47:05,786 DEBUG https://argentina.mimusjobs.com:443 "GET /wp-json/wp/v2/job-listings?slug=sereno HTTP/1.1" 200 None
2026-09-27 13:47:05,786 INFO ⏭ Job already on WP: Sereno
2026-09-27 13:47:05,786 INFO ✅ SUCCESS — 'Sereno' → WP ID=14290 🔗 https://argentina.mimusjobs.com/job/sereno/
2026-09-27 13:47:06,787 INFO ── https://ar.computrabajo.com/empleos-en-capital-federal | page 10 | job 10/20: https://ar.computrabajo.com/ofertas-de-trabajo/oferta-de-trabajo-de-farmaceuticoa-hospitalario-en-barracas-3CCD760B215BB3B261373E686DCF3405
2026-09-27 13:47:06,843 DEBUG https://ar.computrabajo.com:443 "GET /ofertas-de-trabajo/oferta-de-trabajo-de-farmaceuticoa-hospitalario-en-barracas-3CCD760B215BB3B261373E686DCF3405 HTTP/1.1" 200 None
2026-09-27 13:47:06,846 DEBUG     GET https://ar.computrabajo.com/ofertas-de-trabajo/oferta-de-trabajo-de-farmaceuticoa-hospitalario-en-barracas-3CCD760B215BB3B261373E686DCF3405 → HTTP 200 (167,729 chars)
2026-09-27 13:47:06,879 INFO     ┌─ SCRAPED JOB ─────────────────────────────────────────
    │ URL          : https://ar.computrabajo.com/ofertas-de-trabajo/oferta-de-trabajo-de-farmaceuticoa-hospitalario-en-barracas-3CCD760B215BB3B261373E686DCF3405
    │ Title        : Farmacéutico/a Hospitalario
    │ Company      : Hospital Britanico
    │ Location     : Barracas, Capital Federal
    │ Job type     : full-time
    │ Salary       : 2000 ARS
    │ Industry     : Salud / Medicina
    │ Date posted  : 2026-09-11
    │ Deadline     : 2026-11-10
    │ External ID  : BBC90B76520812D6
    │ Description  : El Hospital Británico, prestigiosa Institución dedicada al cuidado de la salud, incorporará un Farmacéutico/a Clínico para el turno Jueves, viernes y sábado de 21 a 07hs, Miércoles por medio de 21 a 0…
    └───────────────────────────────────────────────────────
2026-09-27 13:47:07,876 DEBUG https://argentina.mimusjobs.com:443 "GET /wp-json/wp/v2/companies?slug=hospital-britanico HTTP/1.1" 200 None
2026-09-27 13:47:07,877 INFO ⏭ Company exists: Hospital Britanico
2026-09-27 13:47:08,602 DEBUG https://argentina.mimusjobs.com:443 "GET /wp-json/wp/v2/job-listings?slug=farmac-utico-a-hospitalario HTTP/1.1" 200 None
2026-09-27 13:47:08,612 DEBUG https://ii.ct-stc.com:443 "GET /5/logos/empresas/2017/12/14/hospital-britanico-BBC90B76520812D6163502thumbnail.png HTTP/1.1" 200 2368
2026-09-27 13:47:09,341 DEBUG https://argentina.mimusjobs.com:443 "POST /wp-json/wp/v2/media HTTP/1.1" 201 None
2026-09-27 13:47:10,266 DEBUG https://argentina.mimusjobs.com:443 "POST /wp-json/wp/v2/job-listings HTTP/1.1" 201 None
2026-09-27 13:47:10,267 INFO ✅ Job posted: 'Farmacéutico/a Hospitalario' → WP ID 33748
2026-09-27 13:47:10,267 INFO ✅ SUCCESS — 'Farmacéutico/a Hospitalario' → WP ID=33748 🔗 https://argentina.mimusjobs.com/job/farmaceutico-a-hospitalario-4/
2026-09-27 13:47:11,267 INFO ── https://ar.computrabajo.com/empleos-en-capital-federal | page 10 | job 11/20: https://ar.computrabajo.com/ofertas-de-trabajo/oferta-de-trabajo-de-personal-de-deposito-la-boca-en-boca-6D510F79675FF7E361373E686DCF3405
2026-09-27 13:47:11,329 DEBUG https://ar.computrabajo.com:443 "GET /ofertas-de-trabajo/oferta-de-trabajo-de-personal-de-deposito-la-boca-en-boca-6D510F79675FF7E361373E686DCF3405 HTTP/1.1" 200 None
2026-09-27 13:47:11,332 DEBUG     GET https://ar.computrabajo.com/ofertas-de-trabajo/oferta-de-trabajo-de-personal-de-deposito-la-boca-en-boca-6D510F79675FF7E361373E686DCF3405 → HTTP 200 (170,588 chars)
2026-09-27 13:47:11,367 INFO     ┌─ SCRAPED JOB ─────────────────────────────────────────
    │ URL          : https://ar.computrabajo.com/ofertas-de-trabajo/oferta-de-trabajo-de-personal-de-deposito-la-boca-en-boca-6D510F79675FF7E361373E686DCF3405
    │ Title        : Personal de depósito, La Boca
    │ Company      : Grupo Gestión
    │ Location     : Boca, Capital Federal
    │ Job type     : full-time
    │ Salary       : (not listed)
    │ Industry     : RRHH / Personal
    │ Date posted  : 2026-08-31
    │ Deadline     : 2026-10-30
    │ External ID  : F39D736DABD6B0BE
    │ Description  : Importante industria del caucho incorpora personal para tareas generales de depósito.
Las principales funciones incluyen:
Carga y descarga de neumáticos
Tareas generales de depósito
La búsqueda se ori…
    └───────────────────────────────────────────────────────
2026-09-27 13:47:12,024 DEBUG https://argentina.mimusjobs.com:443 "GET /wp-json/wp/v2/companies?slug=grupo-gesti-n HTTP/1.1" 200 None
2026-09-27 13:47:12,032 DEBUG https://ii.ct-stc.com:443 "GET /5/logos/empresas/2019/12/30/ef833339f0e34c6ab2ae194708207thumbnail.png HTTP/1.1" 200 5020
2026-09-27 13:47:12,920 DEBUG https://argentina.mimusjobs.com:443 "POST /wp-json/wp/v2/media HTTP/1.1" 201 None
2026-09-27 13:47:14,640 DEBUG https://argentina.mimusjobs.com:443 "POST /wp-json/wp/v2/companies HTTP/1.1" 201 None
2026-09-27 13:47:14,641 INFO ✅ Company posted: Grupo Gestión → ID 33750
2026-09-27 13:47:15,185 DEBUG https://argentina.mimusjobs.com:443 "GET /wp-json/wp/v2/job-listings?slug=personal-de-dep-sito--la-boca HTTP/1.1" 200 None
2026-09-27 13:47:15,191 DEBUG https://ii.ct-stc.com:443 "GET /5/logos/empresas/2019/12/30/ef833339f0e34c6ab2ae194708207thumbnail.png HTTP/1.1" 200 5020
2026-09-27 13:47:16,453 DEBUG https://argentina.mimusjobs.com:443 "POST /wp-json/wp/v2/media HTTP/1.1" 201 None
2026-09-27 13:47:17,384 DEBUG https://argentina.mimusjobs.com:443 "GET /wp-json/wp/v2/job_listing_region?slug=boca--capital-federal HTTP/1.1" 200 None
2026-09-27 13:47:18,588 DEBUG https://argentina.mimusjobs.com:443 "POST /wp-json/wp/v2/job-listings HTTP/1.1" 201 None
2026-09-27 13:47:18,588 INFO ✅ Job posted: 'Personal de depósito, La Boca' → WP ID 33752
2026-09-27 13:47:18,588 INFO ✅ SUCCESS — 'Personal de depósito, La Boca' → WP ID=33752 🔗 https://argentina.mimusjobs.com/job/personal-de-deposito-la-boca-4/
2026-09-27 13:47:19,589 INFO ── https://ar.computrabajo.com/empleos-en-capital-federal | page 10 | job 12/20: https://ar.computrabajo.com/ofertas-de-trabajo/oferta-de-trabajo-de-personal-para-carga-y-descarga-zona-retiro-en-retiro-6AFACBBF8B9EC3CA61373E686DCF3405
2026-09-27 13:47:19,637 DEBUG https://ar.computrabajo.com:443 "GET /ofertas-de-trabajo/oferta-de-trabajo-de-personal-para-carga-y-descarga-zona-retiro-en-retiro-6AFACBBF8B9EC3CA61373E686DCF3405 HTTP/1.1" 200 None
2026-09-27 13:47:19,640 DEBUG     GET https://ar.computrabajo.com/ofertas-de-trabajo/oferta-de-trabajo-de-personal-para-carga-y-descarga-zona-retiro-en-retiro-6AFACBBF8B9EC3CA61373E686DCF3405 → HTTP 200 (170,854 chars)
2026-09-27 13:47:19,676 INFO     ┌─ SCRAPED JOB ─────────────────────────────────────────
    │ URL          : https://ar.computrabajo.com/ofertas-de-trabajo/oferta-de-trabajo-de-personal-para-carga-y-descarga-zona-retiro-en-retiro-6AFACBBF8B9EC3CA61373E686DCF3405
    │ Title        : Personal para carga y descarga - Zona Retiro
    │ Company      : Grupo Gestión
    │ Location     : Retiro, Capital Federal
    │ Job type     : full-time
    │ Salary       : (not listed)
    │ Industry     : RRHH / Personal
    │ Date posted  : 2026-08-31
    │ Deadline     : 2026-10-30
    │ External ID  : F39D736DABD6B0BE
    │ Description  : Importante empresa del rubro logístico se encuentra en la búsqueda de personal para realizar tareas de carga y descarga, tanto de forma manual como con zorra eléctrica.
Requisitos:
Disponibilidad hora…
    └───────────────────────────────────────────────────────
2026-09-27 13:47:20,402 DEBUG https://argentina.mimusjobs.com:443 "GET /wp-json/wp/v2/companies?slug=grupo-gesti-n HTTP/1.1" 200 None
2026-09-27 13:47:20,407 DEBUG https://ii.ct-stc.com:443 "GET /5/logos/empresas/2019/12/30/ef833339f0e34c6ab2ae194708207thumbnail.png HTTP/1.1" 200 5020
2026-09-27 13:47:21,304 DEBUG https://argentina.mimusjobs.com:443 "POST /wp-json/wp/v2/media HTTP/1.1" 201 None
2026-09-27 13:47:22,918 DEBUG https://argentina.mimusjobs.com:443 "POST /wp-json/wp/v2/companies HTTP/1.1" 201 None
2026-09-27 13:47:22,918 INFO ✅ Company posted: Grupo Gestión → ID 33754
2026-09-27 13:47:23,702 DEBUG https://argentina.mimusjobs.com:443 "GET /wp-json/wp/v2/job-listings?slug=personal-para-carga-y-descarga---zona-retiro HTTP/1.1" 200 None
2026-09-27 13:47:23,702 INFO ⏭ Job already on WP: Personal para carga y descarga - Zona Retiro
2026-09-27 13:47:23,703 INFO ✅ SUCCESS — 'Personal para carga y descarga - Zona Retiro' → WP ID=22689 🔗 https://argentina.mimusjobs.com/job/personal-para-carga-y-descarga-zona-retiro/
2026-09-27 13:47:24,703 INFO ── https://ar.computrabajo.com/empleos-en-capital-federal | page 10 | job 13/20: https://ar.computrabajo.com/ofertas-de-trabajo/oferta-de-trabajo-de-ref-21194-lider-de-desarrollo-net-hibrido-caba-centro-en-recoleta-D5CAE48931BA799A61373E686DCF3405
2026-09-27 13:47:24,738 DEBUG https://ar.computrabajo.com:443 "GET /ofertas-de-trabajo/oferta-de-trabajo-de-ref-21194-lider-de-desarrollo-net-hibrido-caba-centro-en-recoleta-D5CAE48931BA799A61373E686DCF3405 HTTP/1.1" 200 None
2026-09-27 13:47:24,741 DEBUG     GET https://ar.computrabajo.com/ofertas-de-trabajo/oferta-de-trabajo-de-ref-21194-lider-de-desarrollo-net-hibrido-caba-centro-en-recoleta-D5CAE48931BA799A61373E686DCF3405 → HTTP 200 (174,154 chars)
2026-09-27 13:47:24,778 INFO     ┌─ SCRAPED JOB ─────────────────────────────────────────
    │ URL          : https://ar.computrabajo.com/ofertas-de-trabajo/oferta-de-trabajo-de-ref-21194-lider-de-desarrollo-net-hibrido-caba-centro-en-recoleta-D5CAE48931BA799A61373E686DCF3405
    │ Title        : Ref. 21194: Líder de Desarrollo .Net / Híbrido CABA Centro
    │ Company      : ADN - Recursos Humanos
    │ Location     : Recoleta, Capital Federal
    │ Job type     : full-time
    │ Salary       : 2222 ARS
    │ Industry     : RRHH / Personal
    │ Date posted  : 2026-07-29
    │ Deadline     : 2026-09-27
    │ External ID  : 83C9514433EC04CD
    │ Description  : En ADN – Recursos Humanos estamos en la búsqueda de Líder de Desarrollo .Net / Híbrido CABA Centro para Importante Empresa. Requerimientos: -Experiencia en gestión de proyectos de desarrollo de softwa…
    └───────────────────────────────────────────────────────
2026-09-27 13:47:26,531 DEBUG https://argentina.mimusjobs.com:443 "GET /wp-json/wp/v2/companies?slug=adn---recursos-humanos HTTP/1.1" 200 None
2026-09-27 13:47:26,531 INFO ⏭ Company exists: ADN - Recursos Humanos
2026-09-27 13:47:27,593 DEBUG https://argentina.mimusjobs.com:443 "GET /wp-json/wp/v2/job-listings?slug=ref--21194--l-der-de-desarrollo--net---h-brido-caba-centro HTTP/1.1" 200 None
2026-09-27 13:47:27,600 DEBUG https://ii.ct-stc.com:443 "GET /5/logos/empresas/2018/03/19//adn202047thumbnail.jpeg HTTP/1.1" 200 5285
2026-09-27 13:47:28,931 DEBUG https://argentina.mimusjobs.com:443 "POST /wp-json/wp/v2/media HTTP/1.1" 201 None
2026-09-27 13:47:29,994 DEBUG https://argentina.mimusjobs.com:443 "POST /wp-json/wp/v2/job-listings HTTP/1.1" 201 None
2026-09-27 13:47:29,995 INFO ✅ Job posted: 'Ref. 21194: Líder de Desarrollo .Net / Híbrido CABA Centro' → WP ID 33756
2026-09-27 13:47:29,995 INFO ✅ SUCCESS — 'Ref. 21194: Líder de Desarrollo .Net / Híbrido CABA Centro' → WP ID=33756 🔗 https://argentina.mimusjobs.com/job/ref-21194-lider-de-desarrollo-net-hibrido-caba-centro-7/
2026-09-27 13:47:30,996 INFO ── https://ar.computrabajo.com/empleos-en-capital-federal | page 10 | job 14/20: https://ar.computrabajo.com/ofertas-de-trabajo/oferta-de-trabajo-de-operarios-de-inventarios-en-almagro-111B97F1490EE92861373E686DCF3405
2026-09-27 13:47:31,045 DEBUG https://ar.computrabajo.com:443 "GET /ofertas-de-trabajo/oferta-de-trabajo-de-operarios-de-inventarios-en-almagro-111B97F1490EE92861373E686DCF3405 HTTP/1.1" 200 None
2026-09-27 13:47:31,048 DEBUG     GET https://ar.computrabajo.com/ofertas-de-trabajo/oferta-de-trabajo-de-operarios-de-inventarios-en-almagro-111B97F1490EE92861373E686DCF3405 → HTTP 200 (178,695 chars)
2026-09-27 13:47:31,084 INFO     ┌─ SCRAPED JOB ─────────────────────────────────────────
    │ URL          : https://ar.computrabajo.com/ofertas-de-trabajo/oferta-de-trabajo-de-operarios-de-inventarios-en-almagro-111B97F1490EE92861373E686DCF3405
    │ Title        : Operarios de inventarios
    │ Company      : Consultores de Empresas
    │ Location     : Almagro, Capital Federal
    │ Job type     : full-time
    │ Salary       : (not listed)
    │ Industry     : RRHH / Personal
    │ Date posted  : 2026-07-30
    │ Deadline     : 2026-09-28
    │ External ID  : F9F4B86ED50828BE
    │ Description  : Operario/a de Inventarios · ¡Sumate a nuestro equipo!
Nos encontramos en la búsqueda de Operarios/as de Inventarios para incorporarse a una importante empresa dedicada al servicio de control de invent…
    └───────────────────────────────────────────────────────
2026-09-27 13:47:32,373 DEBUG https://argentina.mimusjobs.com:443 "GET /wp-json/wp/v2/companies?slug=consultores-de-empresas HTTP/1.1" 200 None
2026-09-27 13:47:32,373 INFO ⏭ Company exists: Consultores de Empresas
